subject	candidate	run	start_s	inferred_task	retained	max_good_eeg_ptp_uv	peak_channel
001	0	01	0.0	outside_inferred_tasks	True	108.34986854446116	TP8
001	1	01	4.0	outside_inferred_tasks	False		
001	2	01	8.0	outside_inferred_tasks	True	228.5363991841854	Fp2
001	3	01	12.0	outside_inferred_tasks	False		
001	4	01	16.0	outside_inferred_tasks	True	198.80190608584311	Fp2
001	5	01	20.0	outside_inferred_tasks	True	201.1731256083595	AF7
001	6	01	24.0	outside_inferred_tasks	True	197.0693887679057	F7
001	7	01	28.0	outside_inferred_tasks	True	131.26614728288888	FT10
001	8	01	32.0	outside_inferred_tasks	False		
001	9	01	36.0	outside_inferred_tasks	True	208.61118273508103	F7
001	10	01	40.0	outside_inferred_tasks	True	207.5570177017678	F7
001	11	01	44.0	outside_inferred_tasks	True	190.60543768230207	F7
001	12	01	48.0	outside_inferred_tasks	True	176.63254500178613	AF7
001	13	01	52.0	outside_inferred_tasks	True	140.70944553435447	Fp2
001	14	01	56.0	outside_inferred_tasks	True	155.1556506353315	AF7
001	15	01	60.0	outside_inferred_tasks	True	97.25062924373007	F7
001	16	01	64.0	outside_inferred_tasks	True	121.64254350292009	F7
001	17	01	68.0	outside_inferred_tasks	True	192.04370833741396	Fp2
001	18	01	72.0	outside_inferred_tasks	False		
001	19	01	76.0	outside_inferred_tasks	True	160.92172585667197	Fp2
001	20	01	80.0	outside_inferred_tasks	True	193.8897929988097	Fp2
001	21	01	84.0	outside_inferred_tasks	True	163.00548888895966	Fp2
001	22	01	88.0	outside_inferred_tasks	True	155.54317067548666	Fp2
001	23	01	92.0	outside_inferred_tasks	True	118.71118520247684	Fp2
001	24	01	96.0	outside_inferred_tasks	True	157.34971174688613	Fp2
001	25	01	100.0	outside_inferred_tasks	True	147.18876602775197	Fp1
001	26	01	104.0	outside_inferred_tasks	True	69.77922042301701	O1
001	27	01	108.0	outside_inferred_tasks	True	250.07337877620122	AF7
001	28	01	112.0	outside_inferred_tasks	True	233.54069478467895	AF7
001	29	01	116.0	outside_inferred_tasks	True	251.80889807603438	Fp1
001	30	01	120.0	outside_inferred_tasks	True	211.97048897459612	AF7
001	31	01	124.0	task_boundary	True	160.80738401754553	Fp2
001	32	01	128.0	oddball	True	45.94184482193391	FT10
001	33	01	132.0	oddball	True	52.31615815450031	FT10
001	34	01	136.0	oddball	True	52.31365378333895	FT10
001	35	01	140.0	oddball	True	59.603492583644964	AF7
001	36	01	144.0	oddball	True	45.94285955238169	AF7
001	37	01	148.0	oddball	True	65.67294293147145	AF7
001	38	01	152.0	oddball	True	54.87046895234532	POz
001	39	01	156.0	oddball	True	100.30224586518364	AF7
001	40	01	160.0	oddball	True	65.29150375887092	AF7
001	41	01	164.0	oddball	True	82.11270883166782	AF7
001	42	01	168.0	oddball	True	113.03108175313203	AF7
001	43	01	172.0	oddball	True	66.7697904702714	F7
001	44	01	176.0	oddball	True	148.23004500738318	AF7
001	45	01	180.0	oddball	True	91.29235817380919	AF7
001	46	01	184.0	oddball	True	103.69121149176024	AF7
001	47	01	188.0	oddball	True	133.53338217536748	AF7
001	48	01	192.0	oddball	True	123.9858967589917	AF7
001	49	01	196.0	oddball	True	129.59547404873388	AF7
001	50	01	200.0	oddball	True	92.36333064524449	AF7
001	51	01	204.0	oddball	True	168.11012227821212	AF7
001	52	01	208.0	oddball	True	89.44939778415402	AF7
001	53	01	212.0	oddball	True	139.79920548203356	AF7
001	54	01	216.0	oddball	True	168.7519908136697	AF7
001	55	01	220.0	oddball	True	128.3677212853991	AF7
001	56	01	224.0	oddball	True	141.34489791342887	AF7
001	57	01	228.0	oddball	False		
001	58	01	232.0	oddball	True	195.13951808608584	AF7
001	59	01	236.0	oddball	True	132.7287326902613	AF7
001	60	01	240.0	oddball	True	178.3168253915758	AF7
001	61	01	244.0	oddball	True	165.68019066815023	AF7
001	62	01	248.0	oddball	True	234.2282175678567	AF7
001	63	01	252.0	oddball	True	158.68860967623692	F7
001	64	01	256.0	oddball	True	225.31021072882066	AF7
001	65	01	260.0	oddball	True	141.48504613210147	AF7
001	66	01	264.0	oddball	True	180.7989268044863	AF7
001	67	01	268.0	oddball	True	196.83595242769312	AF7
001	68	01	272.0	oddball	True	213.40699724201855	AF7
001	69	01	276.0	oddball	True	186.65770641287227	F7
001	70	01	280.0	oddball	True	209.60031061482564	AF7
001	71	01	284.0	oddball	False		
001	72	01	288.0	oddball	True	202.51753176452937	AF7
001	73	01	292.0	oddball	True	108.274650194223	AF7
001	74	01	296.0	oddball	True	109.68495913029614	AF7
001	75	01	300.0	oddball	True	152.62046014253542	AF7
001	76	01	304.0	oddball	True	156.51164954592508	AF7
001	77	01	308.0	oddball	True	160.27862495268184	F7
001	78	01	312.0	oddball	True	132.38071793032398	AF7
001	79	01	316.0	oddball	True	158.42754333382746	AF7
001	80	01	320.0	oddball	True	114.04241534464681	AF7
001	81	01	324.0	oddball	True	130.01178712367766	AF7
001	82	01	328.0	oddball	True	155.36581364597072	F7
001	83	01	332.0	oddball	True	175.8248438747865	AF7
001	84	01	336.0	oddball	True	236.03935167631346	AF7
001	85	01	340.0	oddball	True	257.63333040115384	AF7
001	86	01	344.0	oddball	True	203.63122504836704	AF7
001	87	01	348.0	oddball	True	212.7951654667655	AF7
001	88	01	352.0	oddball	True	197.0819849914384	AF7
001	89	01	356.0	oddball	True	235.67235521635567	AF7
001	90	01	360.0	oddball	False		
001	91	01	364.0	oddball	True	259.21202025817246	AF7
001	92	01	368.0	oddball	True	231.4754478928	AF7
001	93	01	372.0	oddball	True	197.151526915331	AF7
001	94	01	376.0	oddball	True	175.5640560167409	AF7
001	95	01	380.0	oddball	True	211.73097168133032	F7
001	96	01	384.0	oddball	True	246.31922854597445	F5
001	97	01	388.0	oddball	True	260.00825424680414	AF7
001	98	01	392.0	oddball	True	262.1660913361867	AF7
001	99	01	396.0	oddball	False		
001	100	01	400.0	oddball	True	229.9390634084521	AF7
001	101	01	404.0	oddball	True	267.2823175029475	AF7
001	102	01	408.0	oddball	True	234.50846811670985	AF7
001	103	01	412.0	oddball	True	269.6353064993362	AF7
001	104	01	416.0	oddball	False		
001	105	01	420.0	oddball	False		
001	106	01	424.0	oddball	False		
001	107	01	428.0	oddball	False		
001	108	01	432.0	oddball	True	170.19841728907207	AF7
001	109	01	436.0	oddball	True	235.29611139820466	AF7
001	110	01	440.0	oddball	True	198.30931049118377	AF7
001	111	01	444.0	oddball	False		
001	112	01	448.0	oddball	True	222.41432098415248	AF7
001	113	01	452.0	oddball	True	164.08551728605798	AF7
001	114	01	456.0	oddball	True	170.9847027754188	AF7
001	115	01	460.0	oddball	True	145.06610066252568	AF7
001	116	01	464.0	oddball	True	162.7921214803492	AF7
001	117	01	468.0	oddball	True	244.24802329100217	AF7
001	118	01	472.0	oddball	True	291.32602624253525	AF7
001	119	01	476.0	oddball	False		
001	120	01	480.0	oddball	False		
001	121	01	484.0	oddball	True	241.2900384535455	AF7
001	122	01	488.0	oddball	True	200.1316903507854	AF7
001	123	01	492.0	oddball	False		
001	124	01	496.0	oddball	True	201.26863044467936	AF7
001	125	01	500.0	oddball	True	251.89125003741196	AF7
001	126	01	504.0	oddball	False		
001	127	01	508.0	oddball	True	292.95912834247997	F5
001	128	01	512.0	oddball	True	266.0908425239832	AF7
001	129	01	516.0	oddball	False		
001	130	01	520.0	oddball	False		
001	131	01	524.0	oddball	False		
001	132	01	528.0	oddball	False		
001	133	01	532.0	task_boundary	False		
001	134	01	536.0	outside_inferred_tasks	False		
001	135	01	540.0	outside_inferred_tasks	False		
001	136	01	544.0	outside_inferred_tasks	True	180.24845822327717	Fp2
001	137	01	548.0	outside_inferred_tasks	True	245.13498634647627	AF7
001	138	01	552.0	outside_inferred_tasks	False		
001	139	01	556.0	outside_inferred_tasks	False		
001	140	01	560.0	outside_inferred_tasks	True	148.0919185352627	AF7
001	141	01	564.0	outside_inferred_tasks	True	242.71447664851937	Fp1
001	142	01	568.0	outside_inferred_tasks	True	156.24953806280374	Fp1
001	143	01	572.0	outside_inferred_tasks	True	158.14213537425542	F7
001	144	01	576.0	outside_inferred_tasks	True	132.8440587769759	AF7
001	145	01	580.0	outside_inferred_tasks	True	165.92464386857296	AF7
001	146	01	584.0	outside_inferred_tasks	True	186.44815027810867	AF7
001	147	01	588.0	outside_inferred_tasks	False		
001	148	01	592.0	outside_inferred_tasks	False		
001	149	01	596.0	outside_inferred_tasks	True	145.00078578228633	F7
001	150	01	600.0	outside_inferred_tasks	False		
001	151	01	604.0	outside_inferred_tasks	True	130.35430499367286	F7
001	152	01	608.0	outside_inferred_tasks	False		
001	153	01	612.0	outside_inferred_tasks	False		
001	154	01	616.0	outside_inferred_tasks	True	169.73217356149817	Fp2
001	155	01	620.0	outside_inferred_tasks	False		
001	156	01	624.0	outside_inferred_tasks	False		
001	157	01	628.0	outside_inferred_tasks	True	201.91751445047353	FC4
001	158	01	632.0	task_boundary	False		
001	159	01	636.0	gambling	True	208.86695835562668	Fp2
001	160	01	640.0	gambling	True	280.96725415110507	Fp1
001	161	01	644.0	gambling	False		
001	162	01	648.0	gambling	True	208.29022934207828	Fp2
001	163	01	652.0	gambling	True	274.0443719507309	Fp2
001	164	01	656.0	gambling	True	215.46173055032887	Fp2
001	165	01	660.0	gambling	True	74.00569127527369	F7
001	166	01	664.0	gambling	True	128.82934166619054	F7
001	167	01	668.0	gambling	True	142.97849239928138	AF7
001	168	01	672.0	gambling	True	59.65817822999175	AF7
001	169	01	676.0	gambling	True	166.40280865454088	Fp1
001	170	01	680.0	gambling	True	223.68994808772644	F7
001	171	01	684.0	gambling	True	208.9745058632665	Fp2
001	172	01	688.0	gambling	True	206.23533595889936	F7
001	173	01	692.0	gambling	True	62.445426681637386	Fp2
001	174	01	696.0	gambling	True	55.69748104738442	TP9
001	175	01	700.0	gambling	True	120.57788055109768	Fp2
001	176	01	704.0	gambling	True	181.64974178851833	F7
001	177	01	708.0	gambling	True	173.8368257204329	AF7
001	178	01	712.0	gambling	True	161.78593030977925	AF7
001	179	01	716.0	gambling	True	155.7189097833377	F7
001	180	01	720.0	gambling	True	196.4365535485304	Fp2
001	181	01	724.0	gambling	True	142.20903734745693	F7
001	182	01	728.0	gambling	False		
001	183	01	732.0	gambling	True	147.75011782566452	F7
001	184	01	736.0	gambling	True	120.53408787356194	Fp1
001	185	01	740.0	gambling	True	153.39030425486072	F7
001	186	01	744.0	gambling	False		
001	187	01	748.0	gambling	True	191.33935114409633	Fp2
001	188	01	752.0	gambling	True	211.58694789183772	AF7
001	189	01	756.0	gambling	True	198.5147050131201	Fp2
001	190	01	760.0	gambling	True	229.44772281034915	F7
001	191	01	764.0	gambling	True	211.17861878807773	AF7
001	192	01	768.0	gambling	True	197.82835726350913	AF7
001	193	01	772.0	gambling	True	53.6941660391128	F7
001	194	01	776.0	gambling	True	257.6261437132693	F7
001	195	01	780.0	gambling	True	153.39499616710708	Fp2
001	196	01	784.0	task_boundary	True	153.56410372803106	Fp2
001	197	01	788.0	outside_inferred_tasks	True	311.03637602492904	AF7
001	198	01	792.0	outside_inferred_tasks	True	199.81610825360076	Fp2
001	199	01	796.0	outside_inferred_tasks	True	53.684133393146546	F7
001	200	01	800.0	outside_inferred_tasks	True	179.14781515188554	Fp2
001	201	01	804.0	outside_inferred_tasks	True	244.511023723412	F7
001	202	01	808.0	outside_inferred_tasks	True	136.3399655327604	F7
001	203	01	812.0	outside_inferred_tasks	True	192.19398058037015	Fp2
001	204	01	816.0	outside_inferred_tasks	False		
001	205	01	820.0	outside_inferred_tasks	True	157.883224238188	F7
001	206	02	0.0	outside_inferred_tasks	True	214.95849173877747	Fp2
001	207	02	4.0	outside_inferred_tasks	True	158.69398853276266	Fp2
001	208	02	8.0	outside_inferred_tasks	True	185.41019017852776	Fp2
001	209	02	12.0	outside_inferred_tasks	True	230.23519813829165	AF7
001	210	02	16.0	outside_inferred_tasks	False		
001	211	02	20.0	outside_inferred_tasks	True	138.77922414698915	Fp1
001	212	02	24.0	outside_inferred_tasks	True	260.69689870847543	Fp1
001	213	02	28.0	outside_inferred_tasks	True	236.1821280856971	Fp1
001	214	02	32.0	outside_inferred_tasks	True	111.02373853314113	F7
001	215	02	36.0	outside_inferred_tasks	True	164.77552014466457	F7
001	216	02	40.0	outside_inferred_tasks	True	103.89343235463751	Fp2
001	217	02	44.0	outside_inferred_tasks	True	160.2973513940331	Fp2
001	218	02	48.0	outside_inferred_tasks	True	148.103065001009	Fp2
001	219	02	52.0	outside_inferred_tasks	True	211.02431408767058	AF7
001	220	02	56.0	outside_inferred_tasks	True	183.86202966035952	Fp2
001	221	02	60.0	outside_inferred_tasks	True	203.46532375346425	Fp1
001	222	02	64.0	outside_inferred_tasks	True	172.07513013398756	AF7
001	223	02	68.0	outside_inferred_tasks	False		
001	224	02	72.0	outside_inferred_tasks	True	94.28277566773606	F7
001	225	02	76.0	outside_inferred_tasks	True	249.53604830750987	Fp1
001	226	02	80.0	outside_inferred_tasks	True	168.49440365908444	AF7
001	227	02	84.0	outside_inferred_tasks	False		
001	228	02	88.0	task_boundary	True	151.15662713217043	Fp1
001	229	02	92.0	gameplay	True	73.64926888398014	Fp2
001	230	02	96.0	gameplay	True	62.92078005276632	AF4
001	231	02	100.0	gameplay	True	85.57300556147308	AF8
001	232	02	104.0	gameplay	True	92.83597154084738	F7
001	233	02	108.0	gameplay	True	112.03670853066153	Fp2
001	234	02	112.0	gameplay	True	105.95890784297004	Fp1
001	235	02	116.0	gameplay	True	97.3645398532987	F7
001	236	02	120.0	gameplay	True	97.56480384120295	AF7
001	237	02	124.0	gameplay	True	116.3160016560706	Fp2
001	238	02	128.0	gameplay	True	131.3700253350585	FT8
001	239	02	132.0	gameplay	True	139.32101392942735	Fp1
001	240	02	136.0	gameplay	True	82.95905273928773	Fp2
001	241	02	140.0	gameplay	True	101.2484776711553	AF8
001	242	02	144.0	gameplay	True	105.42025340395735	TP8
001	243	02	148.0	gameplay	True	105.36304460784096	Fp2
001	244	02	152.0	gameplay	True	130.1712757817109	AF7
001	245	02	156.0	gameplay	True	95.77318158651501	Fp2
001	246	02	160.0	gameplay	True	94.01300790718672	Fp2
001	247	02	164.0	gameplay	True	107.2020488587849	F7
001	248	02	168.0	gameplay	True	101.59028211589138	AF7
001	249	02	172.0	gameplay	True	102.74162644908054	Fp2
001	250	02	176.0	gameplay	True	78.70711488228513	AF8
001	251	02	180.0	gameplay	True	140.88946875339747	Fp2
001	252	02	184.0	gameplay	True	105.25341001694291	Fp2
001	253	02	188.0	gameplay	True	163.21438548093587	Fp2
001	254	02	192.0	gameplay	True	113.68923145006684	Fp2
001	255	02	196.0	gameplay	True	86.97761128614975	F8
001	256	02	200.0	gameplay	True	95.06626490038133	Fp2
001	257	02	204.0	gameplay	True	96.5096223469224	FC3
001	258	02	208.0	gameplay	True	92.05751034459722	Fp2
001	259	02	212.0	gameplay	True	77.40250364801197	Fp2
001	260	02	216.0	gameplay	True	113.60042543193565	Fp1
001	261	02	220.0	gameplay	True	124.76672334870838	Fp2
001	262	02	224.0	gameplay	True	87.31806923306986	Fp2
001	263	02	228.0	gameplay	True	122.18782014708393	Fp2
001	264	02	232.0	gameplay	True	191.11004574909356	Fp2
001	265	02	236.0	gameplay	True	157.9239422883619	F7
001	266	02	240.0	gameplay	True	118.36659984202123	Fp1
001	267	02	244.0	gameplay	True	75.06442437511498	AF8
001	268	02	248.0	gameplay	True	72.24338904556488	AF8
001	269	02	252.0	gameplay	True	90.29860665337065	AF8
001	270	02	256.0	gameplay	True	151.29464287428135	AF7
001	271	02	260.0	gameplay	True	131.002662362263	AF8
001	272	02	264.0	gameplay	True	65.20657716546408	AF8
001	273	02	268.0	gameplay	True	132.17236293875274	Fp2
001	274	02	272.0	gameplay	True	127.32075079288218	AF7
001	275	02	276.0	gameplay	True	178.61169365902614	Fp1
001	276	02	280.0	gameplay	True	105.79591341311858	Fp2
001	277	02	284.0	gameplay	True	109.6862332841274	AF8
001	278	02	288.0	gameplay	True	143.79781128289878	Fp2
001	279	02	292.0	gameplay	True	117.00815177080896	F8
001	280	02	296.0	gameplay	True	79.9352682368025	Fp2
001	281	02	300.0	gameplay	True	203.0640176862581	CP5
001	282	02	304.0	gameplay	True	105.82724739103722	F8
001	283	02	308.0	gameplay	True	75.19227585290642	AF7
001	284	02	312.0	gameplay	True	73.86278891003886	F8
001	285	02	316.0	gameplay	True	130.671805915517	Fp1
001	286	02	320.0	gameplay	True	95.63532419180669	AF7
001	287	02	324.0	gameplay	True	79.51609409752633	Fp2
001	288	02	328.0	gameplay	True	105.76206554176903	Fp2
001	289	02	332.0	gameplay	True	151.7580180527276	Fp2
001	290	02	336.0	gameplay	True	107.81906099217876	Fp2
001	291	02	340.0	gameplay	True	125.40883610287648	Fp1
001	292	02	344.0	gameplay	True	108.48769361273393	Fp2
001	293	02	348.0	gameplay	True	183.44158884981823	Fp2
001	294	02	352.0	gameplay	True	113.73811324220834	Fp2
001	295	02	356.0	gameplay	True	150.10490371980904	Fp1
001	296	02	360.0	gameplay	True	84.61117523652254	Fp1
001	297	02	364.0	gameplay	True	61.981670216554406	PO7
001	298	02	368.0	gameplay	True	85.84865172105748	AF7
001	299	02	372.0	gameplay	True	129.70575672239866	Fp2
001	300	02	376.0	gameplay	True	66.99241433304311	TP8
001	301	02	380.0	gameplay	True	104.33539169871582	Fp2
001	302	02	384.0	gameplay	True	73.93099581765865	Fp2
001	303	02	388.0	gameplay	True	77.46865064093853	Fp2
001	304	02	392.0	gameplay	True	155.33573855231535	Fp2
001	305	02	396.0	gameplay	True	141.27842295025067	Fp1
001	306	02	400.0	gameplay	True	116.76872237323315	Fp2
001	307	02	404.0	gameplay	True	164.76509434450813	Fp1
001	308	02	408.0	gameplay	True	119.67016213183402	AF7
001	309	02	412.0	gameplay	True	111.80315172781327	Fp2
001	310	02	416.0	gameplay	True	138.12049826557336	Fp2
001	311	02	420.0	gameplay	True	66.9161336977442	F8
001	312	02	424.0	gameplay	True	168.40267526797655	Fp2
001	313	02	428.0	gameplay	True	185.3291601886857	Fp2
001	314	02	432.0	gameplay	True	84.79215607087022	AF8
001	315	02	436.0	gameplay	True	82.34473782849365	Fp2
001	316	02	440.0	gameplay	True	132.96601443534354	Fp2
001	317	02	444.0	gameplay	True	104.61170947351198	Fp2
001	318	02	448.0	gameplay	True	134.51702478032286	AF7
001	319	02	452.0	gameplay	True	109.65095104086794	Fp2
001	320	02	456.0	gameplay	True	71.79330794558635	F8
001	321	02	460.0	gameplay	True	97.84360861026907	Fp2
001	322	02	464.0	gameplay	True	65.9341429214353	TP8
001	323	02	468.0	gameplay	True	170.25308181992392	Fp2
001	324	02	472.0	gameplay	True	134.72892343760176	Fp2
001	325	02	476.0	gameplay	True	87.70557001001609	Fp2
001	326	02	480.0	gameplay	True	86.00690062804058	Fp2
001	327	02	484.0	gameplay	True	96.38146568428157	Fp2
001	328	02	488.0	gameplay	True	107.43819037092403	AF7
001	329	02	492.0	gameplay	True	113.53456475318681	AF8
001	330	02	496.0	gameplay	True	111.47891968639912	Fp2
001	331	02	500.0	gameplay	True	142.06310239123434	Fp2
001	332	02	504.0	gameplay	True	74.4845559268716	F8
001	333	02	508.0	gameplay	True	85.75149521456875	TP8
001	334	02	512.0	gameplay	True	143.3540418332159	Fp2
001	335	02	516.0	gameplay	True	93.27418881776129	Fp2
001	336	02	520.0	gameplay	True	63.44572620881875	F7
001	337	02	524.0	gameplay	True	207.32640788525543	Fp2
001	338	02	528.0	gameplay	True	72.80071631258919	AF8
001	339	02	532.0	gameplay	True	89.60015468986545	F7
001	340	02	536.0	gameplay	True	63.1859797202526	AF7
001	341	02	540.0	gameplay	True	79.78364931004829	Fp1
001	342	02	544.0	gameplay	True	119.44973338686866	Fp2
001	343	02	548.0	gameplay	True	116.71500375273237	Fp2
001	344	02	552.0	gameplay	True	121.4479633869648	Fp2
001	345	02	556.0	gameplay	True	139.9410358680251	Fp2
001	346	02	560.0	gameplay	True	72.35050946284147	Fp1
001	347	02	564.0	gameplay	True	153.40536460487735	Fp2
001	348	02	568.0	gameplay	True	217.96754402391431	Fp2
001	349	02	572.0	gameplay	True	117.64706401259801	Fp2
001	350	02	576.0	gameplay	True	169.4707027914202	Fp2
001	351	02	580.0	gameplay	True	197.274215272144	Fp2
001	352	02	584.0	gameplay	True	56.76566868795757	F7
001	353	02	588.0	gameplay	True	98.8617207699183	Fp2
001	354	02	592.0	gameplay	True	117.5955426958245	Fp2
001	355	02	596.0	gameplay	True	104.51023468462898	AF8
001	356	02	600.0	gameplay	True	136.89475590970946	AF7
001	357	02	604.0	gameplay	True	157.20531416555224	Fp2
001	358	02	608.0	gameplay	True	94.17338919546167	AF8
001	359	02	612.0	gameplay	True	75.5016285966793	Fp1
001	360	02	616.0	gameplay	True	148.76423618403976	Fp2
001	361	02	620.0	gameplay	True	87.88148858256646	AF8
001	362	02	624.0	gameplay	True	60.41105441999474	FT10
001	363	02	628.0	gameplay	True	125.61859853508909	AF7
001	364	02	632.0	gameplay	True	80.76098995956214	Fp1
001	365	02	636.0	gameplay	True	90.01696945840074	Fp2
001	366	02	640.0	gameplay	True	106.34364287357121	Fp1
001	367	02	644.0	gameplay	True	100.88315945945001	Fp2
001	368	02	648.0	gameplay	True	75.47946534144238	Fp2
001	369	02	652.0	gameplay	True	110.46204734198507	Fp2
001	370	02	656.0	gameplay	True	89.45539077003428	Fp1
001	371	02	660.0	gameplay	True	71.02932148065055	Fp2
001	372	02	664.0	gameplay	True	70.05636578344811	AF3
001	373	02	668.0	gameplay	True	63.743978378146714	Fp2
001	374	02	672.0	gameplay	True	80.00610709192837	Fp2
001	375	02	676.0	gameplay	True	146.52350944759752	Fp2
001	376	02	680.0	gameplay	True	79.59510777899202	AF8
001	377	02	684.0	gameplay	True	84.78299885419783	Fp1
001	378	02	688.0	gameplay	True	207.9605403897665	AF7
001	379	02	692.0	gameplay	False		
001	380	02	696.0	gameplay	False		
001	381	02	700.0	gameplay	False		
001	382	02	704.0	gameplay	True	158.51700176039822	C3
001	383	02	708.0	gameplay	True	109.21634664806676	Fp1
001	384	02	712.0	gameplay	True	148.1941411769651	F7
001	385	02	716.0	gameplay	True	99.3868062126814	Fp2
001	386	02	720.0	gameplay	True	198.42635688458657	Fp2
001	387	02	724.0	gameplay	True	149.05694162538538	Fp2
001	388	02	728.0	gameplay	True	115.05536990242685	AF8
001	389	02	732.0	gameplay	True	217.43868973037095	Fp2
001	390	02	736.0	gameplay	True	119.03977169580037	Fp2
001	391	02	740.0	gameplay	True	85.80562191106267	Fp2
001	392	02	744.0	gameplay	True	115.453674207056	Fp2
001	393	02	748.0	gameplay	True	112.29214456301187	Fp2
001	394	02	752.0	gameplay	True	113.46668218406519	Fp1
001	395	02	756.0	gameplay	True	99.94390482496044	Fp1
001	396	02	760.0	gameplay	True	152.31835151640152	Fp2
001	397	02	764.0	gameplay	True	103.76020407746111	Fp2
001	398	02	768.0	gameplay	True	94.35274481940024	AF8
001	399	02	772.0	gameplay	True	67.22121611450991	Fp2
001	400	02	776.0	gameplay	True	114.49075668254754	Fp2
001	401	02	780.0	gameplay	False		
001	402	02	784.0	gameplay	True	69.58039840197351	AF7
001	403	02	788.0	gameplay	True	172.60414844361938	Fp2
001	404	02	792.0	gameplay	True	158.31134374605372	Fp2
001	405	02	796.0	gameplay	True	123.58807730519914	Fp2
001	406	02	800.0	gameplay	True	94.92209975603113	Fp2
001	407	02	804.0	gameplay	True	85.85599490698237	Fp2
001	408	02	808.0	gameplay	True	78.99068052067518	AF8
001	409	02	812.0	gameplay	True	167.83848536535214	Fp2
001	410	02	816.0	gameplay	True	61.481609210447665	F8
001	411	02	820.0	gameplay	True	160.82582029792937	Fp2
001	412	02	824.0	gameplay	True	116.28699074804581	Fp2
001	413	02	828.0	gameplay	True	72.42591271230567	F7
001	414	02	832.0	gameplay	True	85.54393928995508	Fp2
001	415	02	836.0	gameplay	True	65.383262513965	F8
001	416	02	840.0	gameplay	True	150.09494737907053	Fp2
001	417	02	844.0	gameplay	True	218.8733362513599	AF7
001	418	02	848.0	gameplay	True	92.60028046514522	Fp2
001	419	02	852.0	gameplay	True	66.20923218050399	F8
001	420	02	856.0	gameplay	True	148.14123112131676	Fp2
001	421	02	860.0	gameplay	True	63.59773034814656	AF8
001	422	02	864.0	gameplay	True	116.11674480552587	Fp2
001	423	02	868.0	gameplay	True	226.68450504080047	Fp2
001	424	02	872.0	gameplay	True	104.37107819740847	Fp2
001	425	02	876.0	gameplay	False		
001	426	02	880.0	gameplay	True	214.8331712689806	Fp2
001	427	02	884.0	gameplay	True	85.9469297366308	Fp2
001	428	02	888.0	gameplay	True	129.38293798750766	Fp2
001	429	02	892.0	gameplay	True	168.88887355866433	Fp2
001	430	02	896.0	gameplay	True	64.7196501229858	Fp2
001	431	02	900.0	gameplay	True	166.11121315482598	F7
001	432	02	904.0	gameplay	True	124.19096715990895	F7
001	433	02	908.0	gameplay	True	101.24746675485515	Fp2
001	434	02	912.0	gameplay	True	84.4635808868562	AF8
001	435	02	916.0	gameplay	True	179.31755760682728	Fp1
001	436	02	920.0	gameplay	True	163.11050365747474	Fp2
001	437	02	924.0	gameplay	True	185.19835992594523	Fp2
001	438	02	928.0	gameplay	True	84.59564202160767	Fp1
001	439	02	932.0	gameplay	True	83.80117968546247	F8
001	440	02	936.0	gameplay	True	87.75356655287632	Fp2
001	441	02	940.0	gameplay	True	153.06886274574336	F7
001	442	02	944.0	gameplay	True	168.36246465461625	Fp2
001	443	02	948.0	gameplay	True	182.21393539713475	AF7
001	444	02	952.0	gameplay	True	87.53309231466596	F8
001	445	02	956.0	gameplay	True	101.16655716138739	AF7
001	446	02	960.0	gameplay	True	157.67516274172675	Fp1
001	447	02	964.0	gameplay	True	162.9296870940163	AF8
001	448	02	968.0	gameplay	True	161.59664858116136	Fp2
001	449	02	972.0	gameplay	True	186.53919182743056	Fp2
001	450	02	976.0	gameplay	True	79.31810356620682	TP8
001	451	02	980.0	gameplay	True	161.9392963057377	Fp2
001	452	02	984.0	gameplay	True	81.90958374883496	AF7
001	453	02	988.0	gameplay	True	81.1903493540847	AF8
001	454	02	992.0	gameplay	True	92.29458210647846	Fp2
001	455	02	996.0	gameplay	True	96.12106309694849	Fp2
001	456	02	1000.0	gameplay	True	91.15578442417792	Fp2
001	457	02	1004.0	gameplay	True	78.55360395891576	Fp2
001	458	02	1008.0	gameplay	True	67.7496984871627	AF8
001	459	02	1012.0	gameplay	True	71.72217733662613	Fp2
001	460	02	1016.0	gameplay	True	114.84941456503059	F7
001	461	02	1020.0	gameplay	True	74.92235735953923	AF8
001	462	02	1024.0	gameplay	True	113.54477669480974	AF7
001	463	02	1028.0	gameplay	True	75.1639555133627	AF8
001	464	02	1032.0	gameplay	True	88.03750971163464	Fp2
001	465	02	1036.0	gameplay	True	103.33561675909597	Fp2
001	466	02	1040.0	gameplay	True	155.98359657966688	AF7
001	467	02	1044.0	gameplay	True	127.11324657529777	Fp2
001	468	02	1048.0	gameplay	True	70.77706886111582	Fp2
001	469	02	1052.0	gameplay	True	135.51937460785672	Fp2
001	470	02	1056.0	gameplay	True	150.6612010487885	Fp2
001	471	02	1060.0	gameplay	True	136.3618161342768	AF8
001	472	02	1064.0	gameplay	True	66.82358532431876	T8
001	473	02	1068.0	gameplay	True	72.479450033604	F7
001	474	02	1072.0	gameplay	True	91.88734790189416	Fp2
001	475	02	1076.0	gameplay	True	126.22430776509472	AF7
001	476	02	1080.0	gameplay	True	98.68155270279475	Fp2
001	477	02	1084.0	gameplay	True	67.49190883245396	AF7
001	478	02	1088.0	gameplay	True	131.09033170394295	Fp2
001	479	02	1092.0	gameplay	True	59.20368933374844	AF8
001	480	02	1096.0	gameplay	True	203.83085591420942	Fp2
001	481	02	1100.0	gameplay	True	210.57649545630406	Fp2
001	482	02	1104.0	gameplay	True	171.59746874477122	Fp2
001	483	02	1108.0	gameplay	True	121.46037647278398	Fp2
001	484	02	1112.0	gameplay	True	157.04458582437886	AF7
001	485	02	1116.0	gameplay	True	93.49698997384618	Fp2
001	486	02	1120.0	gameplay	True	98.11509294988807	Fp2
001	487	02	1124.0	gameplay	True	122.18553129013387	Fp2
001	488	02	1128.0	gameplay	True	79.64763237051814	F7
001	489	02	1132.0	gameplay	True	88.54064724868839	F8
001	490	02	1136.0	gameplay	True	84.92493420515949	Fp2
001	491	02	1140.0	gameplay	True	134.11085847823935	Fp2
001	492	02	1144.0	gameplay	True	112.95704229299115	F7
001	493	02	1148.0	gameplay	True	110.26067330521062	Fp2
001	494	02	1152.0	gameplay	True	71.12277212755214	FT10
001	495	02	1156.0	gameplay	True	141.7124401646897	Fp2
001	496	02	1160.0	gameplay	True	64.57001670456441	F7
001	497	02	1164.0	gameplay	True	121.08754296588751	Fp2
001	498	02	1168.0	gameplay	True	116.48947487405793	Fp2
001	499	02	1172.0	gameplay	True	133.684859902963	Fp2
001	500	02	1176.0	gameplay	True	128.65858044444923	Fp2
001	501	02	1180.0	gameplay	True	79.73088057069153	F8
001	502	02	1184.0	gameplay	True	161.22283497054303	Fp2
001	503	02	1188.0	gameplay	True	97.21744900531799	Fp2
001	504	02	1192.0	gameplay	True	193.57339436874338	Fp2
001	505	02	1196.0	gameplay	True	56.79318605235535	TP8
001	506	02	1200.0	gameplay	True	60.4089412017793	F7
001	507	02	1204.0	gameplay	True	224.88260576611108	Fp2
001	508	02	1208.0	gameplay	True	86.58546039537826	AF8
001	509	02	1212.0	gameplay	True	126.142581774138	Fp1
001	510	02	1216.0	gameplay	True	156.5152393399557	Fp2
001	511	02	1220.0	gameplay	True	128.95762592411558	Fp2
001	512	02	1224.0	gameplay	True	76.74065764098158	AF8
001	513	02	1228.0	gameplay	True	114.76421317390616	Fp2
001	514	02	1232.0	gameplay	True	161.7119137338524	Fp1
001	515	02	1236.0	gameplay	True	147.33171443891837	AF7
001	516	02	1240.0	gameplay	True	138.74000891946858	Fp2
001	517	02	1244.0	gameplay	True	84.0618418106039	TP8
001	518	02	1248.0	gameplay	True	113.36660744916833	Fp1
001	519	02	1252.0	gameplay	True	59.32224069935819	Fp2
001	520	02	1256.0	gameplay	True	102.82994432361555	Fp1
001	521	02	1260.0	gameplay	True	67.24389827532457	TP8
001	522	02	1264.0	gameplay	True	72.77887338798006	F7
001	523	02	1268.0	gameplay	True	99.01033004622084	Fp1
001	524	02	1272.0	gameplay	True	182.69222197065918	Fp1
001	525	02	1276.0	gameplay	True	223.5242607827195	AF7
001	526	02	1280.0	gameplay	False		
001	527	02	1284.0	gameplay	True	83.07777380170246	F7
001	528	02	1288.0	gameplay	True	96.86048476697928	Fp2
001	529	02	1292.0	gameplay	True	117.58935319495765	Fp2
001	530	02	1296.0	gameplay	True	80.94967255652162	Fp2
001	531	02	1300.0	gameplay	True	91.30159347461189	Fp2
001	532	02	1304.0	gameplay	True	85.90040188171109	F7
001	533	02	1308.0	gameplay	True	86.85960356384687	Fp1
001	534	02	1312.0	gameplay	True	117.02317395501272	Fp1
001	535	02	1316.0	gameplay	True	103.08232471584365	F8
001	536	02	1320.0	gameplay	True	60.16095901918028	AF7
001	537	02	1324.0	gameplay	True	109.05415321639238	AF8
001	538	02	1328.0	gameplay	True	66.17175647300903	F7
001	539	02	1332.0	gameplay	True	76.9887387631093	Fp2
001	540	02	1336.0	gameplay	True	66.73190668305794	F7
001	541	02	1340.0	gameplay	True	108.76800143372667	AF8
001	542	02	1344.0	gameplay	True	111.33381635282004	Fp2
001	543	02	1348.0	gameplay	True	144.19144381307106	Fp2
001	544	02	1352.0	gameplay	True	137.47621510022037	Fp2
001	545	02	1356.0	gameplay	True	73.42547400973365	AF8
001	546	02	1360.0	gameplay	True	86.9791581936135	Fp2
001	547	02	1364.0	gameplay	True	104.37950866515297	AF8
001	548	02	1368.0	gameplay	True	78.64295367156134	Fp2
001	549	02	1372.0	gameplay	True	146.86443675348264	AF7
001	550	02	1376.0	gameplay	True	120.94788135855639	Fp2
001	551	02	1380.0	gameplay	True	83.99593344290827	F7
001	552	02	1384.0	gameplay	True	107.67667925995715	Fp2
001	553	02	1388.0	gameplay	True	120.92736416823954	Fp2
001	554	02	1392.0	gameplay	True	71.8320444125703	F8
001	555	02	1396.0	gameplay	True	155.26700160768328	AF7
001	556	02	1400.0	gameplay	True	63.80726037284959	TP8
001	557	02	1404.0	gameplay	True	72.48233969237532	TP8
001	558	02	1408.0	gameplay	True	149.27864430628307	Fp2
001	559	02	1412.0	gameplay	True	102.9328534415371	Fp1
001	560	02	1416.0	gameplay	True	153.75022462814616	Fp2
001	561	02	1420.0	gameplay	True	119.63051199291691	Fp1
001	562	02	1424.0	gameplay	True	70.1949576182819	F8
001	563	02	1428.0	gameplay	True	101.71280644302789	F8
001	564	02	1432.0	gameplay	True	113.07596178946659	Fp2
001	565	02	1436.0	gameplay	True	80.70604297613187	Fp1
001	566	02	1440.0	gameplay	True	105.17926376440913	Fp2
001	567	02	1444.0	gameplay	True	147.82253598927176	Fp2
001	568	02	1448.0	gameplay	True	133.26135996599277	Fp2
001	569	02	1452.0	gameplay	True	103.08065408385562	Fp2
001	570	02	1456.0	gameplay	True	108.6314693734526	F7
001	571	02	1460.0	gameplay	True	208.15105345128637	Fp2
001	572	02	1464.0	gameplay	True	138.97236231339713	Fp2
001	573	02	1468.0	gameplay	True	97.67754328726224	Fp2
001	574	02	1472.0	gameplay	True	184.35745936710518	Fp2
001	575	02	1476.0	gameplay	True	231.22499021696888	AF7
001	576	02	1480.0	gameplay	True	107.12036487994206	Fp1
001	577	02	1484.0	gameplay	True	104.09606527796538	Fp2
001	578	02	1488.0	gameplay	True	152.15734049320847	Fp2
001	579	02	1492.0	gameplay	True	142.61510816998387	Fp2
001	580	02	1496.0	gameplay	True	80.3784826244004	F7
001	581	02	1500.0	gameplay	True	95.40988524005205	Fp2
001	582	02	1504.0	gameplay	True	134.47189675031444	Fp2
001	583	02	1508.0	gameplay	True	118.00167051627001	AF7
001	584	02	1512.0	gameplay	True	178.15172563779595	Fp2
001	585	02	1516.0	gameplay	True	153.32827716934568	Fp2
001	586	02	1520.0	gameplay	True	82.8923909789397	Fp2
001	587	02	1524.0	gameplay	True	174.79758025947368	Fp1
001	588	02	1528.0	gameplay	True	125.75894494091504	Fp2
001	589	02	1532.0	gameplay	True	55.737394176039786	AF7
001	590	02	1536.0	gameplay	True	68.58000553318585	AF8
001	591	02	1540.0	gameplay	True	168.05330626241346	Fp2
001	592	02	1544.0	gameplay	True	121.3669162760549	Fp2
001	593	02	1548.0	gameplay	True	129.66621744830385	Fp2
001	594	02	1552.0	gameplay	True	139.68746532433033	Fp2
001	595	02	1556.0	gameplay	True	114.77747517347169	Fp2
001	596	02	1560.0	gameplay	True	83.46222657718461	Fp2
001	597	02	1564.0	gameplay	True	58.30033291993552	AF8
001	598	02	1568.0	gameplay	True	55.74814207114594	AF8
001	599	02	1572.0	gameplay	True	70.10557347082393	TP8
001	600	02	1576.0	gameplay	True	154.71345854513146	Fp1
001	601	02	1580.0	gameplay	True	70.71589651926605	AF8
001	602	02	1584.0	gameplay	True	88.90812270492184	Fp2
001	603	02	1588.0	gameplay	True	167.40729855899207	Fp2
001	604	02	1592.0	gameplay	True	114.01332457671913	TP8
001	605	02	1596.0	gameplay	True	161.2106282451641	AF7
001	606	02	1600.0	gameplay	True	147.39307727545653	Fp2
001	607	02	1604.0	gameplay	True	147.17810026099102	Fp2
001	608	02	1608.0	gameplay	True	64.34762940884086	AF7
001	609	02	1612.0	gameplay	True	97.92276366547831	Fp2
001	610	02	1616.0	gameplay	True	79.78659814238785	Fp2
001	611	02	1620.0	gameplay	True	119.69548765577244	AF7
001	612	02	1624.0	gameplay	True	76.84406262191155	AF8
001	613	02	1628.0	gameplay	True	79.81309489657785	F8
001	614	02	1632.0	gameplay	True	156.26142486892465	Fp2
001	615	02	1636.0	gameplay	True	148.14670141330438	Fp2
001	616	02	1640.0	gameplay	False		
001	617	02	1644.0	gameplay	True	178.43298300656505	Fp2
001	618	02	1648.0	gameplay	True	198.693259489931	Fp2
001	619	02	1652.0	gameplay	True	118.73821996244912	Fp2
001	620	02	1656.0	gameplay	True	58.60030160860254	AF7
001	621	02	1660.0	gameplay	True	150.68362011372483	Fp2
001	622	02	1664.0	gameplay	True	76.3398988441104	Fp2
001	623	02	1668.0	gameplay	True	125.90118770277024	AF7
001	624	02	1672.0	gameplay	True	119.91603821335607	Fp2
001	625	02	1676.0	gameplay	True	124.13913689858263	Fp2
001	626	02	1680.0	gameplay	True	116.77685517831384	Fp2
001	627	02	1684.0	gameplay	True	180.38042400061283	Fp2
001	628	02	1688.0	gameplay	True	102.70287672162046	Fp2
001	629	02	1692.0	gameplay	True	96.29163716654861	AF7
001	630	02	1696.0	gameplay	True	90.23867773309661	AF8
001	631	02	1700.0	gameplay	True	140.65146226821963	AF7
001	632	02	1704.0	gameplay	True	106.24221216192599	Fp2
001	633	02	1708.0	gameplay	True	153.2258295857374	Fp2
001	634	02	1712.0	gameplay	True	56.48713479222182	AF8
001	635	02	1716.0	gameplay	False		
001	636	02	1720.0	gameplay	True	263.11123609613134	C5
001	637	02	1724.0	gameplay	True	119.024341456625	C3
001	638	02	1728.0	gameplay	True	114.03812763885512	AF7
001	639	02	1732.0	gameplay	True	110.01099760030061	TP8
001	640	02	1736.0	gameplay	True	138.537715647956	Fp2
001	641	02	1740.0	gameplay	True	180.72670309877256	AF7
001	642	02	1744.0	gameplay	True	109.33878681208624	F7
001	643	02	1748.0	gameplay	True	152.15386549821187	Fp2
001	644	02	1752.0	gameplay	True	52.259122778128024	T8
001	645	02	1756.0	gameplay	True	65.63675287527501	FT10
001	646	02	1760.0	gameplay	True	89.20135094671257	Fp2
001	647	02	1764.0	gameplay	True	72.19459521949693	AF8
001	648	02	1768.0	gameplay	True	84.90390763871004	AF8
001	649	02	1772.0	gameplay	True	129.5708692474631	Fp2
001	650	02	1776.0	gameplay	True	123.82609525504942	Fp2
001	651	02	1780.0	gameplay	True	134.18842656832953	Fp2
001	652	02	1784.0	gameplay	True	208.58998815642113	AF7
001	653	02	1788.0	gameplay	False		
001	654	02	1792.0	gameplay	True	95.25088484952668	FC3
001	655	02	1796.0	gameplay	True	173.99629166958522	Fp2
001	656	02	1800.0	gameplay	True	113.86701175781383	Fp1
001	657	02	1804.0	gameplay	True	132.6973569335784	Fp2
001	658	02	1808.0	gameplay	True	160.2995221632506	Fp2
001	659	02	1812.0	gameplay	True	193.5250887125317	Fp2
001	660	02	1816.0	gameplay	True	130.65233200462373	AF7
001	661	02	1820.0	gameplay	True	91.00188419527078	FC5
001	662	02	1824.0	gameplay	True	85.01891299567168	FC3
001	663	02	1828.0	gameplay	True	184.7483783925026	Fp2
001	664	02	1832.0	gameplay	True	171.9826351703391	Fp2
001	665	02	1836.0	gameplay	True	178.61457022192496	Fp2
001	666	02	1840.0	gameplay	True	198.3053887811168	Fp2
001	667	02	1844.0	gameplay	True	138.7957721495441	AF7
001	668	02	1848.0	gameplay	True	175.58050494147528	Fp2
001	669	02	1852.0	gameplay	False		
001	670	02	1856.0	gameplay	False		
001	671	02	1860.0	gameplay	True	122.20972023682216	FC4
001	672	02	1864.0	gameplay	False		
001	673	02	1868.0	gameplay	False		
001	674	02	1872.0	gameplay	True	161.1771844300973	F7
001	675	02	1876.0	gameplay	True	142.6994091447351	FC4
001	676	02	1880.0	gameplay	False		
001	677	02	1884.0	gameplay	True	122.86782422446802	FC4
001	678	02	1888.0	gameplay	True	152.1374927327014	Fp2
001	679	02	1892.0	gameplay	True	159.77925838941917	C4
001	680	02	1896.0	gameplay	True	161.1277156478735	FC4
001	681	02	1900.0	gameplay	True	154.15686384349561	Fp2
001	682	02	1904.0	gameplay	True	129.92274448392294	Fp2
001	683	02	1908.0	gameplay	True	167.92105056234573	FC4
001	684	02	1912.0	gameplay	False		
001	685	02	1916.0	gameplay	False		
001	686	02	1920.0	gameplay	False		
001	687	02	1924.0	gameplay	True	152.53600287143615	Fp2
001	688	02	1928.0	gameplay	True	148.58562817077674	Fp2
001	689	02	1932.0	gameplay	False		
001	690	02	1936.0	gameplay	True	170.50477937615224	Fp2
001	691	02	1940.0	gameplay	True	135.36137354581064	Fp2
001	692	02	1944.0	gameplay	True	134.72073702073678	FC4
001	693	02	1948.0	gameplay	True	179.7784036343971	Fp2
001	694	02	1952.0	gameplay	True	160.2145076555578	FC4
001	695	02	1956.0	gameplay	True	129.94645267198442	FC4
001	696	02	1960.0	gameplay	True	125.97297260263241	FC4
001	697	02	1964.0	gameplay	True	115.92975208940415	FC4
001	698	02	1968.0	gameplay	True	141.4095226982991	FC4
001	699	02	1972.0	gameplay	True	129.33806584378073	Fp1
001	700	02	1976.0	gameplay	False		
001	701	02	1980.0	gameplay	False		
001	702	02	1984.0	gameplay	True	142.86086239623768	C4
001	703	02	1988.0	gameplay	True	146.59014867916085	Fp2
001	704	02	1992.0	gameplay	True	142.35641448069853	FC4
001	705	02	1996.0	gameplay	True	128.30534720357483	FC4
001	706	02	2000.0	gameplay	True	124.35210766277235	FC4
001	707	02	2004.0	gameplay	True	141.073119702751	FC4
001	708	02	2008.0	gameplay	True	121.06388054562163	FC4
001	709	02	2012.0	gameplay	True	132.88911786328117	FC4
001	710	02	2016.0	gameplay	True	141.28129542302506	FC4
001	711	02	2020.0	gameplay	True	165.75693859033595	FC4
001	712	02	2024.0	gameplay	True	119.89408075451381	FC4
001	713	02	2028.0	gameplay	True	144.23544292017863	FC4
001	714	02	2032.0	gameplay	True	138.1403881969161	Fp2
001	715	02	2036.0	gameplay	True	151.73138018356434	FC4
001	716	02	2040.0	gameplay	True	142.8052746204185	F7
001	717	02	2044.0	gameplay	True	143.1422382189628	FC4
001	718	02	2048.0	gameplay	True	136.33928267508068	AF8
001	719	02	2052.0	gameplay	False		
001	720	02	2056.0	gameplay	False		
001	721	02	2060.0	gameplay	True	145.13172872559906	FC4
001	722	02	2064.0	gameplay	True	119.12025027632419	FC4
001	723	02	2068.0	gameplay	True	147.30310021012443	FC4
001	724	02	2072.0	gameplay	True	174.91775458562665	Fp2
001	725	02	2076.0	gameplay	True	164.69533510354694	FC4
001	726	02	2080.0	gameplay	True	135.00579033505707	FC4
001	727	02	2084.0	gameplay	True	145.69859684451427	Fp2
001	728	02	2088.0	gameplay	True	126.45484898545514	FC4
001	729	02	2092.0	gameplay	True	131.80915044976507	Fp2
001	730	02	2096.0	gameplay	True	126.358298986669	FC4
001	731	02	2100.0	gameplay	True	143.92342699477578	C4
001	732	02	2104.0	gameplay	True	126.30319944991432	AF8
001	733	02	2108.0	gameplay	True	137.97743185785248	FC4
001	734	02	2112.0	gameplay	True	160.94935954020556	Fp2
001	735	02	2116.0	gameplay	True	132.40217168282635	FC4
001	736	02	2120.0	gameplay	True	135.92085992280988	FC4
001	737	02	2124.0	gameplay	True	139.88079044318718	C4
001	738	02	2128.0	gameplay	True	155.60359157481813	FC4
001	739	02	2132.0	gameplay	True	132.30975693751776	Fp2
001	740	02	2136.0	gameplay	True	153.84451266975378	C4
001	741	02	2140.0	gameplay	True	115.59975013948478	AF7
001	742	02	2144.0	gameplay	False		
001	743	02	2148.0	gameplay	True	199.93060996826244	FC4
001	744	02	2152.0	gameplay	True	180.75408128229452	FC4
001	745	02	2156.0	gameplay	True	141.32242944283786	FC4
001	746	02	2160.0	gameplay	True	151.45956390719854	FC4
001	747	02	2164.0	gameplay	True	177.91457711408685	Fp2
001	748	02	2168.0	gameplay	False		
001	749	02	2172.0	gameplay	True	148.31349137489264	FC4
001	750	02	2176.0	gameplay	True	151.33487274775888	FC4
001	751	02	2180.0	gameplay	True	139.367938767586	FC4
001	752	02	2184.0	gameplay	True	156.45142717342011	FC4
001	753	02	2188.0	gameplay	True	141.78531600059117	FC4
001	754	02	2192.0	gameplay	True	175.4149089414096	Fp2
001	755	02	2196.0	gameplay	True	134.14552273819208	C4
001	756	02	2200.0	gameplay	True	144.29339956807624	C4
001	757	02	2204.0	gameplay	True	134.36868244922292	FC4
001	758	02	2208.0	gameplay	True	198.50286809523183	Fp2
001	759	02	2212.0	gameplay	True	136.48710976305173	FC4
001	760	02	2216.0	gameplay	False		
001	761	02	2220.0	gameplay	False		
001	762	02	2224.0	gameplay	False		
001	763	02	2228.0	gameplay	False		
001	764	02	2232.0	gameplay	True	142.34389083571412	C3
001	765	02	2236.0	gameplay	True	155.1556392800971	FC4
001	766	02	2240.0	gameplay	True	138.6434094303841	C3
001	767	02	2244.0	gameplay	True	178.14548437420373	C3
001	768	02	2248.0	gameplay	True	146.4637676106689	FC4
001	769	02	2252.0	gameplay	True	154.7409969512513	Fp2
001	770	02	2256.0	gameplay	False		
001	771	02	2260.0	gameplay	True	150.72977423414832	FC4
001	772	02	2264.0	gameplay	False		
001	773	02	2268.0	gameplay	True	135.88188513767759	FT8
001	774	02	2272.0	gameplay	False		
001	775	02	2276.0	gameplay	False		
001	776	02	2280.0	gameplay	False		
001	777	02	2284.0	gameplay	True	168.7879559916797	Fp2
001	778	02	2288.0	gameplay	True	196.41156347773799	Fp2
001	779	02	2292.0	gameplay	True	91.5644033990045	Fp2
001	780	02	2296.0	gameplay	True	116.27974676541048	Fp2
001	781	02	2300.0	gameplay	True	170.9404063985128	Fp2
001	782	02	2304.0	gameplay	True	116.83996175557046	Fp2
001	783	02	2308.0	gameplay	True	128.58832897782858	Fp2
001	784	02	2312.0	gameplay	True	94.8893965102306	Fp2
001	785	02	2316.0	gameplay	True	169.79199941605899	Fp2
001	786	02	2320.0	gameplay	True	169.97889672047327	Fp2
001	787	02	2324.0	gameplay	True	78.1898343862014	Fp2
001	788	02	2328.0	gameplay	True	132.53868083389344	Fp2
001	789	02	2332.0	gameplay	True	166.1497799588379	Fp2
001	790	02	2336.0	gameplay	True	51.137208847353214	Fp1
001	791	02	2340.0	gameplay	True	156.8113779096535	Fp2
001	792	02	2344.0	gameplay	True	84.74978987849953	AF7
001	793	02	2348.0	gameplay	True	153.47895024294886	AF7
001	794	02	2352.0	gameplay	True	65.11907748657296	AF7
001	795	02	2356.0	gameplay	True	78.3877237390489	AF7
001	796	02	2360.0	gameplay	True	70.0817506616657	F7
001	797	02	2364.0	gameplay	True	156.31710778455079	AF7
001	798	02	2368.0	gameplay	True	161.2118946783312	AF7
001	799	02	2372.0	gameplay	True	129.1083980414239	AF7
001	800	02	2376.0	gameplay	True	184.6038087968056	Fp2
001	801	02	2380.0	gameplay	True	178.13270892152	Fp2
001	802	02	2384.0	gameplay	True	76.94518068499667	Fp2
001	803	02	2388.0	gameplay	False		
001	804	02	2392.0	gameplay	False		
001	805	02	2396.0	gameplay	False		
001	806	02	2400.0	gameplay	True	228.17986980365401	FC4
001	807	02	2404.0	gameplay	True	237.67778712460517	C4
001	808	02	2408.0	gameplay	True	256.56394128410943	FC4
001	809	02	2412.0	gameplay	True	178.0363230588103	FC4
001	810	02	2416.0	gameplay	True	204.33548675641805	FC4
001	811	02	2420.0	gameplay	True	191.71399648247555	FC4
001	812	02	2424.0	gameplay	True	181.65199229146737	FC4
001	813	02	2428.0	gameplay	True	164.48556481310158	FC4
001	814	02	2432.0	gameplay	True	184.44741004666423	FC4
001	815	02	2436.0	gameplay	True	182.46047932439382	FC4
001	816	02	2440.0	gameplay	True	200.17198896093754	FC4
001	817	02	2444.0	gameplay	True	228.7581322770094	FC4
001	818	02	2448.0	gameplay	True	177.0748669107189	FC4
001	819	02	2452.0	gameplay	True	164.23356593738657	FC4
001	820	02	2456.0	gameplay	True	171.2450176289289	FC4
001	821	02	2460.0	gameplay	True	151.36389131400335	FC4
001	822	02	2464.0	gameplay	False		
001	823	02	2468.0	gameplay	False		
001	824	02	2472.0	gameplay	True	211.24340747291117	FC4
001	825	02	2476.0	gameplay	True	176.5400462920834	FC4
001	826	02	2480.0	gameplay	True	171.44950823607803	FC4
001	827	02	2484.0	gameplay	True	181.22354070017164	FC4
001	828	02	2488.0	gameplay	True	204.33392277533818	FC4
001	829	02	2492.0	gameplay	False		
001	830	02	2496.0	gameplay	True	196.88681739656315	FC4
001	831	02	2500.0	gameplay	True	175.98696853464028	FC4
001	832	02	2504.0	gameplay	True	222.38507786345536	FC4
001	833	02	2508.0	gameplay	True	190.1243470385811	Fp2
001	834	02	2512.0	gameplay	False		
001	835	02	2516.0	gameplay	True	162.63391838005464	FC4
001	836	02	2520.0	gameplay	True	148.99380444163234	FC4
001	837	02	2524.0	gameplay	True	161.35465959748456	FC4
001	838	02	2528.0	gameplay	True	152.87406879149935	FC4
001	839	02	2532.0	gameplay	True	192.555488122927	FC4
001	840	02	2536.0	gameplay	True	164.76718092674534	FC4
001	841	02	2540.0	gameplay	True	162.1916423885308	FC4
001	842	02	2544.0	gameplay	True	177.2280194684604	FC4
001	843	02	2548.0	gameplay	True	152.29177048472502	FC4
001	844	02	2552.0	gameplay	True	151.6237102959246	FC4
001	845	02	2556.0	gameplay	True	153.14441636355775	FC4
001	846	02	2560.0	gameplay	True	187.10932117239886	FC4
001	847	02	2564.0	gameplay	True	185.6467659985817	FC4
001	848	02	2568.0	gameplay	True	198.77415394430759	FC4
001	849	02	2572.0	gameplay	True	181.68902542123902	FC4
001	850	02	2576.0	gameplay	True	149.9200664745268	FC4
001	851	02	2580.0	gameplay	True	185.2674098352375	FC4
001	852	02	2584.0	gameplay	False		
001	853	02	2588.0	gameplay	True	176.26448012832915	FC4
001	854	02	2592.0	gameplay	False		
001	855	02	2596.0	gameplay	True	187.6611247874766	Fp2
001	856	02	2600.0	gameplay	False		
001	857	02	2604.0	gameplay	True	207.84905193863034	Fp2
001	858	02	2608.0	gameplay	True	141.65219087831028	FC4
001	859	02	2612.0	gameplay	True	154.39121959060367	C4
001	860	02	2616.0	gameplay	True	152.463920234099	FC4
001	861	02	2620.0	gameplay	True	174.40447197664014	FC4
001	862	02	2624.0	gameplay	True	174.48310807216328	FC4
001	863	02	2628.0	gameplay	True	146.4853740669806	FC4
001	864	02	2632.0	gameplay	True	166.23786884909208	FC4
001	865	02	2636.0	gameplay	True	142.38742409386643	FC4
001	866	02	2640.0	gameplay	True	155.89264634954617	Fp1
001	867	02	2644.0	gameplay	True	172.51294683506285	Fp2
001	868	02	2648.0	gameplay	True	156.25077021832303	FC4
001	869	02	2652.0	gameplay	True	167.4114145902924	C4
001	870	02	2656.0	gameplay	True	141.0790249240899	FC4
001	871	02	2660.0	gameplay	True	171.38266711527774	C4
001	872	02	2664.0	gameplay	True	156.79658864003392	FC4
001	873	02	2668.0	gameplay	False		
001	874	02	2672.0	gameplay	True	173.0537867573652	FC4
001	875	02	2676.0	gameplay	True	157.7761571378768	FC4
001	876	02	2680.0	gameplay	True	161.31351426457587	FC4
001	877	02	2684.0	gameplay	True	142.51527758627654	FC4
001	878	02	2688.0	gameplay	True	185.54564618363304	FC4
001	879	02	2692.0	gameplay	True	161.89462235563755	FC4
001	880	02	2696.0	gameplay	False		
001	881	02	2700.0	gameplay	True	161.99531131677895	FC4
001	882	02	2704.0	gameplay	True	165.26302282290683	FC4
001	883	02	2708.0	gameplay	True	148.87107435341514	Fp2
001	884	02	2712.0	gameplay	True	174.58999576414314	C4
001	885	02	2716.0	gameplay	True	155.4496533290182	AF8
001	886	02	2720.0	gameplay	True	171.07747612840748	Fp2
001	887	02	2724.0	gameplay	True	145.67718099237482	Fp2
001	888	02	2728.0	gameplay	True	174.3776393223685	AF8
001	889	02	2732.0	gameplay	True	165.97676439969405	FC4
001	890	02	2736.0	gameplay	True	170.24800076235766	FC4
001	891	02	2740.0	gameplay	True	130.53083016073737	FC4
001	892	02	2744.0	gameplay	False		
001	893	02	2748.0	gameplay	True	177.4842601014504	FC4
001	894	02	2752.0	gameplay	True	153.28460289891743	C4
001	895	02	2756.0	gameplay	True	151.7764965571852	Fp2
001	896	02	2760.0	gameplay	True	138.0698161647912	FC4
001	897	02	2764.0	gameplay	True	136.27567253763308	FC4
001	898	02	2768.0	gameplay	True	164.79172467118002	AF8
001	899	02	2772.0	gameplay	True	142.6352267973249	FC4
001	900	02	2776.0	gameplay	True	145.04840441288994	FC4
001	901	02	2780.0	gameplay	True	124.30117766908238	FC4
001	902	02	2784.0	gameplay	True	149.21209287016262	FC4
001	903	02	2788.0	gameplay	True	113.2672535269798	FC4
002	0	01	0.0	outside_inferred_tasks	False		
002	1	01	4.0	outside_inferred_tasks	False		
002	2	01	8.0	outside_inferred_tasks	False		
002	3	01	12.0	outside_inferred_tasks	True	255.35520871653796	TP10
002	4	01	16.0	outside_inferred_tasks	False		
002	5	01	20.0	outside_inferred_tasks	False		
002	6	01	24.0	outside_inferred_tasks	True	369.59395551436035	AF7
002	7	01	28.0	outside_inferred_tasks	False		
002	8	01	32.0	outside_inferred_tasks	True	333.86079713982565	Fp1
002	9	01	36.0	outside_inferred_tasks	True	316.7757445641884	Fp1
002	10	01	40.0	outside_inferred_tasks	True	151.35019656673052	AF8
002	11	01	44.0	outside_inferred_tasks	False		
002	12	01	48.0	outside_inferred_tasks	False		
002	13	01	52.0	outside_inferred_tasks	False		
002	14	01	56.0	outside_inferred_tasks	False		
002	15	01	60.0	outside_inferred_tasks	False		
002	16	01	64.0	outside_inferred_tasks	False		
002	17	01	68.0	outside_inferred_tasks	False		
002	18	01	72.0	outside_inferred_tasks	False		
002	19	01	76.0	outside_inferred_tasks	False		
002	20	01	80.0	outside_inferred_tasks	False		
002	21	01	84.0	outside_inferred_tasks	True	373.3049534485969	AF8
002	22	01	88.0	outside_inferred_tasks	True	181.80535070273686	TP10
002	23	01	92.0	outside_inferred_tasks	True	132.58826816982113	TP10
002	24	01	96.0	outside_inferred_tasks	False		
002	25	01	100.0	outside_inferred_tasks	False		
002	26	01	104.0	task_boundary	False		
002	27	01	108.0	oddball	True	411.1661980253378	TP10
002	28	01	112.0	oddball	True	310.98384772701365	Fp1
002	29	01	116.0	oddball	True	300.0812219020512	Fp1
002	30	01	120.0	oddball	False		
002	31	01	124.0	oddball	True	324.501052076467	Fp1
002	32	01	128.0	oddball	True	351.3513325099464	Fp1
002	33	01	132.0	oddball	True	89.68928882716929	FT8
002	34	01	136.0	oddball	True	348.19499105837735	Fp1
002	35	01	140.0	oddball	False		
002	36	01	144.0	oddball	False		
002	37	01	148.0	oddball	False		
002	38	01	152.0	oddball	True	339.95754134634086	Fp1
002	39	01	156.0	oddball	True	371.2927843736292	Fp1
002	40	01	160.0	oddball	False		
002	41	01	164.0	oddball	True	71.36526283639337	Fp1
002	42	01	168.0	oddball	False		
002	43	01	172.0	oddball	True	367.4813380876506	Fp1
002	44	01	176.0	oddball	True	375.6057955573514	Fp1
002	45	01	180.0	oddball	False		
002	46	01	184.0	oddball	True	286.9336087471865	Fp1
002	47	01	188.0	oddball	False		
002	48	01	192.0	oddball	True	374.5261297818085	Fp1
002	49	01	196.0	oddball	False		
002	50	01	200.0	oddball	False		
002	51	01	204.0	oddball	False		
002	52	01	208.0	oddball	True	347.9013661046277	Fp1
002	53	01	212.0	oddball	False		
002	54	01	216.0	oddball	True	367.09184979584035	Fp1
002	55	01	220.0	oddball	True	358.9747147910302	Fp1
002	56	01	224.0	oddball	False		
002	57	01	228.0	oddball	False		
002	58	01	232.0	oddball	True	352.39919206780627	Fp1
002	59	01	236.0	oddball	False		
002	60	01	240.0	oddball	True	354.0869136485649	Fp1
002	61	01	244.0	oddball	False		
002	62	01	248.0	oddball	False		
002	63	01	252.0	oddball	True	360.57951271753154	AF7
002	64	01	256.0	oddball	False		
002	65	01	260.0	oddball	False		
002	66	01	264.0	oddball	True	334.5969270549629	Fp1
002	67	01	268.0	oddball	False		
002	68	01	272.0	oddball	True	365.644988472285	Fp1
002	69	01	276.0	oddball	True	358.886236972123	Fp1
002	70	01	280.0	oddball	True	363.1582025960578	Fp1
002	71	01	284.0	oddball	False		
002	72	01	288.0	oddball	True	354.9725481753801	Fp1
002	73	01	292.0	oddball	True	345.20337578131057	Fp1
002	74	01	296.0	oddball	True	349.85702459794265	Fp1
002	75	01	300.0	oddball	True	325.815600359019	Fp1
002	76	01	304.0	oddball	False		
002	77	01	308.0	oddball	True	80.38830342323928	Fp1
002	78	01	312.0	oddball	True	323.84052157699307	Fp1
002	79	01	316.0	oddball	True	353.2044132066717	Fp1
002	80	01	320.0	oddball	True	318.30072291041546	Fp1
002	81	01	324.0	oddball	True	342.850417098803	Fp1
002	82	01	328.0	oddball	True	332.8308632145724	Fp1
002	83	01	332.0	oddball	False		
002	84	01	336.0	oddball	False		
002	85	01	340.0	oddball	False		
002	86	01	344.0	oddball	False		
002	87	01	348.0	oddball	False		
002	88	01	352.0	oddball	True	349.76898870148744	Fp1
002	89	01	356.0	oddball	True	337.1164769348159	Fp1
002	90	01	360.0	oddball	True	350.6601172125574	Fp1
002	91	01	364.0	oddball	True	164.02047708046624	TP10
002	92	01	368.0	oddball	True	351.36706446292675	Fp1
002	93	01	372.0	oddball	False		
002	94	01	376.0	oddball	True	332.12170309186524	Fp1
002	95	01	380.0	oddball	False		
002	96	01	384.0	oddball	True	315.25856736145835	Fp1
002	97	01	388.0	oddball	True	328.63493237090915	Fp1
002	98	01	392.0	oddball	False		
002	99	01	396.0	oddball	False		
002	100	01	400.0	oddball	True	371.684668067046	Fp1
002	101	01	404.0	oddball	True	326.37085290136406	Fp1
002	102	01	408.0	oddball	True	362.34725045622423	Fp1
002	103	01	412.0	oddball	False		
002	104	01	416.0	oddball	True	367.62249680205645	Fp1
002	105	01	420.0	oddball	False		
002	106	01	424.0	oddball	False		
002	107	01	428.0	oddball	True	360.37174136334795	Fp1
002	108	01	432.0	oddball	True	354.5747215176302	Fp1
002	109	01	436.0	oddball	False		
002	110	01	440.0	oddball	False		
002	111	01	444.0	oddball	True	345.7013845733376	Fp1
002	112	01	448.0	oddball	True	343.8461410693498	Fp1
002	113	01	452.0	oddball	True	342.40594349830474	Fp1
002	114	01	456.0	oddball	True	351.2879552357775	Fp1
002	115	01	460.0	oddball	True	376.4930791886067	Fp1
002	116	01	464.0	oddball	False		
002	117	01	468.0	oddball	False		
002	118	01	472.0	oddball	True	371.6846459717073	Fp1
002	119	01	476.0	oddball	True	344.9696608606938	Fp1
002	120	01	480.0	oddball	False		
002	121	01	484.0	oddball	False		
002	122	01	488.0	oddball	False		
002	123	01	492.0	oddball	True	389.6928161481409	Fp1
002	124	01	496.0	oddball	False		
002	125	01	500.0	oddball	True	384.6900089911331	Fp1
002	126	01	504.0	task_boundary	True	356.50324905755946	Fp1
002	127	01	508.0	outside_inferred_tasks	False		
002	128	01	512.0	outside_inferred_tasks	False		
002	129	01	516.0	outside_inferred_tasks	True	424.6858204223728	TP10
002	130	01	520.0	outside_inferred_tasks	True	465.3190144033887	TP10
002	131	01	524.0	outside_inferred_tasks	False		
002	132	01	528.0	outside_inferred_tasks	False		
002	133	01	532.0	outside_inferred_tasks	False		
002	134	01	536.0	outside_inferred_tasks	False		
002	135	01	540.0	outside_inferred_tasks	True	456.5302570826044	TP10
002	136	01	544.0	outside_inferred_tasks	False		
002	137	01	548.0	outside_inferred_tasks	False		
002	138	01	552.0	outside_inferred_tasks	False		
002	139	01	556.0	outside_inferred_tasks	True	265.25908593300585	TP10
002	140	01	560.0	outside_inferred_tasks	False		
002	141	01	564.0	outside_inferred_tasks	False		
002	142	01	568.0	outside_inferred_tasks	False		
002	143	01	572.0	outside_inferred_tasks	False		
002	144	01	576.0	outside_inferred_tasks	True	343.00726177497586	Fp1
002	145	01	580.0	outside_inferred_tasks	False		
002	146	01	584.0	outside_inferred_tasks	True	269.13816745043283	TP10
002	147	01	588.0	outside_inferred_tasks	True	396.1778406529596	Fp1
002	148	01	592.0	outside_inferred_tasks	False		
002	149	01	596.0	outside_inferred_tasks	True	361.30869992703344	Fp1
002	150	01	600.0	outside_inferred_tasks	False		
002	151	01	604.0	outside_inferred_tasks	False		
002	152	01	608.0	outside_inferred_tasks	False		
002	153	01	612.0	outside_inferred_tasks	False		
002	154	01	616.0	outside_inferred_tasks	False		
002	155	01	620.0	outside_inferred_tasks	True	367.1477958703819	Fp1
002	156	01	624.0	outside_inferred_tasks	False		
002	157	01	628.0	outside_inferred_tasks	False		
002	158	01	632.0	outside_inferred_tasks	True	392.35799271054276	Fp1
002	159	01	636.0	outside_inferred_tasks	False		
002	160	01	640.0	outside_inferred_tasks	False		
002	161	01	644.0	outside_inferred_tasks	False		
002	162	01	648.0	outside_inferred_tasks	False		
002	163	01	652.0	outside_inferred_tasks	True	424.3147951627074	Fp1
002	164	01	656.0	outside_inferred_tasks	False		
002	165	01	660.0	outside_inferred_tasks	False		
002	166	01	664.0	outside_inferred_tasks	False		
002	167	01	668.0	outside_inferred_tasks	True	318.97939579531607	Fp1
002	168	01	672.0	outside_inferred_tasks	True	371.4523075366027	Fp1
002	169	01	676.0	outside_inferred_tasks	False		
002	170	01	680.0	outside_inferred_tasks	True	373.54725564736134	Fp1
002	171	01	684.0	outside_inferred_tasks	False		
002	172	01	688.0	outside_inferred_tasks	True	362.6426685334939	Fp1
002	173	01	692.0	outside_inferred_tasks	True	357.9006949394316	Fp1
002	174	01	696.0	outside_inferred_tasks	False		
002	175	01	700.0	outside_inferred_tasks	False		
002	176	01	704.0	outside_inferred_tasks	False		
002	177	01	708.0	outside_inferred_tasks	True	408.486441703126	Fp1
002	178	01	712.0	outside_inferred_tasks	False		
002	179	01	716.0	outside_inferred_tasks	False		
002	180	01	720.0	outside_inferred_tasks	False		
002	181	01	724.0	outside_inferred_tasks	False		
002	182	01	728.0	outside_inferred_tasks	False		
002	183	01	732.0	outside_inferred_tasks	False		
002	184	01	736.0	outside_inferred_tasks	False		
002	185	01	740.0	outside_inferred_tasks	False		
002	186	01	744.0	outside_inferred_tasks	False		
002	187	01	748.0	outside_inferred_tasks	False		
002	188	01	752.0	outside_inferred_tasks	False		
002	189	01	756.0	outside_inferred_tasks	True	370.6973942495373	Fp1
002	190	01	760.0	outside_inferred_tasks	False		
002	191	01	764.0	outside_inferred_tasks	False		
002	192	01	768.0	outside_inferred_tasks	True	371.7208699227005	Fp1
002	193	01	772.0	outside_inferred_tasks	True	77.48480017394479	TP10
002	194	01	776.0	outside_inferred_tasks	False		
002	195	01	780.0	outside_inferred_tasks	True	365.89582728524846	TP10
002	196	01	784.0	outside_inferred_tasks	False		
002	197	01	788.0	outside_inferred_tasks	False		
002	198	01	792.0	outside_inferred_tasks	False		
002	199	02	0.0	outside_inferred_tasks	False		
002	200	02	4.0	outside_inferred_tasks	False		
002	201	02	8.0	outside_inferred_tasks	False		
002	202	02	12.0	outside_inferred_tasks	False		
002	203	02	16.0	outside_inferred_tasks	False		
002	204	02	20.0	outside_inferred_tasks	False		
002	205	02	24.0	outside_inferred_tasks	False		
002	206	02	28.0	outside_inferred_tasks	False		
002	207	02	32.0	outside_inferred_tasks	True	327.9522885046035	Fp1
002	208	02	36.0	outside_inferred_tasks	False		
002	209	02	40.0	outside_inferred_tasks	False		
002	210	02	44.0	outside_inferred_tasks	True	330.48185628429206	Fp1
002	211	02	48.0	outside_inferred_tasks	False		
002	212	02	52.0	outside_inferred_tasks	True	438.40031283265944	AF8
002	213	02	56.0	outside_inferred_tasks	False		
002	214	02	60.0	outside_inferred_tasks	True	267.54215906992647	AF8
002	215	02	64.0	outside_inferred_tasks	True	327.0657988976497	Fp1
002	216	02	68.0	outside_inferred_tasks	True	350.76452562803456	Fp1
002	217	02	72.0	outside_inferred_tasks	False		
002	218	02	76.0	outside_inferred_tasks	False		
002	219	02	80.0	outside_inferred_tasks	False		
002	220	02	84.0	outside_inferred_tasks	False		
002	221	02	88.0	outside_inferred_tasks	False		
002	222	02	92.0	outside_inferred_tasks	True	313.68840685058706	Fp1
002	223	02	96.0	outside_inferred_tasks	False		
002	224	02	100.0	outside_inferred_tasks	True	342.7528904987862	AF7
002	225	02	104.0	outside_inferred_tasks	False		
002	226	02	108.0	outside_inferred_tasks	False		
002	227	02	112.0	outside_inferred_tasks	False		
002	228	02	116.0	outside_inferred_tasks	False		
002	229	02	120.0	task_boundary	True	217.68699606887162	AF8
002	230	02	124.0	gameplay	True	412.5865012544627	TP10
002	231	02	128.0	gameplay	True	467.7312457770971	TP10
002	232	02	132.0	gameplay	True	204.76027621580363	AF7
002	233	02	136.0	gameplay	True	158.00846816168453	TP10
002	234	02	140.0	gameplay	True	286.123152991365	Fp1
002	235	02	144.0	gameplay	True	359.94994264499854	Fp1
002	236	02	148.0	gameplay	True	261.587413213464	Fp1
002	237	02	152.0	gameplay	True	144.03784143263633	AF8
002	238	02	156.0	gameplay	True	319.0378026357932	Fp1
002	239	02	160.0	gameplay	False		
002	240	02	164.0	gameplay	True	96.72349140477948	AF8
002	241	02	168.0	gameplay	True	364.79303648274634	AF7
002	242	02	172.0	gameplay	True	367.5919749982447	Fp1
002	243	02	176.0	gameplay	True	164.51297711383333	AF8
002	244	02	180.0	gameplay	False		
002	245	02	184.0	gameplay	True	194.6494441547273	AF8
002	246	02	188.0	gameplay	True	358.60752764444686	AF8
002	247	02	192.0	gameplay	True	146.0558924666476	Fp1
002	248	02	196.0	gameplay	False		
002	249	02	200.0	gameplay	True	283.07429803116224	Fp1
002	250	02	204.0	gameplay	False		
002	251	02	208.0	gameplay	False		
002	252	02	212.0	gameplay	True	357.5184772288525	Fp1
002	253	02	216.0	gameplay	True	172.94685316173823	AF8
002	254	02	220.0	gameplay	True	293.43059844303065	AF7
002	255	02	224.0	gameplay	True	371.80033792896063	Fp1
002	256	02	228.0	gameplay	True	194.4775235490656	AF8
002	257	02	232.0	gameplay	True	116.67472045339905	AF8
002	258	02	236.0	gameplay	True	331.6324533606907	Fp1
002	259	02	240.0	gameplay	False		
002	260	02	244.0	gameplay	True	141.06426581271262	AF8
002	261	02	248.0	gameplay	True	393.159933894708	Fp1
002	262	02	252.0	gameplay	True	107.42946215096596	AF8
002	263	02	256.0	gameplay	True	360.604850401468	Fp1
002	264	02	260.0	gameplay	True	106.06582616980614	AF8
002	265	02	264.0	gameplay	True	327.8780436060791	Fp1
002	266	02	268.0	gameplay	True	396.20522222524886	Fp1
002	267	02	272.0	gameplay	True	356.0457259326879	Fp1
002	268	02	276.0	gameplay	True	192.1252054289387	AF8
002	269	02	280.0	gameplay	False		
002	270	02	284.0	gameplay	True	256.38420806545105	AF8
002	271	02	288.0	gameplay	True	393.0451950333849	AF7
002	272	02	292.0	gameplay	False		
002	273	02	296.0	gameplay	True	218.72341094180751	AF8
002	274	02	300.0	gameplay	True	365.4192950245046	Fp1
002	275	02	304.0	gameplay	True	356.1212306234198	AF7
002	276	02	308.0	gameplay	True	171.435248943182	AF8
002	277	02	312.0	gameplay	True	322.7693472581941	Fp1
002	278	02	316.0	gameplay	False		
002	279	02	320.0	gameplay	True	124.49382362915027	AF8
002	280	02	324.0	gameplay	True	422.8192590662355	AF8
002	281	02	328.0	gameplay	False		
002	282	02	332.0	gameplay	True	332.64946632883783	Fp1
002	283	02	336.0	gameplay	True	205.25109040837467	AF8
002	284	02	340.0	gameplay	False		
002	285	02	344.0	gameplay	True	167.8350367691651	AF8
002	286	02	348.0	gameplay	False		
002	287	02	352.0	gameplay	False		
002	288	02	356.0	gameplay	True	329.20331474287485	Fp1
002	289	02	360.0	gameplay	True	364.6186587668795	Fp1
002	290	02	364.0	gameplay	True	157.77904455016449	AF8
002	291	02	368.0	gameplay	False		
002	292	02	372.0	gameplay	True	93.74992347706639	AF8
002	293	02	376.0	gameplay	False		
002	294	02	380.0	gameplay	True	400.3963465918615	AF8
002	295	02	384.0	gameplay	False		
002	296	02	388.0	gameplay	True	140.82869694653942	AF8
002	297	02	392.0	gameplay	True	389.90936171348307	Fp1
002	298	02	396.0	gameplay	False		
002	299	02	400.0	gameplay	True	154.1022181104007	AF7
002	300	02	404.0	gameplay	True	374.52983744710673	AF8
002	301	02	408.0	gameplay	False		
002	302	02	412.0	gameplay	True	228.77763321527328	AF8
002	303	02	416.0	gameplay	False		
002	304	02	420.0	gameplay	True	297.7675546638395	Fp1
002	305	02	424.0	gameplay	False		
002	306	02	428.0	gameplay	True	312.8669427098668	F8
002	307	02	432.0	gameplay	False		
002	308	02	436.0	gameplay	False		
002	309	02	440.0	gameplay	False		
002	310	02	444.0	gameplay	False		
002	311	02	448.0	gameplay	True	444.2889924832732	AF8
002	312	02	452.0	gameplay	True	223.76488448860042	AF8
002	313	02	456.0	gameplay	True	443.05947001997475	AF8
002	314	02	460.0	gameplay	False		
002	315	02	464.0	gameplay	True	102.1128765954852	AF8
002	316	02	468.0	gameplay	False		
002	317	02	472.0	gameplay	False		
002	318	02	476.0	gameplay	True	139.5213313824409	AF8
002	319	02	480.0	gameplay	False		
002	320	02	484.0	gameplay	True	142.5392376480549	AF8
002	321	02	488.0	gameplay	False		
002	322	02	492.0	gameplay	False		
002	323	02	496.0	gameplay	True	361.7913731613736	AF7
002	324	02	500.0	gameplay	True	222.31243831158267	AF8
002	325	02	504.0	gameplay	False		
002	326	02	508.0	gameplay	True	208.55763195871876	AF8
002	327	02	512.0	gameplay	True	188.855788667034	AF8
002	328	02	516.0	gameplay	False		
002	329	02	520.0	gameplay	True	391.75539255865715	Fp1
002	330	02	524.0	gameplay	True	115.24935123688631	AF7
002	331	02	528.0	gameplay	True	154.50854444416987	AF8
002	332	02	532.0	gameplay	True	315.704924500071	AF8
002	333	02	536.0	gameplay	True	363.31795425806087	Fp1
002	334	02	540.0	gameplay	True	159.37193258205065	AF8
002	335	02	544.0	gameplay	False		
002	336	02	548.0	gameplay	True	160.4225725702437	AF8
002	337	02	552.0	gameplay	False		
002	338	02	556.0	gameplay	True	266.7130122731913	AF8
002	339	02	560.0	gameplay	True	218.02057587936122	AF8
002	340	02	564.0	gameplay	True	122.90743596523818	AF8
002	341	02	568.0	gameplay	False		
002	342	02	572.0	gameplay	True	188.15160308932596	AF8
002	343	02	576.0	gameplay	False		
002	344	02	580.0	gameplay	True	232.53666609290028	AF8
002	345	02	584.0	gameplay	False		
002	346	02	588.0	gameplay	True	209.80091020137465	AF8
002	347	02	592.0	gameplay	False		
002	348	02	596.0	gameplay	True	429.43035801318285	F8
002	349	02	600.0	gameplay	True	158.7030405953017	AF8
002	350	02	604.0	gameplay	False		
002	351	02	608.0	gameplay	True	167.4941938220195	AF8
002	352	02	612.0	gameplay	True	162.46654474347756	AF8
002	353	02	616.0	gameplay	True	376.65650871384236	Fp1
002	354	02	620.0	gameplay	False		
002	355	02	624.0	gameplay	True	165.14673572600879	AF8
002	356	02	628.0	gameplay	True	306.27100306703846	Fp1
002	357	02	632.0	gameplay	True	165.5419612023837	AF8
002	358	02	636.0	gameplay	False		
002	359	02	640.0	gameplay	True	140.57646141031128	AF8
002	360	02	644.0	gameplay	True	342.2508537501226	Fp1
002	361	02	648.0	gameplay	True	208.81716098043495	AF8
002	362	02	652.0	gameplay	True	129.95610390421183	AF8
002	363	02	656.0	gameplay	True	377.18189118966416	Fp1
002	364	02	660.0	gameplay	True	192.3947902734315	AF8
002	365	02	664.0	gameplay	False		
002	366	02	668.0	gameplay	True	187.1347270455081	AF7
002	367	02	672.0	gameplay	True	173.45403252948367	AF7
002	368	02	676.0	gameplay	False		
002	369	02	680.0	gameplay	True	143.8280978872293	AF8
002	370	02	684.0	gameplay	False		
002	371	02	688.0	gameplay	False		
002	372	02	692.0	gameplay	False		
002	373	02	696.0	gameplay	True	102.38933918080575	AF8
002	374	02	700.0	gameplay	True	126.3681446470992	AF8
002	375	02	704.0	gameplay	True	106.55148664551118	AF8
002	376	02	708.0	gameplay	False		
002	377	02	712.0	gameplay	False		
002	378	02	716.0	gameplay	False		
002	379	02	720.0	gameplay	True	182.69805860329265	AF8
002	380	02	724.0	gameplay	True	138.54090853845713	AF8
002	381	02	728.0	gameplay	True	113.1560779861331	AF8
002	382	02	732.0	gameplay	False		
002	383	02	736.0	gameplay	True	134.79456304922027	AF8
002	384	02	740.0	gameplay	True	131.26997354369493	AF8
002	385	02	744.0	gameplay	True	84.8273542547506	AF7
002	386	02	748.0	gameplay	True	151.57683903786435	AF8
002	387	02	752.0	gameplay	False		
002	388	02	756.0	gameplay	True	95.39109405144985	AF8
002	389	02	760.0	gameplay	True	83.04885844510345	AF8
002	390	02	764.0	gameplay	True	168.56873276757784	AF8
002	391	02	768.0	gameplay	True	176.32418773245865	AF8
002	392	02	772.0	gameplay	True	157.86295258437698	AF8
002	393	02	776.0	gameplay	True	393.7942950093861	Fp1
002	394	02	780.0	gameplay	True	151.2164834989487	AF8
002	395	02	784.0	gameplay	True	122.59733168298257	AF7
002	396	02	788.0	gameplay	True	158.0765376421291	AF8
002	397	02	792.0	gameplay	False		
002	398	02	796.0	gameplay	False		
002	399	02	800.0	gameplay	True	173.89845999768943	AF8
002	400	02	804.0	gameplay	False		
002	401	02	808.0	gameplay	False		
002	402	02	812.0	gameplay	False		
002	403	02	816.0	gameplay	True	189.87483164888306	AF8
002	404	02	820.0	gameplay	True	167.1100612269354	AF8
002	405	02	824.0	gameplay	True	158.1280513801585	AF7
002	406	02	828.0	gameplay	True	156.68437167616483	AF7
002	407	02	832.0	gameplay	True	110.22174434629353	AF8
002	408	02	836.0	gameplay	True	221.50188391148743	Fp1
002	409	02	840.0	gameplay	True	224.12121535514	AF8
002	410	02	844.0	gameplay	False		
002	411	02	848.0	gameplay	True	233.9382318932831	AF8
002	412	02	852.0	gameplay	True	222.35473563578608	AF8
002	413	02	856.0	gameplay	True	164.0144190390577	Fp1
002	414	02	860.0	gameplay	False		
002	415	02	864.0	gameplay	False		
002	416	02	868.0	gameplay	True	189.39862802361404	FC4
002	417	02	872.0	gameplay	True	142.43952132047903	AF7
002	418	02	876.0	gameplay	False		
002	419	02	880.0	gameplay	True	292.1041023847999	FC6
002	420	02	884.0	gameplay	True	333.51818015139725	FC6
002	421	02	888.0	gameplay	True	168.27812931977104	AF8
002	422	02	892.0	gameplay	False		
002	423	02	896.0	gameplay	True	185.06384240395298	AF8
002	424	02	900.0	gameplay	True	142.88277023269436	AF8
002	425	02	904.0	gameplay	True	253.45481011303906	AF7
002	426	02	908.0	gameplay	True	83.97541027651293	AF7
002	427	02	912.0	gameplay	True	110.20930074006495	AF7
002	428	02	916.0	gameplay	True	208.27587858934137	AF8
002	429	02	920.0	gameplay	False		
002	430	02	924.0	gameplay	True	344.5088339689053	FC6
002	431	02	928.0	gameplay	False		
002	432	02	932.0	gameplay	True	107.94565164688385	AF8
002	433	02	936.0	gameplay	True	180.8578677698155	AF7
002	434	02	940.0	gameplay	True	170.3463740179202	AF8
002	435	02	944.0	gameplay	True	106.20209480830721	AF7
002	436	02	948.0	gameplay	True	127.62898986237983	AF8
002	437	02	952.0	gameplay	False		
002	438	02	956.0	gameplay	True	363.8045949009313	AF8
002	439	02	960.0	gameplay	True	146.92459070121168	AF8
002	440	02	964.0	gameplay	True	156.335425909395	AF8
002	441	02	968.0	gameplay	True	139.53006331849133	AF8
002	442	02	972.0	gameplay	True	373.01869851717913	Fp1
002	443	02	976.0	gameplay	True	126.2266156559238	AF8
002	444	02	980.0	gameplay	False		
002	445	02	984.0	gameplay	True	101.27913249482238	AF7
002	446	02	988.0	gameplay	True	174.99593304028002	F7
002	447	02	992.0	gameplay	False		
002	448	02	996.0	gameplay	True	154.65792818731111	AF7
002	449	02	1000.0	gameplay	True	147.76260343654272	AF8
002	450	02	1004.0	gameplay	True	193.37643405285402	AF7
002	451	02	1008.0	gameplay	False		
002	452	02	1012.0	gameplay	True	171.60241651371572	AF8
002	453	02	1016.0	gameplay	True	448.09010228169177	F6
002	454	02	1020.0	gameplay	True	215.63245346704122	AF8
002	455	02	1024.0	gameplay	False		
002	456	02	1028.0	gameplay	True	101.03706710376969	AF8
002	457	02	1032.0	gameplay	True	123.87554133610394	AF8
002	458	02	1036.0	gameplay	True	161.6660228734602	AF7
002	459	02	1040.0	gameplay	False		
002	460	02	1044.0	gameplay	False		
002	461	02	1048.0	gameplay	True	175.99269056975163	AF8
002	462	02	1052.0	gameplay	True	202.10012782645947	AF8
002	463	02	1056.0	gameplay	False		
002	464	02	1060.0	gameplay	True	159.9753490909673	AF8
002	465	02	1064.0	gameplay	True	174.33782912797358	AF8
002	466	02	1068.0	gameplay	True	241.1195979818398	AF8
002	467	02	1072.0	gameplay	True	91.77515388976704	AF8
002	468	02	1076.0	gameplay	True	158.97614252534348	AF8
002	469	02	1080.0	gameplay	False		
002	470	02	1084.0	gameplay	True	179.68370029021224	AF8
002	471	02	1088.0	gameplay	True	135.2238079733724	AF8
002	472	02	1092.0	gameplay	True	92.45875144960722	AF8
002	473	02	1096.0	gameplay	True	213.26022281119026	AF7
002	474	02	1100.0	gameplay	True	169.51516678265182	AF8
002	475	02	1104.0	gameplay	True	169.9309154373982	AF8
002	476	02	1108.0	gameplay	True	178.55023146275826	AF8
002	477	02	1112.0	gameplay	False		
002	478	02	1116.0	gameplay	True	496.234937856372	FC6
002	479	02	1120.0	gameplay	True	182.5754085619399	AF8
002	480	02	1124.0	gameplay	True	154.29971270107086	AF8
002	481	02	1128.0	gameplay	True	181.50712528665582	AF8
002	482	02	1132.0	gameplay	True	120.01782974120793	AF8
002	483	02	1136.0	gameplay	False		
002	484	02	1140.0	gameplay	True	114.58700513416588	AF7
002	485	02	1144.0	gameplay	False		
002	486	02	1148.0	gameplay	True	154.67024945905303	AF8
002	487	02	1152.0	gameplay	True	168.60445358516816	AF7
002	488	02	1156.0	gameplay	True	126.31660431280936	AF8
002	489	02	1160.0	gameplay	True	108.03488131775046	AF7
002	490	02	1164.0	gameplay	True	95.5853878438648	AF8
002	491	02	1168.0	gameplay	True	108.62892893314486	AF8
002	492	02	1172.0	gameplay	True	136.30033068270427	AF7
002	493	02	1176.0	gameplay	False		
002	494	02	1180.0	gameplay	True	239.555007406827	AF8
002	495	02	1184.0	gameplay	True	158.90198474363177	AF8
002	496	02	1188.0	gameplay	True	104.22117586685745	AF8
002	497	02	1192.0	gameplay	False		
002	498	02	1196.0	gameplay	True	113.2080723811551	AF8
002	499	02	1200.0	gameplay	False		
002	500	02	1204.0	gameplay	True	159.00183832552997	TP10
002	501	02	1208.0	gameplay	False		
002	502	02	1212.0	gameplay	False		
002	503	02	1216.0	gameplay	True	203.07775070272888	TP10
002	504	02	1220.0	gameplay	True	165.21965732229214	AF8
002	505	02	1224.0	gameplay	False		
002	506	02	1228.0	gameplay	True	131.88782079669906	AF8
002	507	02	1232.0	gameplay	True	171.62081093250083	AF8
002	508	02	1236.0	gameplay	True	122.64203988883476	AF8
002	509	02	1240.0	gameplay	True	158.46162386309842	AF8
002	510	02	1244.0	gameplay	True	323.1009285883758	AF8
002	511	02	1248.0	gameplay	True	192.69042163506734	AF8
002	512	02	1252.0	gameplay	True	117.57458842894565	AF8
002	513	02	1256.0	gameplay	True	419.8078755501235	AF7
002	514	02	1260.0	gameplay	True	162.71763559712153	AF8
002	515	02	1264.0	gameplay	True	113.79156466695598	AF8
002	516	02	1268.0	gameplay	True	147.33251923223546	AF8
002	517	02	1272.0	gameplay	False		
002	518	02	1276.0	gameplay	True	94.45653506490731	AF8
002	519	02	1280.0	gameplay	True	126.5624538647851	AF8
002	520	02	1284.0	gameplay	True	145.75798002710494	AF8
002	521	02	1288.0	gameplay	True	212.516211819179	AF8
002	522	02	1292.0	gameplay	True	141.1214366033811	AF8
002	523	02	1296.0	gameplay	True	204.17534587135052	AF8
002	524	02	1300.0	gameplay	False		
002	525	02	1304.0	gameplay	True	285.0909491466214	AF8
002	526	02	1308.0	gameplay	True	211.63209481749556	AF8
002	527	02	1312.0	gameplay	False		
002	528	02	1316.0	gameplay	True	179.98599179686423	AF8
002	529	02	1320.0	gameplay	True	163.72701212225041	AF8
002	530	02	1324.0	gameplay	True	184.65766851696262	AF8
002	531	02	1328.0	gameplay	False		
002	532	02	1332.0	gameplay	False		
002	533	02	1336.0	gameplay	True	151.67111189046952	AF8
002	534	02	1340.0	gameplay	True	159.77149170878678	AF8
002	535	02	1344.0	gameplay	True	205.77678629519633	AF8
002	536	02	1348.0	gameplay	True	227.20866348907524	AF8
002	537	02	1352.0	gameplay	True	165.27562692448285	AF8
002	538	02	1356.0	gameplay	True	174.63894609138296	AF8
002	539	02	1360.0	gameplay	True	313.1235877535788	AF7
002	540	02	1364.0	gameplay	True	198.4950556727729	AF8
002	541	02	1368.0	gameplay	True	428.0439670490675	AF8
002	542	02	1372.0	gameplay	True	213.29666843545388	AF7
002	543	02	1376.0	gameplay	True	201.69673857655408	AF8
002	544	02	1380.0	gameplay	True	195.68955955999414	AF8
002	545	02	1384.0	gameplay	False		
002	546	02	1388.0	gameplay	True	270.60717703985324	AF8
002	547	02	1392.0	gameplay	True	215.30842556062754	AF8
002	548	02	1396.0	gameplay	True	183.4279702634457	AF8
002	549	02	1400.0	gameplay	True	182.60984010723797	AF8
002	550	02	1404.0	gameplay	True	219.5559305426353	AF8
002	551	02	1408.0	gameplay	True	389.46337061624223	AF7
002	552	02	1412.0	gameplay	True	169.9732510341261	AF8
002	553	02	1416.0	gameplay	True	157.28363763909667	AF8
002	554	02	1420.0	gameplay	True	234.25051040677295	F8
002	555	02	1424.0	gameplay	True	155.84768634738123	AF8
002	556	02	1428.0	gameplay	False		
002	557	02	1432.0	gameplay	True	129.08332016228576	AF8
002	558	02	1436.0	gameplay	True	172.22724121847472	AF8
002	559	02	1440.0	gameplay	True	144.17768067382136	AF8
002	560	02	1444.0	gameplay	True	178.66114770628008	AF8
002	561	02	1448.0	gameplay	True	191.51103159219863	AF8
002	562	02	1452.0	gameplay	True	235.42902313748408	AF7
002	563	02	1456.0	gameplay	True	129.75877728309126	AF8
002	564	02	1460.0	gameplay	False		
002	565	02	1464.0	gameplay	True	224.3634180292095	AF8
002	566	02	1468.0	gameplay	False		
002	567	02	1472.0	gameplay	True	187.17883258764235	AF8
002	568	02	1476.0	gameplay	True	344.59457274953303	AF7
002	569	02	1480.0	gameplay	True	327.5756444511911	AF7
002	570	02	1484.0	gameplay	False		
002	571	02	1488.0	gameplay	True	186.79386083482385	AF8
002	572	02	1492.0	gameplay	True	201.4400169506204	AF8
002	573	02	1496.0	gameplay	True	190.20447475691674	AF8
002	574	02	1500.0	gameplay	True	159.60459095028762	AF8
002	575	02	1504.0	gameplay	True	167.19201633282245	AF8
002	576	02	1508.0	gameplay	True	230.8124229753254	AF8
002	577	02	1512.0	gameplay	True	91.88981985774086	AF7
002	578	02	1516.0	gameplay	True	179.14950523049447	AF7
002	579	02	1520.0	gameplay	False		
002	580	02	1524.0	gameplay	True	179.77162139949036	AF8
002	581	02	1528.0	gameplay	True	225.26551016375998	AF8
002	582	02	1532.0	gameplay	True	145.222846602282	AF8
002	583	02	1536.0	gameplay	False		
002	584	02	1540.0	gameplay	True	148.85916862698178	AF8
002	585	02	1544.0	gameplay	True	92.5900037051928	AF7
002	586	02	1548.0	gameplay	True	115.83274814324501	AF8
002	587	02	1552.0	gameplay	True	148.1957546177502	AF8
002	588	02	1556.0	gameplay	False		
002	589	02	1560.0	gameplay	True	426.77793755459095	FC6
002	590	02	1564.0	gameplay	True	212.63137766832932	AF8
002	591	02	1568.0	gameplay	True	218.8651347158232	AF8
002	592	02	1572.0	gameplay	True	225.98975302951217	AF8
002	593	02	1576.0	gameplay	True	131.1385914707188	AF8
002	594	02	1580.0	gameplay	False		
002	595	02	1584.0	gameplay	True	171.59608414771895	C5
002	596	02	1588.0	gameplay	True	115.05154395241455	AF8
002	597	02	1592.0	gameplay	True	180.15700484749834	AF7
002	598	02	1596.0	gameplay	True	122.2976526631268	AF8
002	599	02	1600.0	gameplay	True	165.07106741795818	AF7
002	600	02	1604.0	gameplay	False		
002	601	02	1608.0	gameplay	True	405.36721697973695	AF8
002	602	02	1612.0	gameplay	True	180.31397948594642	AF8
002	603	02	1616.0	gameplay	True	386.83386937979117	Fp1
002	604	02	1620.0	gameplay	True	150.21058620110622	AF8
002	605	02	1624.0	gameplay	True	104.98934526028667	AF8
002	606	02	1628.0	gameplay	True	158.5977550101271	AF8
002	607	02	1632.0	gameplay	True	127.08735234652453	AF8
002	608	02	1636.0	gameplay	True	188.5083384114351	AF8
002	609	02	1640.0	gameplay	True	106.95205281417078	AF8
002	610	02	1644.0	gameplay	True	162.64627026218045	AF8
002	611	02	1648.0	gameplay	True	120.3215634136768	AF8
002	612	02	1652.0	gameplay	True	154.53085646583145	AF7
002	613	02	1656.0	gameplay	True	416.82298948225747	AF8
002	614	02	1660.0	gameplay	True	138.45471905528598	AF8
002	615	02	1664.0	gameplay	True	221.11791977775545	AF7
002	616	02	1668.0	gameplay	True	346.57795628976	AF8
002	617	02	1672.0	gameplay	True	155.45365864554452	AF8
002	618	02	1676.0	gameplay	False		
002	619	02	1680.0	gameplay	True	192.0335762734191	AF8
002	620	02	1684.0	gameplay	True	233.01800481463752	FC6
002	621	02	1688.0	gameplay	True	142.7108837215237	AF8
002	622	02	1692.0	gameplay	False		
002	623	02	1696.0	gameplay	True	76.27460839340866	AF7
002	624	02	1700.0	gameplay	True	177.63279684835368	AF8
002	625	02	1704.0	gameplay	True	192.19614360913695	AF8
002	626	02	1708.0	gameplay	True	364.43604207132194	AF7
002	627	02	1712.0	gameplay	False		
002	628	02	1716.0	gameplay	True	181.93463079068718	AF8
002	629	02	1720.0	gameplay	True	160.0518413181392	AF8
002	630	02	1724.0	gameplay	True	168.63036297077875	AF8
002	631	02	1728.0	gameplay	True	118.66552706217163	AF8
002	632	02	1732.0	gameplay	True	399.43899467398717	Fp1
002	633	02	1736.0	gameplay	True	332.6418601074299	FC6
002	634	02	1740.0	gameplay	True	175.83518171799633	AF8
002	635	02	1744.0	gameplay	True	132.54585988651374	AF8
002	636	02	1748.0	gameplay	True	153.77107203722738	AF8
002	637	02	1752.0	gameplay	True	135.72281633548224	AF8
002	638	02	1756.0	gameplay	True	137.06349140407113	AF8
002	639	02	1760.0	gameplay	True	232.6799159364505	F8
002	640	02	1764.0	gameplay	True	435.16308432704096	AF8
002	641	02	1768.0	gameplay	True	139.11626398175025	AF8
002	642	02	1772.0	gameplay	True	218.44241286720023	AF8
002	643	02	1776.0	gameplay	True	129.45720250899544	AF8
002	644	02	1780.0	gameplay	True	130.21580092656458	AF8
002	645	02	1784.0	gameplay	True	138.5671536575052	AF7
002	646	02	1788.0	gameplay	True	131.47568850783665	AF8
002	647	02	1792.0	gameplay	True	104.35845914340582	AF8
002	648	02	1796.0	gameplay	True	113.63468913998456	AF8
002	649	02	1800.0	gameplay	False		
002	650	02	1804.0	gameplay	True	380.55646375058404	Fp1
002	651	02	1808.0	gameplay	True	379.38412367223975	Fp1
002	652	02	1812.0	gameplay	True	351.80336651354406	AF7
002	653	02	1816.0	gameplay	True	141.91169701655687	AF8
002	654	02	1820.0	gameplay	True	144.87602947055822	AF8
002	655	02	1824.0	gameplay	True	161.39792975781253	AF8
002	656	02	1828.0	gameplay	True	159.00422644343917	AF8
002	657	02	1832.0	gameplay	True	179.06839704756484	AF8
002	658	02	1836.0	gameplay	True	144.28769656086106	AF8
002	659	02	1840.0	gameplay	True	156.50053366814348	AF8
002	660	02	1844.0	gameplay	True	180.31417796427465	AF8
002	661	02	1848.0	gameplay	False		
002	662	02	1852.0	gameplay	True	136.4744868123955	AF8
002	663	02	1856.0	gameplay	True	125.49293493190774	AF8
002	664	02	1860.0	gameplay	False		
002	665	02	1864.0	gameplay	True	179.34278046675587	AF8
002	666	02	1868.0	gameplay	True	120.32083489298545	AF8
002	667	02	1872.0	gameplay	True	208.1696772524729	AF8
002	668	02	1876.0	gameplay	True	112.50741929955855	AF8
002	669	02	1880.0	gameplay	True	118.94943578465907	AF7
002	670	02	1884.0	gameplay	True	119.16350522328105	AF8
002	671	02	1888.0	gameplay	True	129.8139416864589	AF8
002	672	02	1892.0	gameplay	True	164.35160016111575	AF8
002	673	02	1896.0	gameplay	True	82.21466433643891	AF7
002	674	02	1900.0	gameplay	True	218.43434462488554	AF7
002	675	02	1904.0	gameplay	False		
002	676	02	1908.0	gameplay	True	205.31681033399113	AF7
002	677	02	1912.0	gameplay	False		
002	678	02	1916.0	gameplay	True	136.43872805330165	AF8
002	679	02	1920.0	gameplay	True	137.6201169169249	AF8
002	680	02	1924.0	gameplay	False		
002	681	02	1928.0	gameplay	True	175.3247600003968	AF8
002	682	02	1932.0	gameplay	True	113.28796348881743	AF8
002	683	02	1936.0	gameplay	True	349.3864885495467	AF7
002	684	02	1940.0	gameplay	True	485.03559741570075	TP10
002	685	02	1944.0	gameplay	False		
002	686	02	1948.0	gameplay	False		
002	687	02	1952.0	task_boundary	False		
002	688	02	1956.0	outside_inferred_tasks	False		
002	689	02	1960.0	outside_inferred_tasks	False		
002	690	02	1964.0	outside_inferred_tasks	False		
002	691	02	1968.0	outside_inferred_tasks	True	300.770003715283	TP10
002	692	02	1972.0	outside_inferred_tasks	False		
002	693	02	1976.0	outside_inferred_tasks	False		
002	694	02	1980.0	outside_inferred_tasks	False		
002	695	02	1984.0	outside_inferred_tasks	True	455.3668810117713	AF8
002	696	02	1988.0	outside_inferred_tasks	False		
002	697	02	1992.0	outside_inferred_tasks	False		
002	698	02	1996.0	outside_inferred_tasks	True	326.73855503137037	Fp1
002	699	02	2000.0	outside_inferred_tasks	False		
003	0	01	0.0	outside_inferred_tasks	True	260.84714424403177	Fp1
003	1	01	4.0	outside_inferred_tasks	True	301.1086718794036	FT9
003	2	01	8.0	outside_inferred_tasks	False		
003	3	01	12.0	outside_inferred_tasks	True	617.9063405227615	FC5
003	4	01	16.0	outside_inferred_tasks	True	366.63844168787773	TP7
003	5	01	20.0	outside_inferred_tasks	True	415.3925619855111	AF7
003	6	01	24.0	outside_inferred_tasks	True	812.3534524274562	AF8
003	7	01	28.0	outside_inferred_tasks	True	243.57890264799903	TP7
003	8	01	32.0	outside_inferred_tasks	True	250.98783782852556	AF7
003	9	01	36.0	outside_inferred_tasks	True	141.25150264655525	Fp2
003	10	01	40.0	outside_inferred_tasks	True	364.9668112079394	PO7
003	11	01	44.0	outside_inferred_tasks	True	277.3875649519874	AF7
003	12	01	48.0	outside_inferred_tasks	True	243.83088658503289	AF7
003	13	01	52.0	outside_inferred_tasks	True	282.68301334399285	AF7
003	14	01	56.0	outside_inferred_tasks	True	337.28456009216296	Fp1
003	15	01	60.0	outside_inferred_tasks	True	264.56335383406156	AF7
003	16	01	64.0	outside_inferred_tasks	True	237.42016911003577	AF8
003	17	01	68.0	outside_inferred_tasks	True	338.66137617918855	F6
003	18	01	72.0	task_boundary	True	244.9625998313313	FC6
003	19	01	76.0	oddball	True	224.08972140705302	Fp2
003	20	01	80.0	oddball	True	251.76813835561833	Fp1
003	21	01	84.0	oddball	True	207.41659091150586	Fp2
003	22	01	88.0	oddball	True	218.0618089179728	Fp1
003	23	01	92.0	oddball	True	225.92935905518064	Fp2
003	24	01	96.0	oddball	True	228.61076657967618	Fp2
003	25	01	100.0	oddball	True	221.29813328770933	Fp1
003	26	01	104.0	oddball	True	208.87377504862616	Fp1
003	27	01	108.0	oddball	True	221.12165382470462	Fp1
003	28	01	112.0	oddball	True	211.07362305542958	Fp1
003	29	01	116.0	oddball	True	193.1395257828216	AF7
003	30	01	120.0	oddball	True	319.781111844719	AF7
003	31	01	124.0	oddball	True	216.50896004875247	Fp1
003	32	01	128.0	oddball	True	211.3988035201781	Fp1
003	33	01	132.0	oddball	True	219.57159383512646	Fp1
003	34	01	136.0	oddball	True	197.65707344601518	Fp1
003	35	01	140.0	oddball	True	211.685317474344	Fp1
003	36	01	144.0	oddball	True	196.5891486903837	Fp1
003	37	01	148.0	oddball	True	217.19440790063	AF7
003	38	01	152.0	oddball	True	206.90886609546456	Fp1
003	39	01	156.0	oddball	True	202.55839101273216	AF7
003	40	01	160.0	oddball	True	208.95361273121887	AF7
003	41	01	164.0	oddball	True	209.0042224144954	Fp1
003	42	01	168.0	oddball	True	293.7517769629699	AF8
003	43	01	172.0	oddball	True	243.68218940287218	AF8
003	44	01	176.0	oddball	True	185.8814229495779	Fp2
003	45	01	180.0	oddball	True	202.01099732350264	Fp1
003	46	01	184.0	oddball	True	219.52629062157123	AF7
003	47	01	188.0	oddball	True	197.68720945320516	AF7
003	48	01	192.0	oddball	True	203.4754900486778	Fp1
003	49	01	196.0	oddball	True	226.35830636822902	Fp1
003	50	01	200.0	oddball	True	225.15805747784805	AF7
003	51	01	204.0	oddball	True	206.93532533460717	Fp1
003	52	01	208.0	oddball	True	202.6433211847383	Fp1
003	53	01	212.0	oddball	True	209.06006561757602	Fp2
003	54	01	216.0	oddball	True	201.50403163041375	Fp2
003	55	01	220.0	oddball	True	203.96742971782678	AF7
003	56	01	224.0	oddball	True	209.86641609740462	Fp1
003	57	01	228.0	oddball	True	327.2017890845708	AF7
003	58	01	232.0	oddball	True	221.49664239652148	AF7
003	59	01	236.0	oddball	True	192.29452457426746	Fp1
003	60	01	240.0	oddball	True	191.117524397108	Fp1
003	61	01	244.0	oddball	True	219.8224445493584	AF7
003	62	01	248.0	oddball	True	213.5827251696016	Fp1
003	63	01	252.0	oddball	True	224.7197298237585	Fp1
003	64	01	256.0	oddball	True	206.8864474041872	Fp1
003	65	01	260.0	oddball	True	227.6684487606033	Fp1
003	66	01	264.0	oddball	True	399.49623784643387	AF8
003	67	01	268.0	oddball	True	225.49853461226513	AF7
003	68	01	272.0	oddball	True	219.25037332830593	Fp1
003	69	01	276.0	oddball	True	237.34619072590706	Fp1
003	70	01	280.0	oddball	True	226.33212981819028	Fp1
003	71	01	284.0	oddball	True	213.46927213588194	Fp2
003	72	01	288.0	oddball	True	213.75686609225363	Fp2
003	73	01	292.0	oddball	True	288.04395248653856	AF8
003	74	01	296.0	oddball	True	244.26140537795698	Fp1
003	75	01	300.0	oddball	True	206.44097115816152	Fp2
003	76	01	304.0	oddball	True	188.4043917696877	Fp2
003	77	01	308.0	oddball	True	205.26898899685474	Fp1
003	78	01	312.0	oddball	True	225.08766880658752	Fp1
003	79	01	316.0	oddball	True	289.0253287907491	AF8
003	80	01	320.0	oddball	True	300.00480562844	AF8
003	81	01	324.0	oddball	True	232.51180574563836	Fp2
003	82	01	328.0	oddball	True	66.31320360086083	P4
003	83	01	332.0	oddball	True	201.09456199300024	Fp1
003	84	01	336.0	oddball	True	216.32375254205908	Fp2
003	85	01	340.0	oddball	True	231.42592919706055	Fp2
003	86	01	344.0	oddball	True	226.3406250185331	Fp1
003	87	01	348.0	oddball	True	220.34407755333007	Fp1
003	88	01	352.0	oddball	True	249.9530252672911	Fp2
003	89	01	356.0	oddball	True	224.58730644935204	Fp1
003	90	01	360.0	oddball	True	204.9618256980345	Fp2
003	91	01	364.0	oddball	True	206.18594272776116	Fp2
003	92	01	368.0	oddball	True	226.96891756873012	Fp2
003	93	01	372.0	oddball	True	261.76850426713224	Fp2
003	94	01	376.0	oddball	True	213.01479314255945	Fp2
003	95	01	380.0	oddball	True	206.35126033554005	Fp1
003	96	01	384.0	oddball	True	220.02529464587317	Fp1
003	97	01	388.0	oddball	True	305.58726459310884	AF8
003	98	01	392.0	oddball	True	363.4689623674127	AF8
003	99	01	396.0	oddball	True	243.72630237408822	Fp2
003	100	01	400.0	oddball	True	231.94346566272563	Fp2
003	101	01	404.0	oddball	True	204.3956253253728	Fp1
003	102	01	408.0	oddball	True	220.99216777060522	Fp2
003	103	01	412.0	oddball	True	298.09492395819575	AF8
003	104	01	416.0	oddball	True	220.90621916222034	Fp2
003	105	01	420.0	oddball	True	218.707423588062	Fp2
003	106	01	424.0	oddball	True	222.61859406036473	Fp1
003	107	01	428.0	oddball	True	206.4772908526279	Fp1
003	108	01	432.0	oddball	True	203.4120439329219	Fp1
003	109	01	436.0	oddball	True	230.63214463424566	Fp2
003	110	01	440.0	oddball	True	407.0310807885574	AF8
003	111	01	444.0	oddball	True	220.02198755300776	Fp1
003	112	01	448.0	oddball	True	259.9052119443805	AF8
003	113	01	452.0	oddball	True	207.9885782527007	Fp1
003	114	01	456.0	oddball	True	234.54188074415015	Fp2
003	115	01	460.0	oddball	True	278.8581148053475	Fp1
003	116	01	464.0	oddball	True	226.16761701256792	Fp2
003	117	01	468.0	oddball	True	224.13666495325293	Fp1
003	118	01	472.0	oddball	True	201.42524694350396	Fp1
003	119	01	476.0	oddball	True	265.2008052031111	AF8
003	120	01	480.0	task_boundary	True	286.1645496253988	AF7
003	121	01	484.0	outside_inferred_tasks	True	246.0989372363117	AF8
003	122	01	488.0	outside_inferred_tasks	True	249.8221660653131	Fp2
003	123	01	492.0	outside_inferred_tasks	True	288.4309230143752	AF8
003	124	01	496.0	outside_inferred_tasks	True	489.9660782853062	AF7
003	125	01	500.0	outside_inferred_tasks	True	262.2473824119606	AF7
003	126	01	504.0	outside_inferred_tasks	True	365.8906090968838	AF8
003	127	01	508.0	outside_inferred_tasks	True	380.161635469916	AF7
003	128	01	512.0	outside_inferred_tasks	True	286.57333276393615	AF8
003	129	01	516.0	outside_inferred_tasks	True	316.42784826618134	AF7
003	130	01	520.0	outside_inferred_tasks	True	100.49815720174179	AF7
003	131	01	524.0	outside_inferred_tasks	True	361.8998098636266	Fp2
003	132	01	528.0	outside_inferred_tasks	True	331.66259631175456	Fp1
003	133	01	532.0	outside_inferred_tasks	True	337.7146138669935	Fp1
003	134	01	536.0	outside_inferred_tasks	True	483.7306962725144	FC5
003	135	02	0.0	gameplay	True	300.790435128206	AF8
003	136	02	4.0	gameplay	True	242.3158334523624	Fp2
003	137	02	8.0	gameplay	True	239.76678796720856	AF7
003	138	02	12.0	gameplay	True	229.485614278073	AF8
003	139	02	16.0	gameplay	True	284.9793927634373	AF8
003	140	02	20.0	gameplay	True	256.72891150087395	AF8
003	141	02	24.0	gameplay	True	163.04580648887068	AF8
003	142	02	28.0	gameplay	True	268.2357474095663	AF8
003	143	02	32.0	gameplay	True	116.20840043670668	AF7
003	144	02	36.0	gameplay	True	219.92314120296464	AF8
003	145	02	40.0	gameplay	True	214.21021191263816	Fp1
003	146	02	44.0	gameplay	True	198.0746454997897	T8
003	147	02	48.0	gameplay	True	235.80134548839536	AF7
003	148	02	52.0	gameplay	True	297.2481147206727	Fp1
003	149	02	56.0	gameplay	True	222.2218277618625	Fp1
003	150	02	60.0	gameplay	True	435.1306600025272	FC5
003	151	02	64.0	gameplay	True	479.5944657611979	FC5
003	152	02	68.0	gameplay	True	259.30916515332837	AF8
003	153	02	72.0	gameplay	True	139.7944522258594	F8
003	154	02	76.0	gameplay	True	220.58484617734464	Fp1
003	155	02	80.0	gameplay	True	198.06991882777567	Fp1
003	156	02	84.0	gameplay	True	203.90955324263433	AF8
003	157	02	88.0	gameplay	True	190.48424105404462	AF8
003	158	02	92.0	gameplay	True	258.9262155351382	FC5
003	159	02	96.0	gameplay	True	202.2267259315135	AF7
003	160	02	100.0	gameplay	True	297.4604942502088	FC5
003	161	02	104.0	gameplay	True	463.3533314571603	AF8
003	162	02	108.0	gameplay	True	222.26381655032606	AF8
003	163	02	112.0	gameplay	True	264.7543407536054	AF8
003	164	02	116.0	gameplay	True	186.15262545230658	Fp1
003	165	02	120.0	gameplay	True	242.23788370078776	AF7
003	166	02	124.0	gameplay	True	82.6266324927338	AF8
003	167	02	128.0	gameplay	True	221.72518107786547	AF8
003	168	02	132.0	gameplay	True	263.97152652597225	AF8
003	169	02	136.0	gameplay	True	273.3414145675152	FC5
003	170	02	140.0	gameplay	True	243.53118844818763	FC5
003	171	02	144.0	gameplay	True	320.05122320357077	F7
003	172	02	148.0	gameplay	True	298.1706230939101	AF8
003	173	02	152.0	gameplay	True	253.4978863064347	AF8
003	174	02	156.0	gameplay	True	222.00329183407237	Fp2
003	175	02	160.0	gameplay	True	242.08497938781073	AF8
003	176	02	164.0	gameplay	True	118.71276812079498	F7
003	177	02	168.0	gameplay	True	217.07361544752874	AF7
003	178	02	172.0	gameplay	True	437.23210049642796	F7
003	179	02	176.0	gameplay	True	241.80312268623285	AF8
003	180	02	180.0	gameplay	True	234.26368625310099	AF8
003	181	02	184.0	gameplay	True	203.66645001168519	Fp2
003	182	02	188.0	gameplay	True	269.0875237297962	AF8
003	183	02	192.0	gameplay	True	248.80963849543568	AF7
003	184	02	196.0	gameplay	True	279.59481712743803	AF8
003	185	02	200.0	gameplay	True	333.1370459408738	AF7
003	186	02	204.0	gameplay	True	392.18331809478934	FC5
003	187	02	208.0	gameplay	True	104.21951263076568	AF8
003	188	02	212.0	gameplay	True	375.2857656726224	F6
003	189	02	216.0	gameplay	True	135.4507594334678	AF7
003	190	02	220.0	gameplay	True	282.93313549526374	AF8
003	191	02	224.0	gameplay	True	243.4293169316298	AF8
003	192	02	228.0	gameplay	True	212.04904525675192	AF7
003	193	02	232.0	gameplay	True	188.6845620960633	AF7
003	194	02	236.0	gameplay	True	233.1795878561756	AF7
003	195	02	240.0	gameplay	True	309.0387259090155	FC6
003	196	02	244.0	gameplay	True	264.7545768344115	AF8
003	197	02	248.0	gameplay	True	233.49970939674236	AF7
003	198	02	252.0	gameplay	True	276.45905247469216	FC5
003	199	02	256.0	gameplay	True	148.3619915617324	F8
003	200	02	260.0	gameplay	True	273.11477581283015	AF8
003	201	02	264.0	gameplay	True	664.4325854267233	FC5
003	202	02	268.0	gameplay	True	128.1861073072179	C6
003	203	02	272.0	gameplay	True	308.06097347797464	AF8
003	204	02	276.0	gameplay	True	257.35991612676946	AF7
003	205	02	280.0	gameplay	False		
003	206	02	284.0	gameplay	True	222.0330422596826	FC5
003	207	02	288.0	gameplay	True	448.80525083654146	AF7
003	208	02	292.0	gameplay	True	309.38757255144304	F6
003	209	02	296.0	gameplay	True	451.1498706868834	FC5
003	210	02	300.0	gameplay	True	240.74403303038446	AF8
003	211	02	304.0	gameplay	True	263.25652223347595	AF8
003	212	02	308.0	gameplay	True	297.11083919169624	FC5
003	213	02	312.0	gameplay	True	301.50519497761195	AF7
003	214	02	316.0	gameplay	True	209.38090083215675	AF7
003	215	02	320.0	gameplay	True	199.42537994862312	AF8
003	216	02	324.0	gameplay	True	276.3217233927746	AF8
003	217	02	328.0	gameplay	True	215.69216857208696	Fp1
003	218	02	332.0	gameplay	True	201.5639034706907	FC5
003	219	02	336.0	gameplay	True	199.673800801469	AF7
003	220	02	340.0	gameplay	True	241.34554240097413	AF7
003	221	02	344.0	gameplay	True	238.63553587960288	Fp2
003	222	02	348.0	gameplay	True	311.75862043823247	AF8
003	223	02	352.0	gameplay	True	235.41866242759596	AF8
003	224	02	356.0	gameplay	True	241.7937846675888	AF7
003	225	02	360.0	gameplay	True	280.65037480615985	AF8
003	226	02	364.0	gameplay	True	225.60549482074572	AF7
003	227	02	368.0	gameplay	True	249.81913712523183	Fp1
003	228	02	372.0	gameplay	True	619.2949353088388	FC5
003	229	02	376.0	gameplay	True	620.7727640063633	FC6
003	230	02	380.0	gameplay	True	230.52567208238654	FC5
003	231	02	384.0	gameplay	True	275.1198422129557	AF8
003	232	02	388.0	gameplay	True	221.04996050218807	AF7
003	233	02	392.0	gameplay	True	500.818831264927	FC5
003	234	02	396.0	gameplay	True	131.9869152272959	AF8
003	235	02	400.0	gameplay	True	298.10124896930614	FC5
003	236	02	404.0	gameplay	True	261.50369969700256	FC5
003	237	02	408.0	gameplay	True	317.72538639096103	FC6
003	238	02	412.0	gameplay	True	259.2822564124759	FC5
003	239	02	416.0	gameplay	True	179.5607142568512	AF7
003	240	02	420.0	gameplay	True	229.3468775943647	AF8
003	241	02	424.0	gameplay	True	280.98046034126486	F7
003	242	02	428.0	gameplay	True	264.61255557324824	FC5
003	243	02	432.0	gameplay	True	213.70695445701665	AF8
003	244	02	436.0	gameplay	True	228.74235091147	AF7
003	245	02	440.0	gameplay	True	300.13807604741316	F6
003	246	02	444.0	gameplay	True	232.1726414591542	AF8
003	247	02	448.0	gameplay	True	286.0434181034596	AF8
003	248	02	452.0	gameplay	True	240.6714545678414	AF8
003	249	02	456.0	gameplay	True	224.29993371781742	AF8
003	250	02	460.0	gameplay	True	214.68394047049838	AF7
003	251	02	464.0	gameplay	True	739.4709452579344	FC5
003	252	02	468.0	gameplay	True	236.31961003520712	FC5
003	253	02	472.0	gameplay	True	235.16552675746465	F7
003	254	02	476.0	gameplay	True	483.2301016737201	FC5
003	255	02	480.0	gameplay	True	256.3390340916497	AF8
003	256	02	484.0	gameplay	True	229.74690976725785	Fp1
003	257	02	488.0	gameplay	True	210.4357140896909	FC5
003	258	02	492.0	gameplay	True	229.25869290225546	AF7
003	259	02	496.0	gameplay	True	235.8159170584934	Fp2
003	260	02	500.0	gameplay	True	251.8089518415002	AF7
003	261	02	504.0	gameplay	True	183.23825029922568	FC5
003	262	02	508.0	gameplay	True	271.5373757231282	FC6
003	263	02	512.0	gameplay	True	201.54469679880935	Fp1
003	264	02	516.0	gameplay	True	266.2414162298879	F6
003	265	02	520.0	gameplay	True	220.79338790659568	AF7
003	266	02	524.0	gameplay	True	235.63825554536817	AF8
003	267	02	528.0	gameplay	True	410.7093192034533	FC5
003	268	02	532.0	gameplay	True	223.37088340212122	FC5
003	269	02	536.0	gameplay	True	225.94132963556854	AF7
003	270	02	540.0	gameplay	True	224.86083934592594	AF8
003	271	02	544.0	gameplay	True	124.10691041983037	AF8
003	272	02	548.0	gameplay	True	254.03722335383813	AF8
003	273	02	552.0	gameplay	True	266.4718010215227	FC5
003	274	02	556.0	gameplay	True	258.75578961940147	AF7
003	275	02	560.0	gameplay	True	292.65702765477926	AF8
003	276	02	564.0	gameplay	True	238.81210271055818	AF8
003	277	02	568.0	gameplay	True	215.33928246292228	FC5
003	278	02	572.0	gameplay	True	218.34322293929014	FC5
003	279	02	576.0	gameplay	True	358.6319111940748	AF7
003	280	02	580.0	gameplay	False		
003	281	02	584.0	gameplay	True	300.20495503682747	AF8
003	282	02	588.0	gameplay	True	258.23367242906886	AF8
003	283	02	592.0	gameplay	True	228.54312033240527	AF8
003	284	02	596.0	gameplay	True	123.40787860373105	FC5
003	285	02	600.0	gameplay	True	225.57148665326963	AF8
003	286	02	604.0	gameplay	True	276.6900399103233	AF8
003	287	02	608.0	gameplay	True	233.65687516894772	AF8
003	288	02	612.0	gameplay	True	238.19309962422813	AF8
003	289	02	616.0	gameplay	True	129.07751056440202	FC5
003	290	02	620.0	gameplay	True	231.48363037273353	AF8
003	291	02	624.0	gameplay	True	222.7076944479727	Fp2
003	292	02	628.0	gameplay	True	602.967985081393	C6
003	293	02	632.0	gameplay	True	214.91501567763297	F8
003	294	02	636.0	gameplay	True	85.99189738434238	AF8
003	295	02	640.0	gameplay	True	194.43784669955184	AF7
003	296	02	644.0	gameplay	True	247.88357878940806	AF7
003	297	02	648.0	gameplay	True	242.60114977120574	AF8
003	298	02	652.0	gameplay	True	524.8132158126547	FC5
003	299	02	656.0	gameplay	True	220.40799667087347	AF7
003	300	02	660.0	gameplay	True	322.9356683742596	FC5
003	301	02	664.0	gameplay	True	279.94611292946314	F7
003	302	02	668.0	gameplay	True	198.91078152719285	Fp2
003	303	02	672.0	gameplay	True	497.2983383018947	FC5
003	304	02	676.0	gameplay	True	260.3949350669983	FC5
003	305	02	680.0	gameplay	True	217.63418537247694	Fp2
003	306	02	684.0	gameplay	True	288.0776435004182	AF8
003	307	02	688.0	gameplay	True	228.98317706520342	AF7
003	308	02	692.0	gameplay	True	299.8782875001976	AF8
003	309	02	696.0	gameplay	True	291.75245584049367	AF8
003	310	02	700.0	gameplay	True	202.46758242547668	Fp2
003	311	02	704.0	gameplay	True	185.69874538401112	F7
003	312	02	708.0	gameplay	True	259.7238687537334	AF7
003	313	02	712.0	gameplay	True	214.6099659492514	Fp1
003	314	02	716.0	gameplay	True	177.42832150009778	AF8
003	315	02	720.0	gameplay	True	230.776091895222	AF7
003	316	02	724.0	gameplay	True	225.1553571788303	AF8
003	317	02	728.0	gameplay	True	169.0032038906744	AF8
003	318	02	732.0	gameplay	True	229.8883434788127	AF8
003	319	02	736.0	gameplay	True	218.33618888671705	AF8
003	320	02	740.0	gameplay	True	214.63407855875678	AF8
003	321	02	744.0	gameplay	True	148.2578541635706	AF8
003	322	02	748.0	gameplay	True	244.94335129720267	AF7
003	323	02	752.0	gameplay	True	223.3859853708367	Fp2
003	324	02	756.0	gameplay	True	129.17452580589818	AF8
003	325	02	760.0	gameplay	True	225.34248697622965	Fp1
003	326	02	764.0	gameplay	True	252.4405205868991	AF8
003	327	02	768.0	gameplay	True	141.00215509092456	Fp1
003	328	02	772.0	gameplay	True	238.6653893593115	AF7
003	329	02	776.0	gameplay	True	227.57472153396714	F8
003	330	02	780.0	gameplay	True	272.2016213794404	FC5
003	331	02	784.0	gameplay	True	687.4050117973811	FC5
003	332	02	788.0	gameplay	True	340.9038685780337	F6
003	333	02	792.0	gameplay	True	198.69811984917797	F8
003	334	02	796.0	gameplay	True	397.0113365358772	C5
003	335	02	800.0	gameplay	True	216.64527855761568	AF7
003	336	02	804.0	gameplay	True	665.1385778842142	FC5
003	337	02	808.0	gameplay	True	173.13161800670008	AF7
003	338	02	812.0	gameplay	True	199.1497185464028	AF8
003	339	02	816.0	gameplay	True	481.49844272190364	F6
003	340	02	820.0	gameplay	True	223.40718805398765	FC5
003	341	02	824.0	gameplay	True	542.5613543216284	FC6
003	342	02	828.0	gameplay	True	295.89761278638224	FC5
003	343	02	832.0	gameplay	True	217.34038129819933	AF7
003	344	02	836.0	gameplay	True	416.1813959507615	C5
003	345	02	840.0	gameplay	True	616.9524823193958	FC5
003	346	02	844.0	gameplay	True	271.2496865858339	F7
003	347	02	848.0	gameplay	True	233.63165226464193	F6
003	348	02	852.0	gameplay	True	245.70638215945246	F8
003	349	02	856.0	gameplay	True	173.70392203689127	AF7
003	350	02	860.0	gameplay	True	299.449279148573	FC5
003	351	02	864.0	gameplay	True	301.9599524866137	FC5
003	352	02	868.0	gameplay	True	308.14117341072637	FC5
003	353	02	872.0	gameplay	True	485.61097616372354	AF7
003	354	02	876.0	gameplay	True	222.6416391796017	AF7
003	355	02	880.0	gameplay	True	254.7781289901868	AF7
003	356	02	884.0	gameplay	True	262.1742321160757	FC6
003	357	02	888.0	gameplay	True	244.93120186727705	Fp2
003	358	02	892.0	gameplay	True	160.22515437623022	AF7
003	359	02	896.0	gameplay	True	229.48938697579564	AF7
003	360	02	900.0	gameplay	True	232.47624165045764	AF8
003	361	02	904.0	gameplay	True	134.41271544334197	AF8
003	362	02	908.0	gameplay	True	230.71919947506308	AF7
003	363	02	912.0	gameplay	True	155.41496238667372	AF8
003	364	02	916.0	gameplay	True	223.16229581454672	AF7
003	365	02	920.0	gameplay	True	234.75205180433247	AF8
003	366	02	924.0	gameplay	True	267.99686365980887	AF7
003	367	02	928.0	gameplay	True	212.44960752440716	AF8
003	368	02	932.0	gameplay	True	189.51432372105262	Fp1
003	369	02	936.0	gameplay	True	235.12396985240846	AF8
003	370	02	940.0	gameplay	True	220.41264273029282	AF8
003	371	02	944.0	gameplay	True	277.73611406230106	AF8
003	372	02	948.0	gameplay	True	242.42711599010102	AF8
003	373	02	952.0	gameplay	True	196.0951114221843	AF8
003	374	02	956.0	gameplay	False		
003	375	02	960.0	gameplay	True	590.4888139701848	F6
003	376	02	964.0	gameplay	True	542.7276906630459	FC5
003	377	02	968.0	gameplay	True	574.909972003749	FC5
003	378	02	972.0	gameplay	True	197.6287685189135	AF7
003	379	02	976.0	gameplay	True	287.74015021597785	FC5
003	380	02	980.0	gameplay	False		
003	381	02	984.0	gameplay	True	781.0934124049224	FC5
003	382	02	988.0	gameplay	True	152.46503785159877	AF7
003	383	02	992.0	gameplay	True	187.71737631577852	F7
003	384	02	996.0	gameplay	True	264.19120741756853	AF8
003	385	02	1000.0	gameplay	True	218.26276362361386	AF8
003	386	02	1004.0	gameplay	True	243.90741664931107	AF7
003	387	02	1008.0	gameplay	True	253.9874184485649	AF8
003	388	02	1012.0	gameplay	True	127.64448138132188	FT9
003	389	02	1016.0	gameplay	True	258.72018385862	AF7
003	390	02	1020.0	gameplay	True	206.5727268450031	AF7
003	391	02	1024.0	gameplay	True	117.94408779041562	AF7
003	392	02	1028.0	gameplay	True	232.6511605194957	FC5
003	393	02	1032.0	gameplay	True	226.41716708673482	AF8
003	394	02	1036.0	gameplay	True	176.21495774113234	PO8
003	395	02	1040.0	gameplay	True	209.6235348536945	AF8
003	396	02	1044.0	gameplay	True	251.29856792415177	AF8
003	397	02	1048.0	gameplay	True	99.68288394834299	AF8
003	398	02	1052.0	gameplay	True	177.6764140286368	AF7
003	399	02	1056.0	gameplay	True	257.4469748137353	AF8
003	400	02	1060.0	gameplay	True	124.29046984197717	F7
003	401	02	1064.0	gameplay	True	221.99919845964786	F8
003	402	02	1068.0	gameplay	True	226.0381082051589	F7
003	403	02	1072.0	gameplay	True	246.938308247724	FC5
003	404	02	1076.0	gameplay	True	324.4138025282439	F8
003	405	02	1080.0	gameplay	True	411.11013695768463	FC5
003	406	02	1084.0	gameplay	True	224.83531137622438	F7
003	407	02	1088.0	gameplay	False		
003	408	02	1092.0	gameplay	True	217.66490119251935	AF8
003	409	02	1096.0	gameplay	True	210.4904625711349	Fp2
003	410	02	1100.0	gameplay	True	166.78134103015302	FC5
003	411	02	1104.0	gameplay	True	221.30648741875947	AF7
003	412	02	1108.0	gameplay	True	295.96076142350967	FC5
003	413	02	1112.0	gameplay	True	212.21504915709613	FC5
003	414	02	1116.0	gameplay	True	131.61774039003976	FC5
003	415	02	1120.0	gameplay	True	215.79280794001124	FC5
003	416	02	1124.0	gameplay	True	205.31388818948705	FC5
003	417	02	1128.0	gameplay	True	645.4733872654843	FC6
003	418	02	1132.0	gameplay	True	260.40977373512754	FC5
003	419	02	1136.0	gameplay	True	172.16145685770326	Fp1
003	420	02	1140.0	gameplay	True	243.39664389471199	AF7
003	421	02	1144.0	gameplay	True	215.15236204234873	AF7
003	422	02	1148.0	gameplay	True	563.9785445711233	FC5
003	423	02	1152.0	gameplay	True	494.0415175931764	F6
003	424	02	1156.0	gameplay	True	249.74884714155255	F7
003	425	02	1160.0	gameplay	True	188.26913809352573	AF7
003	426	02	1164.0	gameplay	True	181.57368415407336	Fp1
003	427	02	1168.0	gameplay	True	190.30750574930934	AF7
003	428	02	1172.0	gameplay	True	206.8931954810038	AF7
003	429	02	1176.0	gameplay	True	182.2925411937726	AF7
003	430	02	1180.0	gameplay	True	226.08080250619707	FC5
003	431	02	1184.0	gameplay	True	244.14584637974204	Fp2
003	432	02	1188.0	gameplay	True	225.43962038393397	AF8
003	433	02	1192.0	gameplay	True	246.54209815719986	Fp2
003	434	02	1196.0	gameplay	True	270.4904778717873	AF7
003	435	02	1200.0	gameplay	True	204.01190886434483	FC5
003	436	02	1204.0	gameplay	True	189.37012056561147	AF7
003	437	02	1208.0	gameplay	True	229.1381753051022	AF7
003	438	02	1212.0	gameplay	True	154.61158340730134	FC5
003	439	02	1216.0	gameplay	True	220.36652317702107	AF7
003	440	02	1220.0	gameplay	True	255.24822178187299	FC5
003	441	02	1224.0	gameplay	True	567.9467150852366	FC5
003	442	02	1228.0	gameplay	True	194.20274306927246	Fp1
003	443	02	1232.0	gameplay	True	195.82323017559557	Fp2
003	444	02	1236.0	gameplay	True	202.42632993709682	AF7
003	445	02	1240.0	gameplay	True	243.02637400348976	AF8
003	446	02	1244.0	gameplay	True	262.7818978778239	F6
003	447	02	1248.0	gameplay	True	222.42318699439443	AF8
003	448	02	1252.0	gameplay	True	204.57606477073335	AF7
003	449	02	1256.0	gameplay	True	103.6483228990162	F7
003	450	02	1260.0	gameplay	True	228.26651705502556	FC5
003	451	02	1264.0	gameplay	True	116.95307908591613	AF8
003	452	02	1268.0	gameplay	True	174.50881339801956	Fp1
003	453	02	1272.0	gameplay	True	121.84447055216762	F6
003	454	02	1276.0	gameplay	True	178.74914102782674	Fp1
003	455	02	1280.0	gameplay	True	187.18890331742182	AF8
003	456	02	1284.0	gameplay	True	125.93700759781784	AF8
003	457	02	1288.0	gameplay	True	181.6772762923661	Fp1
003	458	02	1292.0	gameplay	True	119.33891634742713	AF8
003	459	02	1296.0	gameplay	True	688.5281051513972	FC5
003	460	02	1300.0	gameplay	True	208.947516809125	FC5
003	461	02	1304.0	gameplay	True	198.77938804910465	FC5
003	462	02	1308.0	gameplay	True	234.19480831762107	FC5
003	463	02	1312.0	gameplay	True	231.25505772303245	FC5
003	464	02	1316.0	gameplay	True	555.906920104108	FC5
003	465	02	1320.0	gameplay	True	371.6565084311472	F8
003	466	02	1324.0	gameplay	True	187.35594138517544	AF7
003	467	02	1328.0	gameplay	True	204.9274131811992	AF7
003	468	02	1332.0	gameplay	True	192.03211547220874	Fp1
003	469	02	1336.0	gameplay	True	119.58262216081381	AF8
003	470	02	1340.0	gameplay	True	205.9939872709569	Fp2
003	471	02	1344.0	gameplay	True	328.1246024230183	FC5
003	472	02	1348.0	gameplay	True	413.13638207806184	F6
003	473	02	1352.0	gameplay	True	375.2965533159652	FC6
003	474	02	1356.0	gameplay	True	235.43397833423643	F8
003	475	02	1360.0	gameplay	True	227.70511552644197	FC5
003	476	02	1364.0	gameplay	True	206.92068052777532	Fp1
003	477	02	1368.0	gameplay	True	201.36796528046526	FC5
003	478	02	1372.0	gameplay	True	126.30073498803212	AF8
003	479	02	1376.0	gameplay	True	185.8399078033158	AF7
003	480	02	1380.0	gameplay	True	208.9996941543735	AF8
003	481	02	1384.0	gameplay	True	273.9123375169061	FC5
003	482	02	1388.0	gameplay	True	211.79836228073836	FC5
003	483	02	1392.0	gameplay	True	564.0838911089837	F6
003	484	02	1396.0	gameplay	True	410.8395832732536	FC5
003	485	02	1400.0	gameplay	True	179.599403101831	Fp1
003	486	02	1404.0	gameplay	True	255.0110124580065	AF8
003	487	02	1408.0	gameplay	True	102.60131053396165	AF8
003	488	02	1412.0	gameplay	True	235.68940681201858	FC5
003	489	02	1416.0	gameplay	True	403.9502098041219	FC6
003	490	02	1420.0	gameplay	True	121.11310922971063	F7
003	491	02	1424.0	gameplay	True	198.89991739057126	AF8
003	492	02	1428.0	gameplay	True	243.3638225140937	AF8
003	493	02	1432.0	gameplay	True	289.65843118760796	F6
003	494	02	1436.0	gameplay	True	295.14858185426783	F6
003	495	02	1440.0	gameplay	True	253.0669932049686	FC5
003	496	02	1444.0	gameplay	True	211.4817501319337	AF8
003	497	02	1448.0	gameplay	True	326.8957664036813	AF7
003	498	02	1452.0	gameplay	True	266.24925140913	FC5
003	499	02	1456.0	gameplay	True	175.17791709492133	F8
003	500	02	1460.0	gameplay	True	189.02318124750607	Fp1
003	501	02	1464.0	gameplay	True	138.59498945893776	AF8
003	502	02	1468.0	gameplay	True	218.57324940099267	AF8
003	503	02	1472.0	gameplay	True	198.63082078146547	Fp2
003	504	02	1476.0	gameplay	True	221.7638161094393	Fp1
003	505	02	1480.0	gameplay	True	200.5113979940927	FC6
003	506	02	1484.0	gameplay	True	239.07733833668382	FC6
003	507	02	1488.0	gameplay	True	179.89937923107462	Fp1
003	508	02	1492.0	gameplay	True	916.6459318472843	FC5
003	509	02	1496.0	gameplay	True	123.88536032966272	AF8
003	510	02	1500.0	gameplay	True	208.66915047469462	AF7
003	511	02	1504.0	gameplay	True	135.45037441409013	AF8
003	512	02	1508.0	gameplay	True	82.48590836184704	F8
003	513	02	1512.0	gameplay	True	212.01890916172763	AF8
003	514	02	1516.0	gameplay	True	153.00891074528073	AF8
003	515	02	1520.0	gameplay	True	198.6750751945337	AF8
003	516	02	1524.0	gameplay	True	239.55239041323506	AF8
003	517	02	1528.0	gameplay	True	220.3886178942452	AF7
003	518	02	1532.0	gameplay	True	137.74092837371435	AF8
003	519	02	1536.0	gameplay	True	213.6581761137743	AF7
003	520	02	1540.0	gameplay	True	84.31780991862972	AF8
003	521	02	1544.0	gameplay	True	194.68638540891808	AF8
003	522	02	1548.0	gameplay	True	120.6865497377198	AF8
003	523	02	1552.0	gameplay	True	65.0266474470546	PO8
003	524	02	1556.0	gameplay	True	134.3551556393209	AF7
003	525	02	1560.0	gameplay	True	161.25024379628752	Fp1
003	526	02	1564.0	gameplay	True	81.7500608645444	AF8
003	527	02	1568.0	gameplay	True	215.30562519947028	AF8
003	528	02	1572.0	gameplay	True	194.42871407907808	Fp1
003	529	02	1576.0	gameplay	True	195.31464693276004	AF8
003	530	02	1580.0	gameplay	True	198.22150336194767	AF7
003	531	02	1584.0	gameplay	True	211.78416021513044	Fp2
003	532	02	1588.0	gameplay	True	94.762473911679	AF7
003	533	02	1592.0	gameplay	True	173.3322632504617	AF7
003	534	02	1596.0	gameplay	True	214.1297295882255	AF8
003	535	02	1600.0	gameplay	True	227.36858330087915	AF8
003	536	02	1604.0	gameplay	True	149.27772495374032	Fp1
003	537	02	1608.0	gameplay	True	199.85066930969927	AF8
003	538	02	1612.0	gameplay	True	166.24298832841689	Fp1
003	539	02	1616.0	gameplay	True	260.8037563828602	AF8
003	540	02	1620.0	gameplay	True	199.8292457878284	Fp1
003	541	02	1624.0	gameplay	True	330.8135060914457	F6
003	542	02	1628.0	gameplay	True	232.9864572990088	AF8
003	543	02	1632.0	gameplay	True	238.63948002520002	FC5
003	544	02	1636.0	gameplay	True	500.9367664081623	FC5
003	545	02	1640.0	gameplay	True	216.8312296686485	AF8
003	546	02	1644.0	gameplay	True	422.77514511210734	FC5
003	547	02	1648.0	gameplay	True	211.89848269093093	FC5
003	548	02	1652.0	gameplay	True	193.60367916964577	Fp1
003	549	02	1656.0	gameplay	True	218.45873178083775	AF8
003	550	02	1660.0	gameplay	True	224.93920104881101	AF7
003	551	02	1664.0	gameplay	True	267.9462348864349	AF7
003	552	02	1668.0	gameplay	True	304.27280356727755	AF8
003	553	02	1672.0	gameplay	True	255.5704946678105	AF8
003	554	02	1676.0	gameplay	True	655.6036210641613	F6
003	555	02	1680.0	gameplay	True	193.85084863531404	AF8
003	556	02	1684.0	gameplay	True	553.1626115609428	FC5
003	557	02	1688.0	gameplay	True	366.2818215207091	FC5
003	558	02	1692.0	gameplay	True	217.7683711590009	AF7
003	559	02	1696.0	gameplay	True	654.9667343318034	FC5
003	560	02	1700.0	gameplay	True	443.66226066479214	F6
003	561	02	1704.0	gameplay	True	296.1189720675783	F6
003	562	02	1708.0	gameplay	True	111.29915963667173	AF8
003	563	02	1712.0	gameplay	True	221.94505260862738	AF7
003	564	02	1716.0	gameplay	True	189.06314401229582	FC5
003	565	02	1720.0	gameplay	True	525.7430408729417	FC5
003	566	02	1724.0	gameplay	True	236.03093636927892	AF8
003	567	02	1728.0	gameplay	True	228.31784372354934	AF7
003	568	02	1732.0	gameplay	True	553.5185532147614	FC6
003	569	02	1736.0	gameplay	True	261.62043694932805	F8
003	570	02	1740.0	gameplay	True	240.4922555737941	F7
003	571	02	1744.0	gameplay	True	423.05291674336394	F8
003	572	02	1748.0	gameplay	True	261.0773995210028	FC5
003	573	02	1752.0	gameplay	True	310.3840174403938	FC5
003	574	02	1756.0	gameplay	True	588.70695336858	F6
003	575	02	1760.0	gameplay	True	375.6109990212249	FC5
003	576	02	1764.0	gameplay	True	242.53111174539765	Fp2
003	577	02	1768.0	gameplay	True	231.26048216536861	AF8
003	578	02	1772.0	gameplay	True	431.29650745537344	F8
003	579	02	1776.0	gameplay	True	358.99198823914577	FC5
003	580	02	1780.0	gameplay	True	296.2093575380725	FC5
003	581	02	1784.0	gameplay	True	429.7111655813853	FC5
003	582	02	1788.0	gameplay	True	174.1795113623878	AF7
003	583	02	1792.0	gameplay	True	139.50447414599446	AF8
003	584	02	1796.0	gameplay	True	214.837806243646	AF7
003	585	02	1800.0	gameplay	True	239.5875618603459	AF8
003	586	02	1804.0	gameplay	True	130.03548395212917	AF8
003	587	02	1808.0	gameplay	True	187.3825831447021	Fp2
003	588	02	1812.0	gameplay	True	325.213042628271	AF7
003	589	02	1816.0	gameplay	True	186.05712818977673	AF8
003	590	02	1820.0	gameplay	True	230.42983570973507	AF8
003	591	02	1824.0	gameplay	True	194.18243361228735	AF8
003	592	02	1828.0	gameplay	True	127.12548405349769	AF8
003	593	02	1832.0	gameplay	True	236.69896656753826	AF8
003	594	02	1836.0	gameplay	True	68.69140994003278	AF8
003	595	02	1840.0	gameplay	True	139.3966824278657	AF8
003	596	02	1844.0	gameplay	True	160.75712933342552	Fp1
003	597	02	1848.0	gameplay	True	154.21094853618118	AF8
003	598	02	1852.0	gameplay	True	129.31451006782748	AF8
003	599	02	1856.0	gameplay	True	135.74151577606318	TP9
003	600	02	1860.0	gameplay	True	90.594070081442	AF8
003	601	02	1864.0	gameplay	True	175.472362280726	AF8
003	602	02	1868.0	gameplay	True	501.28547545125224	FC5
003	603	02	1872.0	gameplay	True	343.72811813039726	F7
003	604	02	1876.0	gameplay	True	130.1300275804683	AF8
003	605	02	1880.0	gameplay	True	208.47440274629514	Fp1
003	606	02	1884.0	gameplay	True	262.27207907592793	FC5
003	607	02	1888.0	gameplay	True	491.0940238282139	FC5
003	608	02	1892.0	gameplay	True	304.95455859825205	AF8
003	609	02	1896.0	task_boundary	True	573.9961835899537	FC6
003	610	02	1900.0	outside_inferred_tasks	True	288.39273782033695	AF8
003	611	02	1904.0	outside_inferred_tasks	True	267.20141540598513	AF8
003	612	02	1908.0	outside_inferred_tasks	True	372.52006409203364	F8
003	613	02	1912.0	outside_inferred_tasks	True	278.4853737784772	AF8
003	614	02	1916.0	outside_inferred_tasks	True	110.2993733242292	FC5
003	615	02	1920.0	outside_inferred_tasks	True	522.9007708296145	FC5
003	616	02	1924.0	outside_inferred_tasks	True	185.06758053680025	FC6
003	617	02	1928.0	outside_inferred_tasks	True	245.47455538880388	AF8
003	618	02	1932.0	outside_inferred_tasks	True	242.4571183768689	Fp2
003	619	02	1936.0	outside_inferred_tasks	True	305.17527675185937	AF8
003	620	02	1940.0	outside_inferred_tasks	True	259.63486427305224	AF8
003	621	02	1944.0	outside_inferred_tasks	True	380.5021429180317	AF8
003	622	02	1948.0	outside_inferred_tasks	True	175.7135577745177	AF7
004	0	01	0.0	outside_inferred_tasks	True	327.7955466046	Fp1
004	1	01	4.0	outside_inferred_tasks	False		
004	2	01	8.0	outside_inferred_tasks	False		
004	3	01	12.0	outside_inferred_tasks	True	410.09609116488593	Fp1
004	4	01	16.0	outside_inferred_tasks	True	324.2218694804745	Fp1
004	5	01	20.0	task_boundary	False		
004	6	01	24.0	gambling	False		
004	7	01	28.0	gambling	False		
004	8	01	32.0	gambling	True	335.38963659614905	Fp1
004	9	01	36.0	gambling	True	319.0498613833378	Fp1
004	10	01	40.0	gambling	True	365.0480069440891	Fp1
004	11	01	44.0	gambling	False		
004	12	01	48.0	gambling	True	257.8624527257101	Fp1
004	13	01	52.0	gambling	True	310.53844015574987	Fp1
004	14	01	56.0	gambling	True	284.9033346174082	Fp1
004	15	01	60.0	gambling	True	317.36280417335166	Fp1
004	16	01	64.0	gambling	True	251.93356999924777	AF7
004	17	01	68.0	gambling	True	305.39927191617744	Fp1
004	18	01	72.0	gambling	True	282.6071233518451	AF7
004	19	01	76.0	gambling	True	326.7152396238367	Fp1
004	20	01	80.0	gambling	True	253.41359274109044	Fp1
004	21	01	84.0	gambling	True	279.3553994159074	Fp1
004	22	01	88.0	gambling	True	282.0030773736915	Fp1
004	23	01	92.0	gambling	True	298.23702926253725	Fp1
004	24	01	96.0	gambling	True	273.67484612938443	Fp1
004	25	01	100.0	gambling	True	309.94598305966326	Fp1
004	26	01	104.0	gambling	True	316.95104148757235	Fp1
004	27	01	108.0	gambling	True	327.66322257691894	Fp1
004	28	01	112.0	gambling	False		
004	29	01	116.0	gambling	True	280.83380075023535	Fp1
004	30	01	120.0	gambling	True	283.4935635949174	Fp1
004	31	01	124.0	gambling	True	273.4252083358306	Fp1
004	32	01	128.0	gambling	True	282.4782212690319	Fp1
004	33	01	132.0	gambling	False		
004	34	01	136.0	gambling	True	239.06691300785604	Fp1
004	35	01	140.0	gambling	False		
004	36	01	144.0	gambling	False		
004	37	01	148.0	gambling	False		
004	38	01	152.0	gambling	True	130.41545070551203	F8
004	39	01	156.0	gambling	True	268.90790115303747	Fp1
004	40	01	160.0	gambling	True	291.33157702692307	Fp1
004	41	01	164.0	gambling	True	159.8088376034997	AF7
004	42	01	168.0	gambling	True	291.29395960793994	Fp1
004	43	01	172.0	gambling	True	297.4640724687465	Fp1
004	44	01	176.0	gambling	True	260.27951389290246	Fp1
004	45	01	180.0	gambling	True	309.22077852250544	Fp1
004	46	01	184.0	gambling	True	257.66570957118427	Fp1
004	47	01	188.0	task_boundary	True	361.38906004239203	Fp1
004	48	01	192.0	outside_inferred_tasks	False		
004	49	01	196.0	outside_inferred_tasks	True	253.87677694225934	Fp1
004	50	01	200.0	outside_inferred_tasks	False		
004	51	01	204.0	outside_inferred_tasks	False		
004	52	01	208.0	outside_inferred_tasks	False		
004	53	01	212.0	outside_inferred_tasks	False		
004	54	01	216.0	outside_inferred_tasks	False		
004	55	01	220.0	outside_inferred_tasks	True	260.7948679141093	AF7
004	56	01	224.0	outside_inferred_tasks	True	409.4935600117052	AF7
004	57	01	228.0	outside_inferred_tasks	True	301.0024254562966	Fp1
004	58	01	232.0	outside_inferred_tasks	True	273.9329252336033	Fp1
004	59	01	236.0	outside_inferred_tasks	True	318.77434479950256	Fp1
004	60	01	240.0	outside_inferred_tasks	False		
004	61	01	244.0	outside_inferred_tasks	False		
004	62	01	248.0	outside_inferred_tasks	False		
004	63	01	252.0	outside_inferred_tasks	False		
004	64	01	256.0	outside_inferred_tasks	False		
004	65	01	260.0	outside_inferred_tasks	False		
004	66	01	264.0	outside_inferred_tasks	False		
004	67	01	268.0	outside_inferred_tasks	False		
004	68	01	272.0	outside_inferred_tasks	False		
004	69	01	276.0	task_boundary	False		
004	70	01	280.0	oddball	True	293.8247062365148	Fp1
004	71	01	284.0	oddball	True	227.62218435344326	Fp1
004	72	01	288.0	oddball	True	235.64223419066693	Fp1
004	73	01	292.0	oddball	True	207.339410240994	Fp1
004	74	01	296.0	oddball	True	142.76764270445096	TP9
004	75	01	300.0	oddball	True	119.83432358385679	F7
004	76	01	304.0	oddball	True	204.82523299002236	AF7
004	77	01	308.0	oddball	True	282.06516213901864	Fp1
004	78	01	312.0	oddball	True	157.64160119134635	TP10
004	79	01	316.0	oddball	True	280.8563493677253	Fp1
004	80	01	320.0	oddball	True	248.75370731283374	Fp1
004	81	01	324.0	oddball	True	264.9374953889949	Fp1
004	82	01	328.0	oddball	True	88.8903615650011	PO3
004	83	01	332.0	oddball	True	229.30938850680667	Fp1
004	84	01	336.0	oddball	True	86.98538947917649	F7
004	85	01	340.0	oddball	True	45.81645192006708	PO8
004	86	01	344.0	oddball	True	282.2583418721474	Fp1
004	87	01	348.0	oddball	True	48.23808274011086	TP10
004	88	01	352.0	oddball	True	245.3921502176273	Fp1
004	89	01	356.0	oddball	True	317.81490231282726	Fp1
004	90	01	360.0	oddball	True	188.07963719407826	Fp1
004	91	01	364.0	oddball	True	41.03610793236056	F7
004	92	01	368.0	oddball	True	212.82357348413078	Fp1
004	93	01	372.0	oddball	True	35.12340062240384	Oz
004	94	01	376.0	oddball	True	39.01851454484888	AF7
004	95	01	380.0	oddball	True	234.1790156328014	Fp1
004	96	01	384.0	oddball	True	282.39442764251766	Fp1
004	97	01	388.0	oddball	True	224.2619011561449	Fp1
004	98	01	392.0	oddball	True	94.25975011084327	FT10
004	99	01	396.0	oddball	True	37.93044461220466	TP10
004	100	01	400.0	oddball	True	167.06961030142207	Fp1
004	101	01	404.0	oddball	True	37.58835018000907	FT10
004	102	01	408.0	oddball	True	245.47199204353683	Fp1
004	103	01	412.0	oddball	True	117.79073305789069	FT10
004	104	01	416.0	oddball	True	286.900397600573	Fp1
004	105	01	420.0	oddball	True	77.299442183145	Fp1
004	106	01	424.0	oddball	True	52.00248706473458	FT10
004	107	01	428.0	oddball	True	259.4779158547876	Fp1
004	108	01	432.0	oddball	True	164.58866862922625	Fp1
004	109	01	436.0	oddball	True	195.18530623173783	Fp1
004	110	01	440.0	oddball	True	213.10359121600433	Fp1
004	111	01	444.0	oddball	True	193.97167545261	Fp1
004	112	01	448.0	oddball	True	238.6476699994017	Fp1
004	113	01	452.0	oddball	True	250.5520582161554	Fp1
004	114	01	456.0	oddball	True	78.66526773032736	F6
004	115	01	460.0	oddball	True	211.5271102673343	Fp1
004	116	01	464.0	oddball	True	349.6890555304924	Fp1
004	117	01	468.0	oddball	True	119.65707748124107	TP9
004	118	01	472.0	oddball	True	211.03316073719012	Fp1
004	119	01	476.0	oddball	True	170.57743807830093	Fp1
004	120	01	480.0	oddball	True	306.5245047265954	AF7
004	121	01	484.0	oddball	True	202.0684201616221	Fp1
004	122	01	488.0	oddball	True	88.74463816222469	TP9
004	123	01	492.0	oddball	True	232.271377152633	Fp1
004	124	01	496.0	oddball	True	43.13429432871343	FT10
004	125	01	500.0	oddball	True	374.31384188898403	Fp1
004	126	01	504.0	oddball	True	58.67285906685659	TP9
004	127	01	508.0	oddball	True	57.02167113272888	TP9
004	128	01	512.0	oddball	True	44.13436117329432	AF7
004	129	01	516.0	oddball	True	157.14099451415288	Fp1
004	130	01	520.0	oddball	True	64.16389259109803	PO3
004	131	01	524.0	oddball	True	121.67237077118247	Fp1
004	132	01	528.0	oddball	True	90.8008916700052	P6
004	133	01	532.0	oddball	True	77.568202812334	Fp1
004	134	01	536.0	oddball	True	54.092677921886995	Fp1
004	135	01	540.0	oddball	True	383.0465459113177	Fp1
004	136	01	544.0	oddball	False		
004	137	01	548.0	oddball	False		
004	138	01	552.0	oddball	False		
004	139	01	556.0	oddball	True	392.6231221818271	AF7
004	140	01	560.0	oddball	False		
004	141	01	564.0	oddball	False		
004	142	01	568.0	oddball	False		
004	143	01	572.0	oddball	True	337.0217127089282	Fp1
004	144	01	576.0	oddball	True	356.06144603199573	Fp1
004	145	01	580.0	oddball	True	40.980264506338536	O1
004	146	01	584.0	oddball	True	69.28615742782401	F7
004	147	01	588.0	oddball	True	361.65304083710635	Fp1
004	148	01	592.0	oddball	True	269.5949279713863	Fp1
004	149	01	596.0	oddball	True	90.70534879959821	Fp1
004	150	01	600.0	oddball	True	409.6691421323261	Fp1
004	151	01	604.0	oddball	True	330.6532816863491	Fp1
004	152	01	608.0	oddball	True	278.77539748977	Fp1
004	153	01	612.0	oddball	True	269.70560371532247	Fp1
004	154	01	616.0	oddball	True	33.403579636084196	TP10
004	155	01	620.0	oddball	True	38.126184355879474	AF4
004	156	01	624.0	oddball	True	34.94156640295461	AF7
004	157	01	628.0	oddball	True	44.651079076050834	Fp1
004	158	01	632.0	oddball	True	192.90616368009714	Fp1
004	159	01	636.0	oddball	True	55.73927106275361	Fp1
004	160	01	640.0	oddball	True	54.44506054334606	T8
004	161	01	644.0	oddball	True	36.98212042215167	AF4
004	162	01	648.0	oddball	True	36.783077156062596	TP10
004	163	01	652.0	oddball	True	64.26122459017222	Fp1
004	164	01	656.0	oddball	True	344.9101934581096	Fp1
004	165	01	660.0	oddball	True	326.6352455656781	Fp1
004	166	01	664.0	oddball	True	375.5989369346835	Fp1
004	167	01	668.0	oddball	True	85.6442334583872	F7
004	168	01	672.0	oddball	True	44.39189520606121	TP9
004	169	01	676.0	oddball	True	313.5276326301792	Fp1
004	170	01	680.0	task_boundary	True	169.1678844494712	AF7
004	171	01	684.0	outside_inferred_tasks	False		
004	172	01	688.0	outside_inferred_tasks	False		
004	173	01	692.0	outside_inferred_tasks	False		
004	174	01	696.0	outside_inferred_tasks	False		
004	175	01	700.0	outside_inferred_tasks	False		
004	176	01	704.0	outside_inferred_tasks	False		
004	177	01	708.0	outside_inferred_tasks	True	344.42991546492283	AF7
004	178	01	712.0	outside_inferred_tasks	True	283.141760843142	AF7
004	179	01	716.0	outside_inferred_tasks	True	306.36553111162846	Fp1
004	180	01	720.0	outside_inferred_tasks	False		
004	181	01	724.0	outside_inferred_tasks	False		
004	182	01	728.0	outside_inferred_tasks	False		
004	183	01	732.0	outside_inferred_tasks	False		
004	184	02	0.0	outside_inferred_tasks	True	753.3438091728824	POz
004	185	02	4.0	outside_inferred_tasks	False		
004	186	02	8.0	outside_inferred_tasks	False		
004	187	02	12.0	outside_inferred_tasks	False		
004	188	02	16.0	outside_inferred_tasks	False		
004	189	02	20.0	outside_inferred_tasks	False		
004	190	02	24.0	outside_inferred_tasks	False		
004	191	02	28.0	outside_inferred_tasks	False		
004	192	02	32.0	outside_inferred_tasks	False		
004	193	02	36.0	outside_inferred_tasks	True	366.4745091851589	Fp1
004	194	02	40.0	outside_inferred_tasks	False		
004	195	02	44.0	outside_inferred_tasks	True	224.5684198311303	F8
004	196	02	48.0	outside_inferred_tasks	False		
004	197	02	52.0	outside_inferred_tasks	False		
004	198	02	56.0	outside_inferred_tasks	True	410.6320179774137	Fp1
004	199	02	60.0	outside_inferred_tasks	True	481.2978959841326	Fp1
004	200	02	64.0	outside_inferred_tasks	False		
004	201	02	68.0	outside_inferred_tasks	True	135.86256383901312	AF4
004	202	02	72.0	task_boundary	False		
004	203	02	76.0	gameplay	True	202.05153599330305	AF7
004	204	02	80.0	gameplay	True	131.14311189559524	AF7
004	205	02	84.0	gameplay	False		
004	206	02	88.0	gameplay	False		
004	207	02	92.0	gameplay	False		
004	208	02	96.0	gameplay	True	185.8403697870036	AF7
004	209	02	100.0	gameplay	False		
004	210	02	104.0	gameplay	False		
004	211	02	108.0	gameplay	False		
004	212	02	112.0	gameplay	False		
004	213	02	116.0	gameplay	True	338.7166470438494	Fp1
004	214	02	120.0	gameplay	False		
004	215	02	124.0	gameplay	False		
004	216	02	128.0	gameplay	False		
004	217	02	132.0	gameplay	False		
004	218	02	136.0	gameplay	False		
004	219	02	140.0	gameplay	True	349.689414065344	AF7
004	220	02	144.0	gameplay	False		
004	221	02	148.0	gameplay	False		
004	222	02	152.0	gameplay	False		
004	223	02	156.0	gameplay	False		
004	224	02	160.0	gameplay	False		
004	225	02	164.0	gameplay	True	380.42343829488	Fp1
004	226	02	168.0	gameplay	False		
004	227	02	172.0	gameplay	True	201.91193351878727	TP7
004	228	02	176.0	gameplay	True	331.695933371279	Fp1
004	229	02	180.0	gameplay	True	345.7965307440924	AF7
004	230	02	184.0	gameplay	True	335.1476509031862	Fp1
004	231	02	188.0	gameplay	False		
004	232	02	192.0	gameplay	False		
004	233	02	196.0	gameplay	False		
004	234	02	200.0	gameplay	True	295.2853768502981	Fp1
004	235	02	204.0	gameplay	True	286.82258171831126	Fp1
004	236	02	208.0	gameplay	False		
004	237	02	212.0	gameplay	True	352.5274647693336	AF7
004	238	02	216.0	gameplay	True	277.9336043473389	Fp1
004	239	02	220.0	gameplay	True	374.0704256537542	Fp1
004	240	02	224.0	gameplay	True	351.2517270597739	Fp1
004	241	02	228.0	gameplay	True	318.3132774724059	Fp1
004	242	02	232.0	gameplay	False		
004	243	02	236.0	gameplay	False		
004	244	02	240.0	gameplay	False		
004	245	02	244.0	gameplay	True	370.7068166720714	AF7
004	246	02	248.0	gameplay	False		
004	247	02	252.0	gameplay	True	289.03587275213414	AF7
004	248	02	256.0	gameplay	True	307.3657603291956	AF7
004	249	02	260.0	gameplay	True	328.1946860928255	AF7
004	250	02	264.0	gameplay	True	333.87323680267747	Fp1
004	251	02	268.0	gameplay	True	288.2748025333865	Fp1
004	252	02	272.0	gameplay	False		
004	253	02	276.0	gameplay	False		
004	254	02	280.0	gameplay	False		
004	255	02	284.0	gameplay	False		
004	256	02	288.0	gameplay	True	302.82681960102366	Fp1
004	257	02	292.0	gameplay	True	409.9798883947576	AF7
004	258	02	296.0	gameplay	True	335.4792851342539	AF7
004	259	02	300.0	gameplay	True	117.24309510125589	F8
004	260	02	304.0	gameplay	True	318.1446143055302	AF7
004	261	02	308.0	gameplay	True	295.5400192041039	Fp1
004	262	02	312.0	gameplay	False		
004	263	02	316.0	gameplay	True	305.99864509533177	Fp1
004	264	02	320.0	gameplay	False		
004	265	02	324.0	gameplay	True	326.90850701025226	Fp1
004	266	02	328.0	gameplay	True	207.60314113100446	Fp1
004	267	02	332.0	gameplay	False		
004	268	02	336.0	gameplay	False		
004	269	02	340.0	gameplay	True	311.7087205199311	Fp1
004	270	02	344.0	gameplay	True	302.1034424465922	Fp1
004	271	02	348.0	gameplay	False		
004	272	02	352.0	gameplay	False		
004	273	02	356.0	gameplay	True	155.20576435530577	AF7
004	274	02	360.0	gameplay	True	259.87278671615553	AF7
004	275	02	364.0	gameplay	True	303.131396223446	Fp1
004	276	02	368.0	gameplay	True	358.25856654791477	Fp1
004	277	02	372.0	gameplay	True	273.60220255555106	Fp1
004	278	02	376.0	gameplay	True	283.3875076041129	Fp1
004	279	02	380.0	gameplay	False		
004	280	02	384.0	gameplay	False		
004	281	02	388.0	gameplay	True	286.7224421593485	AF7
004	282	02	392.0	gameplay	False		
004	283	02	396.0	gameplay	False		
004	284	02	400.0	gameplay	True	359.8954767050338	AF7
004	285	02	404.0	gameplay	False		
004	286	02	408.0	gameplay	True	310.6582327887027	AF7
004	287	02	412.0	gameplay	True	359.2486945101053	Fp1
004	288	02	416.0	gameplay	False		
004	289	02	420.0	gameplay	False		
004	290	02	424.0	gameplay	False		
004	291	02	428.0	gameplay	False		
004	292	02	432.0	gameplay	True	269.68205942223665	Fp1
004	293	02	436.0	gameplay	False		
004	294	02	440.0	gameplay	True	345.53893954337775	AF7
004	295	02	444.0	gameplay	True	333.96523223045074	Fp1
004	296	02	448.0	gameplay	True	355.1830204241485	Fp1
004	297	02	452.0	gameplay	True	310.16905514022136	Fp1
004	298	02	456.0	gameplay	False		
004	299	02	460.0	gameplay	True	347.2727574749836	AF7
004	300	02	464.0	gameplay	False		
004	301	02	468.0	gameplay	True	345.18715563834246	Fp1
004	302	02	472.0	gameplay	False		
004	303	02	476.0	gameplay	True	328.37648662445935	AF7
004	304	02	480.0	gameplay	True	313.8530264568491	AF7
004	305	02	484.0	gameplay	False		
004	306	02	488.0	gameplay	False		
004	307	02	492.0	gameplay	True	321.0233600786505	Fp1
004	308	02	496.0	gameplay	True	304.85604786843777	AF7
004	309	02	500.0	gameplay	True	278.75271934921426	Fp1
004	310	02	504.0	gameplay	False		
004	311	02	508.0	gameplay	True	294.9196353996401	Fp1
004	312	02	512.0	gameplay	True	226.17011203734853	Fp1
004	313	02	516.0	gameplay	True	315.4919960838316	AF7
004	314	02	520.0	gameplay	False		
004	315	02	524.0	gameplay	False		
004	316	02	528.0	gameplay	True	170.3835902903546	T7
004	317	02	532.0	gameplay	False		
004	318	02	536.0	gameplay	True	310.56317835023253	Fp1
004	319	02	540.0	gameplay	False		
004	320	02	544.0	gameplay	False		
004	321	02	548.0	gameplay	True	341.8091040643956	Fp1
004	322	02	552.0	gameplay	False		
004	323	02	556.0	gameplay	False		
004	324	02	560.0	gameplay	False		
004	325	02	564.0	gameplay	False		
004	326	02	568.0	gameplay	False		
004	327	02	572.0	gameplay	True	209.90228222863254	T7
004	328	02	576.0	gameplay	False		
004	329	02	580.0	gameplay	True	281.0676755098406	Fp1
004	330	02	584.0	gameplay	False		
004	331	02	588.0	gameplay	False		
004	332	02	592.0	gameplay	False		
004	333	02	596.0	gameplay	False		
004	334	02	600.0	gameplay	True	130.22528042299749	F7
004	335	02	604.0	gameplay	False		
004	336	02	608.0	gameplay	False		
004	337	02	612.0	gameplay	True	313.1303169544072	AF7
004	338	02	616.0	gameplay	True	166.051025061166	T7
004	339	02	620.0	gameplay	False		
004	340	02	624.0	gameplay	False		
004	341	02	628.0	gameplay	False		
004	342	02	632.0	gameplay	True	334.26620412514717	AF7
004	343	02	636.0	gameplay	False		
004	344	02	640.0	gameplay	True	348.3198538598853	AF7
004	345	02	644.0	gameplay	True	267.69734147900954	AF7
004	346	02	648.0	gameplay	True	350.8088218275888	Fp1
004	347	02	652.0	gameplay	False		
004	348	02	656.0	gameplay	True	319.6975623334323	AF7
004	349	02	660.0	gameplay	True	339.6641613100887	Fp1
004	350	02	664.0	gameplay	True	305.50632410998577	Fp1
004	351	02	668.0	gameplay	True	343.8485252758935	AF7
004	352	02	672.0	gameplay	True	164.5007281329006	AF7
004	353	02	676.0	gameplay	True	177.78781829938453	Fp1
004	354	02	680.0	gameplay	True	329.86964311681436	Fp1
004	355	02	684.0	gameplay	True	196.25093785099926	AF7
004	356	02	688.0	gameplay	True	301.19450336646327	Fp1
004	357	02	692.0	gameplay	False		
004	358	02	696.0	gameplay	False		
004	359	02	700.0	gameplay	True	257.5835750493906	Fp1
004	360	02	704.0	gameplay	True	330.7548743361089	Fp1
004	361	02	708.0	gameplay	True	124.4091069145141	AF7
004	362	02	712.0	gameplay	True	257.07215429211664	Fp1
004	363	02	716.0	gameplay	False		
004	364	02	720.0	gameplay	True	214.39703313098258	AF7
004	365	02	724.0	gameplay	True	200.6313243329224	AF7
004	366	02	728.0	gameplay	False		
004	367	02	732.0	gameplay	True	339.2823324349648	Fp1
004	368	02	736.0	gameplay	False		
004	369	02	740.0	gameplay	False		
004	370	02	744.0	gameplay	True	339.34571717858466	AF7
004	371	02	748.0	gameplay	True	266.875838464731	Fp1
004	372	02	752.0	gameplay	True	327.1320791722263	Fp1
004	373	02	756.0	gameplay	True	330.13012599942397	Fp1
004	374	02	760.0	gameplay	True	188.59406593398495	Fp1
004	375	02	764.0	gameplay	True	340.79515006578754	AF7
004	376	02	768.0	gameplay	True	211.75244093619816	AF7
004	377	02	772.0	gameplay	False		
004	378	02	776.0	gameplay	True	327.12304607243885	AF7
004	379	02	780.0	gameplay	True	358.02275768843424	Fp1
004	380	02	784.0	gameplay	True	352.11310469220376	Fp1
004	381	02	788.0	gameplay	True	125.41733523799859	AF7
004	382	02	792.0	gameplay	True	286.43818604159225	Fp1
004	383	02	796.0	gameplay	True	293.98813549660457	Fp1
004	384	02	800.0	gameplay	True	347.7980185797511	AF7
004	385	02	804.0	gameplay	True	302.22302905686735	Fp1
004	386	02	808.0	gameplay	True	303.66876875581806	Fp1
004	387	02	812.0	gameplay	True	300.2827979791461	Fp1
004	388	02	816.0	gameplay	True	306.70822074202187	AF7
004	389	02	820.0	gameplay	False		
004	390	02	824.0	gameplay	False		
004	391	02	828.0	task_boundary	False		
004	392	02	832.0	outside_inferred_tasks	False		
004	393	02	836.0	outside_inferred_tasks	True	352.9042733382113	Fp1
004	394	02	840.0	outside_inferred_tasks	False		
004	395	02	844.0	outside_inferred_tasks	False		
004	396	02	848.0	outside_inferred_tasks	False		
004	397	02	852.0	outside_inferred_tasks	False		
004	398	02	856.0	outside_inferred_tasks	False		
004	399	02	860.0	outside_inferred_tasks	False		
004	400	02	864.0	task_boundary	False		
004	401	02	868.0	gameplay	False		
004	402	02	872.0	gameplay	True	236.45621439421734	AF7
004	403	02	876.0	gameplay	True	260.61704590744347	Fp1
004	404	02	880.0	gameplay	True	370.16126136504977	Fp1
004	405	02	884.0	gameplay	False		
004	406	02	888.0	gameplay	False		
004	407	02	892.0	gameplay	False		
004	408	02	896.0	gameplay	False		
004	409	02	900.0	gameplay	True	442.60555936243145	AF7
004	410	02	904.0	gameplay	False		
004	411	02	908.0	gameplay	True	321.4662928529006	AF7
004	412	02	912.0	gameplay	True	370.7977971746187	Fp1
004	413	02	916.0	gameplay	True	312.16021619881803	Fp1
004	414	02	920.0	gameplay	False		
004	415	02	924.0	gameplay	False		
004	416	02	928.0	gameplay	True	377.84504575774605	AF7
004	417	02	932.0	gameplay	True	325.1032856571167	Fp1
004	418	02	936.0	gameplay	True	324.22289213934164	Fp1
004	419	02	940.0	gameplay	True	363.34405462499427	AF7
004	420	02	944.0	gameplay	True	366.2632437136178	AF7
004	421	02	948.0	gameplay	False		
004	422	02	952.0	gameplay	False		
004	423	02	956.0	gameplay	True	267.1846001555018	Fp1
004	424	02	960.0	gameplay	True	313.3183355306089	Fp1
004	425	02	964.0	gameplay	True	435.1341846029693	AF7
004	426	02	968.0	gameplay	True	383.2298954367834	Fp1
004	427	02	972.0	gameplay	True	346.39956555341587	AF7
004	428	02	976.0	gameplay	True	129.03693355935528	Fp1
004	429	02	980.0	gameplay	True	297.61589740277134	AF7
004	430	02	984.0	gameplay	True	252.91456547640053	Fp1
004	431	02	988.0	gameplay	False		
004	432	02	992.0	gameplay	True	283.58856512433135	Fp1
004	433	02	996.0	gameplay	True	320.9994881125078	Fp1
004	434	02	1000.0	gameplay	True	316.91518318509924	Fp1
004	435	02	1004.0	gameplay	True	120.4844623782121	Fp1
004	436	02	1008.0	gameplay	True	370.7553779534733	Fp1
004	437	02	1012.0	gameplay	True	280.9498018311609	Fp1
004	438	02	1016.0	gameplay	True	333.8666795612467	Fp1
004	439	02	1020.0	gameplay	True	280.00818206852495	Fp1
004	440	02	1024.0	gameplay	True	365.0558229072856	Fp1
004	441	02	1028.0	gameplay	False		
004	442	02	1032.0	gameplay	True	327.6973870100138	Fp1
004	443	02	1036.0	gameplay	True	321.15914084292723	AF7
004	444	02	1040.0	gameplay	True	326.45898357461215	Fp1
004	445	02	1044.0	gameplay	False		
004	446	02	1048.0	gameplay	False		
004	447	02	1052.0	gameplay	True	315.22967424824117	Fp1
004	448	02	1056.0	gameplay	True	365.2072439013169	AF7
004	449	02	1060.0	gameplay	True	344.3007270762905	AF7
004	450	02	1064.0	gameplay	True	352.98415998507477	AF7
004	451	02	1068.0	gameplay	False		
004	452	02	1072.0	gameplay	True	331.45878909289456	Fp1
004	453	02	1076.0	gameplay	False		
004	454	02	1080.0	gameplay	False		
004	455	02	1084.0	gameplay	False		
004	456	02	1088.0	gameplay	False		
004	457	02	1092.0	gameplay	False		
004	458	02	1096.0	gameplay	False		
004	459	02	1100.0	gameplay	True	274.9719229708441	Fp1
004	460	02	1104.0	gameplay	False		
004	461	02	1108.0	gameplay	False		
004	462	02	1112.0	gameplay	True	331.2279273750215	Fp1
004	463	02	1116.0	gameplay	True	314.3030541548605	Fp1
004	464	02	1120.0	gameplay	True	401.75318028449277	AF7
004	465	02	1124.0	gameplay	True	287.67852702772996	AF7
004	466	02	1128.0	gameplay	False		
004	467	02	1132.0	gameplay	False		
004	468	02	1136.0	gameplay	False		
004	469	02	1140.0	gameplay	True	144.93526433323473	AF7
004	470	02	1144.0	gameplay	False		
004	471	02	1148.0	gameplay	True	351.8759527664194	AF7
004	472	02	1152.0	gameplay	False		
004	473	02	1156.0	gameplay	True	383.4722206959167	AF7
004	474	02	1160.0	gameplay	False		
004	475	02	1164.0	gameplay	True	186.81996100812785	Fp1
004	476	02	1168.0	gameplay	True	120.64997452211144	AF7
004	477	02	1172.0	gameplay	True	344.3364096744533	AF7
004	478	02	1176.0	gameplay	True	109.23075067240956	O1
004	479	02	1180.0	gameplay	True	300.1320795115959	Fp1
004	480	02	1184.0	gameplay	True	106.0791622102503	AF7
004	481	02	1188.0	gameplay	False		
004	482	02	1192.0	gameplay	True	342.43445517155214	Fp1
004	483	02	1196.0	gameplay	True	390.9011140441131	AF7
004	484	02	1200.0	gameplay	True	309.678908357471	AF7
004	485	02	1204.0	gameplay	False		
004	486	02	1208.0	gameplay	True	304.6213676538229	Fp1
004	487	02	1212.0	gameplay	True	295.44403015089824	Fp1
004	488	02	1216.0	gameplay	True	348.4810247712671	Fp1
004	489	02	1220.0	gameplay	True	290.08233931710794	Fp1
004	490	02	1224.0	gameplay	True	309.2673677157566	Fp1
004	491	02	1228.0	gameplay	True	105.31991553662122	Oz
004	492	02	1232.0	gameplay	True	249.58292308617035	AF7
004	493	02	1236.0	gameplay	True	362.11524845727547	AF7
004	494	02	1240.0	gameplay	True	355.53063885561363	AF7
004	495	02	1244.0	gameplay	False		
004	496	02	1248.0	gameplay	True	106.03097890021589	Fp1
004	497	02	1252.0	gameplay	True	322.7846446279602	Fp1
004	498	02	1256.0	gameplay	True	351.4713052389366	AF7
004	499	02	1260.0	gameplay	True	100.51916478386347	AF7
004	500	02	1264.0	gameplay	False		
004	501	02	1268.0	gameplay	False		
004	502	02	1272.0	gameplay	True	344.7278811920413	AF7
004	503	02	1276.0	gameplay	True	170.05625869916278	Fp1
004	504	02	1280.0	gameplay	True	354.7830878762576	Fp1
004	505	02	1284.0	gameplay	False		
004	506	02	1288.0	gameplay	True	323.924765920602	Fp1
004	507	02	1292.0	gameplay	True	307.23910068847294	Fp1
004	508	02	1296.0	gameplay	True	252.74089751662856	Fp1
004	509	02	1300.0	gameplay	False		
004	510	02	1304.0	gameplay	True	322.93614872007424	AF7
004	511	02	1308.0	gameplay	True	126.29275854518163	F8
004	512	02	1312.0	gameplay	True	329.64717781479635	AF7
004	513	02	1316.0	gameplay	True	293.4954826564392	Fp1
004	514	02	1320.0	gameplay	True	327.5732563890852	AF7
004	515	02	1324.0	gameplay	True	242.12861569139278	Fp1
004	516	02	1328.0	gameplay	True	316.2684017213211	AF7
004	517	02	1332.0	gameplay	True	322.47625635532063	Fp1
004	518	02	1336.0	gameplay	True	133.93378798823233	AF7
004	519	02	1340.0	gameplay	True	345.58177824189517	Fp1
004	520	02	1344.0	gameplay	True	156.96576260745118	AF7
004	521	02	1348.0	gameplay	True	320.90579880318705	AF7
004	522	02	1352.0	gameplay	True	312.5582191841125	Fp1
004	523	02	1356.0	gameplay	False		
004	524	02	1360.0	gameplay	True	317.11488286857934	Fp1
004	525	02	1364.0	gameplay	False		
004	526	02	1368.0	gameplay	True	317.0979223848326	Fp1
004	527	02	1372.0	gameplay	True	322.03929445796797	Fp1
004	528	02	1376.0	gameplay	False		
004	529	02	1380.0	gameplay	False		
004	530	02	1384.0	gameplay	True	287.6795914209	Fp1
004	531	02	1388.0	gameplay	False		
004	532	02	1392.0	gameplay	True	210.78720799681648	AF7
004	533	02	1396.0	gameplay	True	293.30787574977353	Fp1
004	534	02	1400.0	gameplay	True	380.9279930729369	AF7
004	535	02	1404.0	gameplay	True	145.01342724879365	AF7
004	536	02	1408.0	gameplay	False		
004	537	02	1412.0	gameplay	True	91.91182683597576	Oz
004	538	02	1416.0	gameplay	True	254.805743649016	Fp1
004	539	02	1420.0	gameplay	True	302.4611769234575	Fp1
004	540	02	1424.0	gameplay	True	173.1539226456768	AF7
004	541	02	1428.0	gameplay	True	76.75013334720255	O2
004	542	02	1432.0	gameplay	True	403.2027880542067	AF7
004	543	02	1436.0	gameplay	True	335.5113897594775	AF7
004	544	02	1440.0	gameplay	True	336.7927464736401	AF7
004	545	02	1444.0	gameplay	True	106.83235519839293	P7
004	546	02	1448.0	gameplay	True	90.42563418341963	TP9
004	547	02	1452.0	gameplay	True	252.25921575176704	Fp1
004	548	02	1456.0	gameplay	True	104.03977173575015	O1
004	549	02	1460.0	gameplay	True	342.002269031902	Fp1
004	550	02	1464.0	gameplay	True	351.36080077068533	AF7
004	551	02	1468.0	gameplay	True	313.9368167088711	Fp1
004	552	02	1472.0	gameplay	True	340.4121316577904	Fp1
004	553	02	1476.0	gameplay	True	329.9787514402049	Fp1
004	554	02	1480.0	gameplay	True	312.87026887209606	Fp1
004	555	02	1484.0	gameplay	False		
004	556	02	1488.0	gameplay	False		
004	557	02	1492.0	gameplay	True	262.84728149744126	Fp1
004	558	02	1496.0	gameplay	True	127.04092760272323	F8
004	559	02	1500.0	gameplay	False		
004	560	02	1504.0	gameplay	True	337.3860159680566	AF7
004	561	02	1508.0	gameplay	True	354.249006989772	Fp1
004	562	02	1512.0	gameplay	True	346.7074731825206	Fp1
004	563	02	1516.0	gameplay	True	193.47315150596168	AF7
004	564	02	1520.0	gameplay	False		
004	565	02	1524.0	gameplay	True	106.49935120339836	F8
004	566	02	1528.0	gameplay	True	349.18150985444953	Fp1
004	567	02	1532.0	gameplay	True	197.70718315767888	AF7
004	568	02	1536.0	gameplay	True	133.33874481903425	AF7
004	569	02	1540.0	gameplay	True	248.14764323761116	Fp1
004	570	02	1544.0	gameplay	True	355.1776725414541	Fp1
004	571	02	1548.0	gameplay	True	279.06549376622223	Fp1
004	572	02	1552.0	gameplay	True	271.8735652198714	Fp1
004	573	02	1556.0	gameplay	True	289.12583854167207	Fp1
004	574	02	1560.0	gameplay	True	115.56130199884427	F8
004	575	02	1564.0	gameplay	True	295.227484745461	Fp1
004	576	02	1568.0	gameplay	True	128.74919489426753	O1
004	577	02	1572.0	gameplay	True	92.23550016948055	AF7
004	578	02	1576.0	gameplay	True	264.09814019058496	Fp1
004	579	02	1580.0	gameplay	True	108.3512418020516	O1
004	580	02	1584.0	gameplay	True	255.43249437741173	Fp1
004	581	02	1588.0	gameplay	True	280.3170467361294	Fp1
004	582	02	1592.0	gameplay	False		
004	583	02	1596.0	gameplay	True	324.65003136659703	Fp1
004	584	02	1600.0	gameplay	False		
004	585	02	1604.0	gameplay	False		
004	586	02	1608.0	gameplay	True	349.2415002027167	Fp1
004	587	02	1612.0	gameplay	False		
004	588	02	1616.0	gameplay	True	353.4126272368437	Fp1
004	589	02	1620.0	gameplay	True	317.63207958600094	AF7
004	590	02	1624.0	gameplay	True	311.0850283934434	Fp1
004	591	02	1628.0	gameplay	True	100.54525730804981	AF7
004	592	02	1632.0	gameplay	True	326.871535453826	Fp1
004	593	02	1636.0	gameplay	False		
004	594	02	1640.0	gameplay	True	379.90203816739455	AF7
004	595	02	1644.0	gameplay	True	333.2003012857537	Fp1
004	596	02	1648.0	gameplay	True	326.5791118038176	Fp1
004	597	02	1652.0	gameplay	True	305.754973462147	AF7
004	598	02	1656.0	gameplay	True	309.8672063064787	Fp1
004	599	02	1660.0	gameplay	True	121.09632086609376	AF7
004	600	02	1664.0	gameplay	True	327.07443147312995	AF7
004	601	02	1668.0	gameplay	True	300.6112740017427	AF7
004	602	02	1672.0	gameplay	True	344.4587777237659	Fp1
004	603	02	1676.0	gameplay	True	112.47714587016787	Fp1
004	604	02	1680.0	gameplay	True	272.27219697549356	Fp1
004	605	02	1684.0	gameplay	True	101.3004148648253	AF4
004	606	02	1688.0	gameplay	False		
004	607	02	1692.0	gameplay	True	311.9992671465402	Fp1
004	608	02	1696.0	gameplay	True	196.80487765229705	AF7
004	609	02	1700.0	gameplay	True	330.2574301035695	Fp1
004	610	02	1704.0	gameplay	False		
004	611	02	1708.0	gameplay	True	353.63795426858223	Fp1
004	612	02	1712.0	gameplay	True	275.93287212274026	Fp1
004	613	02	1716.0	gameplay	True	328.09370323707515	AF7
004	614	02	1720.0	gameplay	True	94.90009671927595	Fp1
004	615	02	1724.0	gameplay	True	360.8589851000662	Fp1
004	616	02	1728.0	gameplay	True	333.9268944644167	Fp1
004	617	02	1732.0	gameplay	True	334.7881919741726	Fp1
004	618	02	1736.0	gameplay	True	341.6799764440645	Fp1
004	619	02	1740.0	gameplay	False		
004	620	02	1744.0	gameplay	False		
004	621	02	1748.0	gameplay	True	281.63423471373864	Fp1
004	622	02	1752.0	gameplay	False		
004	623	02	1756.0	gameplay	True	318.91446595661597	Fp1
004	624	02	1760.0	gameplay	True	304.4741927337424	Fp1
004	625	02	1764.0	gameplay	True	281.63140386564794	Fp1
004	626	02	1768.0	gameplay	False		
004	627	02	1772.0	gameplay	True	103.87071581595856	AF7
004	628	02	1776.0	gameplay	True	330.2859449327756	Fp1
004	629	02	1780.0	gameplay	False		
004	630	02	1784.0	gameplay	True	338.66445867878866	AF7
004	631	02	1788.0	gameplay	False		
004	632	02	1792.0	gameplay	True	349.9167164769622	AF7
004	633	02	1796.0	gameplay	True	329.9012210436708	AF7
004	634	02	1800.0	gameplay	True	279.29568044496403	Fp1
004	635	02	1804.0	gameplay	True	318.2837366405435	Fp1
004	636	02	1808.0	gameplay	False		
004	637	02	1812.0	gameplay	True	298.1045333081148	Fp1
004	638	02	1816.0	gameplay	True	319.6213754591157	AF7
004	639	02	1820.0	gameplay	True	326.1511905636246	AF7
004	640	02	1824.0	gameplay	True	304.55628879414894	Fp1
004	641	02	1828.0	gameplay	False		
004	642	02	1832.0	gameplay	True	91.10462925678216	F8
004	643	02	1836.0	gameplay	False		
004	644	02	1840.0	gameplay	True	307.93258974988055	Fp1
004	645	02	1844.0	gameplay	False		
004	646	02	1848.0	gameplay	True	313.4429469301138	Fp1
004	647	02	1852.0	gameplay	True	359.6998891749196	AF7
004	648	02	1856.0	gameplay	True	426.2277284676736	AF7
004	649	02	1860.0	gameplay	True	334.11203678024594	AF7
004	650	02	1864.0	gameplay	True	315.1236031424127	Fp1
004	651	02	1868.0	gameplay	True	190.741347704808	AF7
004	652	02	1872.0	gameplay	True	296.6967078749777	Fp1
004	653	02	1876.0	gameplay	True	121.88374677621522	AF7
004	654	02	1880.0	gameplay	False		
004	655	02	1884.0	gameplay	True	282.1484787994806	Fp1
004	656	02	1888.0	gameplay	True	343.6265554889257	Fp1
004	657	02	1892.0	gameplay	True	150.48481719536872	AF7
004	658	02	1896.0	gameplay	True	348.8080396018951	Fp1
004	659	02	1900.0	gameplay	False		
004	660	02	1904.0	gameplay	True	94.7162855303195	O1
004	661	02	1908.0	gameplay	True	311.57083394777413	Fp1
004	662	02	1912.0	gameplay	True	338.7338096838265	AF7
004	663	02	1916.0	gameplay	False		
004	664	02	1920.0	gameplay	True	308.21629282997736	Fp1
004	665	02	1924.0	gameplay	True	366.7990866629071	AF7
005	0	01	0.0	outside_inferred_tasks	False		
005	1	01	4.0	outside_inferred_tasks	False		
005	2	01	8.0	outside_inferred_tasks	False		
005	3	01	12.0	outside_inferred_tasks	False		
005	4	01	16.0	outside_inferred_tasks	False		
005	5	01	20.0	outside_inferred_tasks	False		
005	6	01	24.0	outside_inferred_tasks	False		
005	7	01	28.0	outside_inferred_tasks	False		
005	8	01	32.0	outside_inferred_tasks	True	52.94843280268329	Fp2
005	9	01	36.0	outside_inferred_tasks	True	108.90143166898255	Fp2
005	10	01	40.0	outside_inferred_tasks	True	65.34025172619697	AF8
005	11	01	44.0	outside_inferred_tasks	True	84.40155009297806	AF7
005	12	01	48.0	outside_inferred_tasks	True	173.82384449826287	Fp2
005	13	01	52.0	outside_inferred_tasks	False		
005	14	01	56.0	outside_inferred_tasks	False		
005	15	01	60.0	outside_inferred_tasks	True	210.305900020022	AF8
005	16	01	64.0	outside_inferred_tasks	False		
005	17	01	68.0	outside_inferred_tasks	False		
005	18	01	72.0	outside_inferred_tasks	True	356.3570851857102	AF8
005	19	01	76.0	outside_inferred_tasks	False		
005	20	01	80.0	outside_inferred_tasks	True	270.7205268000963	TP10
005	21	01	84.0	outside_inferred_tasks	False		
005	22	01	88.0	outside_inferred_tasks	True	141.61520349679486	AF8
005	23	01	92.0	outside_inferred_tasks	False		
005	24	01	96.0	outside_inferred_tasks	True	151.3454356596146	AF8
005	25	01	100.0	outside_inferred_tasks	False		
005	26	01	104.0	outside_inferred_tasks	False		
005	27	01	108.0	outside_inferred_tasks	False		
005	28	01	112.0	outside_inferred_tasks	False		
005	29	01	116.0	outside_inferred_tasks	False		
005	30	01	120.0	outside_inferred_tasks	False		
005	31	01	124.0	outside_inferred_tasks	False		
005	32	01	128.0	outside_inferred_tasks	False		
005	33	01	132.0	outside_inferred_tasks	False		
005	34	01	136.0	task_boundary	False		
005	35	01	140.0	oddball	False		
005	36	01	144.0	oddball	False		
005	37	01	148.0	oddball	False		
005	38	01	152.0	oddball	False		
005	39	01	156.0	oddball	False		
005	40	01	160.0	oddball	False		
005	41	01	164.0	oddball	False		
005	42	01	168.0	oddball	False		
005	43	01	172.0	oddball	False		
005	44	01	176.0	oddball	False		
005	45	01	180.0	oddball	False		
005	46	01	184.0	oddball	False		
005	47	01	188.0	oddball	True	63.14212209532048	Fp2
005	48	01	192.0	oddball	True	267.85536506765504	Fp2
005	49	01	196.0	oddball	False		
005	50	01	200.0	oddball	False		
005	51	01	204.0	oddball	True	269.78123411762806	Fp2
005	52	01	208.0	oddball	True	251.27924294657797	Fp2
005	53	01	212.0	oddball	True	260.1666292428209	Fp2
005	54	01	216.0	oddball	False		
005	55	01	220.0	oddball	True	270.303446785563	Fp2
005	56	01	224.0	oddball	True	279.35653246032825	Fp2
005	57	01	228.0	oddball	False		
005	58	01	232.0	oddball	False		
005	59	01	236.0	oddball	True	270.29285320634267	Fp2
005	60	01	240.0	oddball	False		
005	61	01	244.0	oddball	False		
005	62	01	248.0	oddball	False		
005	63	01	252.0	oddball	False		
005	64	01	256.0	oddball	True	234.30914230186352	Fp2
005	65	01	260.0	oddball	True	249.7283206011413	Fp2
005	66	01	264.0	oddball	True	243.53201216492016	Fp2
005	67	01	268.0	oddball	False		
005	68	01	272.0	oddball	True	231.86987987709978	Fp2
005	69	01	276.0	oddball	False		
005	70	01	280.0	oddball	False		
005	71	01	284.0	oddball	True	194.12816587200288	Fp2
005	72	01	288.0	oddball	False		
005	73	01	292.0	oddball	False		
005	74	01	296.0	oddball	True	234.12972593260545	Fp2
005	75	01	300.0	oddball	False		
005	76	01	304.0	oddball	False		
005	77	01	308.0	oddball	False		
005	78	01	312.0	oddball	True	265.589011491891	Fp2
005	79	01	316.0	oddball	True	243.4709541102357	Fp2
005	80	01	320.0	oddball	False		
005	81	01	324.0	oddball	True	269.25267347539653	Fp2
005	82	01	328.0	oddball	False		
005	83	01	332.0	oddball	False		
005	84	01	336.0	oddball	False		
005	85	01	340.0	oddball	False		
005	86	01	344.0	oddball	True	257.71084163533845	Fp2
005	87	01	348.0	oddball	False		
005	88	01	352.0	oddball	False		
005	89	01	356.0	oddball	False		
005	90	01	360.0	oddball	True	255.3893197996481	Fp2
005	91	01	364.0	oddball	False		
005	92	01	368.0	oddball	True	269.32592312485343	Fp2
005	93	01	372.0	oddball	False		
005	94	01	376.0	oddball	True	251.53917268241975	Fp2
005	95	01	380.0	oddball	True	62.64215452851055	AF7
005	96	01	384.0	oddball	True	261.4643663762846	Fp2
005	97	01	388.0	oddball	True	232.2520708579504	Fp2
005	98	01	392.0	oddball	True	203.55246888336424	Fp2
005	99	01	396.0	oddball	True	106.63660798063758	AF8
005	100	01	400.0	oddball	False		
005	101	01	404.0	oddball	False		
005	102	01	408.0	oddball	True	220.89331011377752	Fp2
005	103	01	412.0	oddball	True	238.8397859053329	Fp2
005	104	01	416.0	oddball	True	246.19733378203324	Fp2
005	105	01	420.0	oddball	True	287.16132309853595	Fp2
005	106	01	424.0	oddball	True	253.05100938092787	Fp2
005	107	01	428.0	oddball	False		
005	108	01	432.0	oddball	True	247.07791832617482	Fp2
005	109	01	436.0	oddball	False		
005	110	01	440.0	oddball	False		
005	111	01	444.0	oddball	False		
005	112	01	448.0	oddball	True	258.59587807477806	Fp2
005	113	01	452.0	oddball	False		
005	114	01	456.0	oddball	False		
005	115	01	460.0	oddball	False		
005	116	01	464.0	oddball	True	108.4326818406623	C6
005	117	01	468.0	oddball	False		
005	118	01	472.0	oddball	True	254.06158009513163	Fp2
005	119	01	476.0	oddball	False		
005	120	01	480.0	oddball	False		
005	121	01	484.0	oddball	False		
005	122	01	488.0	oddball	True	112.0961948482677	AF7
005	123	01	492.0	oddball	True	247.90051601553387	Fp2
005	124	01	496.0	oddball	True	233.93474517071255	Fp2
005	125	01	500.0	oddball	True	215.2174029086368	Fp2
005	126	01	504.0	oddball	True	270.62778415132715	Fp2
005	127	01	508.0	oddball	True	240.41979561061675	Fp2
005	128	01	512.0	oddball	True	253.82644185105534	Fp2
005	129	01	516.0	oddball	True	248.9722287388488	Fp2
005	130	01	520.0	oddball	True	246.07800625104196	Fp2
005	131	01	524.0	oddball	True	245.7386048747265	Fp2
005	132	01	528.0	oddball	False		
005	133	01	532.0	oddball	True	218.43262415750013	Fp2
005	134	01	536.0	task_boundary	True	233.39755556844625	Fp2
005	135	01	540.0	outside_inferred_tasks	False		
005	136	01	544.0	outside_inferred_tasks	False		
005	137	01	548.0	outside_inferred_tasks	False		
005	138	01	552.0	outside_inferred_tasks	False		
005	139	01	556.0	outside_inferred_tasks	False		
005	140	01	560.0	outside_inferred_tasks	False		
005	141	01	564.0	outside_inferred_tasks	False		
005	142	01	568.0	outside_inferred_tasks	False		
005	143	01	572.0	outside_inferred_tasks	False		
005	144	01	576.0	outside_inferred_tasks	False		
005	145	01	580.0	outside_inferred_tasks	False		
005	146	01	584.0	outside_inferred_tasks	True	128.63040115181482	AF8
005	147	01	588.0	outside_inferred_tasks	False		
005	148	01	592.0	outside_inferred_tasks	False		
005	149	01	596.0	outside_inferred_tasks	False		
005	150	01	600.0	outside_inferred_tasks	False		
005	151	01	604.0	outside_inferred_tasks	False		
005	152	01	608.0	outside_inferred_tasks	False		
005	153	01	612.0	outside_inferred_tasks	False		
005	154	01	616.0	outside_inferred_tasks	False		
005	155	01	620.0	outside_inferred_tasks	False		
005	156	01	624.0	outside_inferred_tasks	False		
005	157	01	628.0	outside_inferred_tasks	False		
005	158	01	632.0	outside_inferred_tasks	False		
005	159	01	636.0	outside_inferred_tasks	False		
005	160	01	640.0	outside_inferred_tasks	False		
005	161	01	644.0	outside_inferred_tasks	False		
005	162	01	648.0	outside_inferred_tasks	True	170.11529506749423	AF8
005	163	01	652.0	outside_inferred_tasks	False		
005	164	01	656.0	outside_inferred_tasks	False		
005	165	01	660.0	outside_inferred_tasks	False		
005	166	01	664.0	outside_inferred_tasks	False		
005	167	01	668.0	outside_inferred_tasks	False		
005	168	01	672.0	outside_inferred_tasks	True	128.43777036251254	AF8
005	169	01	676.0	outside_inferred_tasks	False		
005	170	01	680.0	outside_inferred_tasks	False		
005	171	01	684.0	outside_inferred_tasks	False		
005	172	01	688.0	outside_inferred_tasks	False		
005	173	01	692.0	outside_inferred_tasks	False		
005	174	01	696.0	outside_inferred_tasks	False		
005	175	01	700.0	outside_inferred_tasks	False		
005	176	01	704.0	outside_inferred_tasks	False		
005	177	01	708.0	outside_inferred_tasks	False		
005	178	01	712.0	outside_inferred_tasks	False		
005	179	01	716.0	outside_inferred_tasks	False		
005	180	01	720.0	outside_inferred_tasks	False		
005	181	01	724.0	outside_inferred_tasks	False		
005	182	01	728.0	outside_inferred_tasks	False		
005	183	01	732.0	outside_inferred_tasks	True	185.98516798129782	AF8
005	184	01	736.0	outside_inferred_tasks	True	127.71564071392173	AF7
005	185	01	740.0	outside_inferred_tasks	False		
005	186	01	744.0	outside_inferred_tasks	False		
005	187	01	748.0	outside_inferred_tasks	True	198.14361523999048	AF8
005	188	01	752.0	outside_inferred_tasks	False		
005	189	01	756.0	outside_inferred_tasks	False		
005	190	01	760.0	outside_inferred_tasks	True	103.16098375123165	AF8
005	191	01	764.0	outside_inferred_tasks	False		
005	192	01	768.0	outside_inferred_tasks	False		
005	193	01	772.0	outside_inferred_tasks	False		
005	194	01	776.0	outside_inferred_tasks	False		
005	195	01	780.0	outside_inferred_tasks	False		
005	196	01	784.0	outside_inferred_tasks	True	87.13926671655257	AF7
005	197	01	788.0	outside_inferred_tasks	False		
005	198	01	792.0	outside_inferred_tasks	True	239.10876811032213	Fp2
005	199	01	796.0	outside_inferred_tasks	False		
005	200	01	800.0	outside_inferred_tasks	False		
005	201	01	804.0	outside_inferred_tasks	True	130.9796941873439	Fp2
005	202	01	808.0	outside_inferred_tasks	False		
005	203	02	0.0	outside_inferred_tasks	True	145.54895361716345	AF8
005	204	02	4.0	outside_inferred_tasks	True	63.340576006495944	TP9
005	205	02	8.0	outside_inferred_tasks	True	48.74329933419563	TP9
005	206	02	12.0	outside_inferred_tasks	True	59.13174806140968	Fp2
005	207	02	16.0	outside_inferred_tasks	True	51.44564611283251	TP9
005	208	02	20.0	outside_inferred_tasks	False		
005	209	02	24.0	outside_inferred_tasks	False		
005	210	02	28.0	outside_inferred_tasks	False		
005	211	02	32.0	outside_inferred_tasks	False		
005	212	02	36.0	outside_inferred_tasks	False		
005	213	02	40.0	outside_inferred_tasks	False		
005	214	02	44.0	outside_inferred_tasks	False		
005	215	02	48.0	outside_inferred_tasks	False		
005	216	02	52.0	outside_inferred_tasks	False		
005	217	02	56.0	outside_inferred_tasks	False		
005	218	02	60.0	outside_inferred_tasks	False		
005	219	02	64.0	outside_inferred_tasks	False		
005	220	02	68.0	outside_inferred_tasks	False		
005	221	02	72.0	outside_inferred_tasks	False		
005	222	02	76.0	outside_inferred_tasks	True	96.00473762343336	P7
005	223	02	80.0	outside_inferred_tasks	False		
005	224	02	84.0	outside_inferred_tasks	False		
005	225	02	88.0	outside_inferred_tasks	True	115.33496825437764	AF8
005	226	02	92.0	outside_inferred_tasks	False		
005	227	02	96.0	outside_inferred_tasks	False		
005	228	02	100.0	outside_inferred_tasks	True	178.51900439944947	AF8
005	229	02	104.0	outside_inferred_tasks	False		
005	230	02	108.0	outside_inferred_tasks	False		
005	231	02	112.0	outside_inferred_tasks	True	232.25517974783477	Fp2
005	232	02	116.0	outside_inferred_tasks	True	270.99672601054067	AF7
005	233	02	120.0	outside_inferred_tasks	False		
005	234	02	124.0	outside_inferred_tasks	False		
005	235	02	128.0	outside_inferred_tasks	False		
005	236	02	132.0	outside_inferred_tasks	False		
005	237	02	136.0	outside_inferred_tasks	False		
005	238	02	140.0	task_boundary	False		
005	239	02	144.0	gameplay	False		
005	240	02	148.0	gameplay	True	123.66320764857718	Fp2
005	241	02	152.0	gameplay	False		
005	242	02	156.0	gameplay	True	150.82801393542584	AF8
005	243	02	160.0	gameplay	True	107.44025396405848	AF7
005	244	02	164.0	gameplay	True	162.9007411969505	AF8
005	245	02	168.0	gameplay	True	184.60887108956976	AF8
005	246	02	172.0	gameplay	True	163.1839518753534	Fp2
005	247	02	176.0	gameplay	True	141.2874218167795	AF8
005	248	02	180.0	gameplay	True	240.28957298504346	AF8
005	249	02	184.0	gameplay	True	184.95582137832656	AF7
005	250	02	188.0	gameplay	False		
005	251	02	192.0	gameplay	False		
005	252	02	196.0	gameplay	False		
005	253	02	200.0	gameplay	False		
005	254	02	204.0	gameplay	True	167.7935633091751	AF8
005	255	02	208.0	gameplay	True	180.61682852975554	AF8
005	256	02	212.0	gameplay	True	146.8276477428097	Fp2
005	257	02	216.0	gameplay	False		
005	258	02	220.0	gameplay	True	200.92528486803613	AF7
005	259	02	224.0	gameplay	False		
005	260	02	228.0	gameplay	False		
005	261	02	232.0	gameplay	True	110.57479825124274	TP8
005	262	02	236.0	gameplay	True	127.35039117996773	AF8
005	263	02	240.0	gameplay	True	134.5417668398953	AF8
005	264	02	244.0	gameplay	True	203.75337930683565	AF8
005	265	02	248.0	gameplay	True	180.77902945348353	AF8
005	266	02	252.0	gameplay	False		
005	267	02	256.0	gameplay	True	121.42796290934584	AF8
005	268	02	260.0	gameplay	True	149.71698729503558	AF8
005	269	02	264.0	gameplay	True	139.8281400220117	AF8
005	270	02	268.0	gameplay	True	271.3746636489755	AF8
005	271	02	272.0	gameplay	True	198.92538414942248	AF8
005	272	02	276.0	gameplay	True	197.32219641601358	AF8
005	273	02	280.0	gameplay	False		
005	274	02	284.0	gameplay	True	150.25252494840814	AF8
005	275	02	288.0	gameplay	True	210.11816321753673	AF8
005	276	02	292.0	gameplay	False		
005	277	02	296.0	gameplay	False		
005	278	02	300.0	gameplay	True	140.66525599660076	Fp2
005	279	02	304.0	gameplay	True	114.49662365554342	Fp2
005	280	02	308.0	gameplay	True	129.46333284772282	AF8
005	281	02	312.0	gameplay	False		
005	282	02	316.0	gameplay	False		
005	283	02	320.0	gameplay	True	228.61083176202996	Fp2
005	284	02	324.0	gameplay	True	85.15946556091444	AF8
005	285	02	328.0	gameplay	False		
005	286	02	332.0	gameplay	True	206.16177322818737	F8
005	287	02	336.0	gameplay	False		
005	288	02	340.0	gameplay	False		
005	289	02	344.0	gameplay	False		
005	290	02	348.0	gameplay	False		
005	291	02	352.0	gameplay	True	94.58387727451226	AF8
005	292	02	356.0	gameplay	False		
005	293	02	360.0	gameplay	True	124.13885091664439	AF8
005	294	02	364.0	gameplay	True	103.37546511357046	AF8
005	295	02	368.0	gameplay	False		
005	296	02	372.0	gameplay	False		
005	297	02	376.0	gameplay	True	173.5410917655882	AF8
005	298	02	380.0	gameplay	False		
005	299	02	384.0	gameplay	True	185.11704603141425	AF8
005	300	02	388.0	gameplay	True	223.38529907340623	AF8
005	301	02	392.0	gameplay	True	123.13597083552246	AF8
005	302	02	396.0	gameplay	True	144.60664358502038	AF8
005	303	02	400.0	gameplay	True	158.75518777655353	AF8
005	304	02	404.0	gameplay	True	193.31893882469527	AF8
005	305	02	408.0	gameplay	True	165.4790262227462	AF8
005	306	02	412.0	gameplay	True	181.92406046164578	AF7
005	307	02	416.0	gameplay	False		
005	308	02	420.0	gameplay	True	174.57679321563137	AF8
005	309	02	424.0	gameplay	True	113.5377957481113	AF8
005	310	02	428.0	gameplay	False		
005	311	02	432.0	gameplay	True	158.87060511581214	AF8
005	312	02	436.0	gameplay	True	203.44969137229268	AF7
005	313	02	440.0	gameplay	False		
005	314	02	444.0	gameplay	False		
005	315	02	448.0	gameplay	True	213.87706339955287	AF8
005	316	02	452.0	gameplay	False		
005	317	02	456.0	gameplay	False		
005	318	02	460.0	gameplay	False		
005	319	02	464.0	gameplay	True	197.4601664958148	AF8
005	320	02	468.0	gameplay	True	232.6529992003596	AF8
005	321	02	472.0	gameplay	False		
005	322	02	476.0	gameplay	False		
005	323	02	480.0	gameplay	False		
005	324	02	484.0	gameplay	True	139.5506701532661	AF8
005	325	02	488.0	gameplay	True	127.17290085868918	AF7
005	326	02	492.0	gameplay	True	360.77160550489043	TP9
005	327	02	496.0	gameplay	True	118.02944936386073	AF7
005	328	02	500.0	gameplay	False		
005	329	02	504.0	gameplay	True	101.2334667474195	AF8
005	330	02	508.0	gameplay	False		
005	331	02	512.0	gameplay	False		
005	332	02	516.0	gameplay	True	196.70564973224452	AF8
005	333	02	520.0	gameplay	True	175.73571729686216	AF7
005	334	02	524.0	gameplay	True	198.5828544958647	AF8
005	335	02	528.0	gameplay	False		
005	336	02	532.0	gameplay	True	177.8435969095303	AF7
005	337	02	536.0	gameplay	True	236.2283053543417	Fp2
005	338	02	540.0	gameplay	False		
005	339	02	544.0	gameplay	False		
005	340	02	548.0	gameplay	True	199.45133148107092	Fp2
005	341	02	552.0	gameplay	True	378.62647893965277	TP9
005	342	02	556.0	gameplay	True	301.54078970893556	TP9
005	343	02	560.0	gameplay	True	228.2022165752235	Fp2
005	344	02	564.0	gameplay	False		
005	345	02	568.0	gameplay	True	171.03176449630936	AF7
005	346	02	572.0	gameplay	True	129.10272563359047	AF8
005	347	02	576.0	gameplay	True	211.55051373549043	FT8
005	348	02	580.0	gameplay	False		
005	349	02	584.0	gameplay	False		
005	350	02	588.0	gameplay	False		
005	351	02	592.0	gameplay	True	150.30280629030383	AF8
005	352	02	596.0	gameplay	True	161.78282115226577	AF8
005	353	02	600.0	gameplay	True	205.30281017462718	Fp2
005	354	02	604.0	gameplay	False		
005	355	02	608.0	gameplay	True	240.93318131753952	Fp2
005	356	02	612.0	gameplay	False		
005	357	02	616.0	gameplay	False		
005	358	02	620.0	gameplay	True	162.27112547882092	Fp2
005	359	02	624.0	gameplay	False		
005	360	02	628.0	gameplay	True	162.6541554541355	AF8
005	361	02	632.0	gameplay	False		
005	362	02	636.0	gameplay	False		
005	363	02	640.0	gameplay	True	109.9954182294926	AF7
005	364	02	644.0	gameplay	False		
005	365	02	648.0	gameplay	True	159.31430775624528	AF8
005	366	02	652.0	gameplay	True	179.64805946115575	Fp2
005	367	02	656.0	gameplay	True	257.5029135922819	Fp2
005	368	02	660.0	gameplay	False		
005	369	02	664.0	gameplay	False		
005	370	02	668.0	gameplay	True	115.55556471046404	TP8
005	371	02	672.0	gameplay	False		
005	372	02	676.0	gameplay	True	100.24598299104794	AF8
005	373	02	680.0	gameplay	True	214.80105921513513	AF7
005	374	02	684.0	gameplay	True	149.84018669495765	AF7
005	375	02	688.0	gameplay	False		
005	376	02	692.0	gameplay	True	175.6104199027579	AF8
005	377	02	696.0	gameplay	True	187.08386548158919	Fp2
005	378	02	700.0	gameplay	True	211.40275521946077	AF8
005	379	02	704.0	gameplay	True	156.92026863681892	Fp2
005	380	02	708.0	gameplay	True	212.96680030564386	Fp2
005	381	02	712.0	gameplay	True	111.28430908578417	AF8
005	382	02	716.0	gameplay	True	101.0929334380233	AF8
005	383	02	720.0	gameplay	False		
005	384	02	724.0	gameplay	False		
005	385	02	728.0	gameplay	True	153.1669002547041	Fp2
005	386	02	732.0	gameplay	False		
005	387	02	736.0	gameplay	True	139.80142161253983	F8
005	388	02	740.0	gameplay	True	150.0857885161568	AF7
005	389	02	744.0	gameplay	False		
005	390	02	748.0	gameplay	True	165.11711848562376	TP8
005	391	02	752.0	gameplay	True	188.061671481279	Fp2
005	392	02	756.0	gameplay	True	107.86008811537637	AF8
005	393	02	760.0	gameplay	False		
005	394	02	764.0	gameplay	True	154.73785363667432	Fp2
005	395	02	768.0	gameplay	False		
005	396	02	772.0	gameplay	False		
005	397	02	776.0	gameplay	False		
005	398	02	780.0	gameplay	True	122.90375869861359	AF8
005	399	02	784.0	gameplay	True	115.96868486377662	AF8
005	400	02	788.0	gameplay	True	187.6569820960706	AF8
005	401	02	792.0	gameplay	False		
005	402	02	796.0	gameplay	True	137.07707164190538	AF8
005	403	02	800.0	gameplay	False		
005	404	02	804.0	gameplay	True	228.9637332467271	Fp2
005	405	02	808.0	gameplay	False		
005	406	02	812.0	gameplay	True	227.94267986560007	AF8
005	407	02	816.0	gameplay	True	185.71805528934692	Fp2
005	408	02	820.0	gameplay	False		
005	409	02	824.0	gameplay	True	111.25086198226163	AF8
005	410	02	828.0	gameplay	True	111.87485858119489	AF8
005	411	02	832.0	gameplay	True	189.38362112914922	AF7
005	412	02	836.0	gameplay	True	176.80932963882762	Fp2
005	413	02	840.0	gameplay	False		
005	414	02	844.0	gameplay	True	102.30208953759977	AF8
005	415	02	848.0	gameplay	True	193.4800867470797	Fp2
005	416	02	852.0	gameplay	False		
005	417	02	856.0	gameplay	True	109.5809665309796	AF8
005	418	02	860.0	gameplay	True	216.44892843704775	Fp2
005	419	02	864.0	gameplay	True	194.75485175696818	Fp2
005	420	02	868.0	gameplay	False		
005	421	02	872.0	gameplay	True	108.71950504674413	TP9
005	422	02	876.0	gameplay	True	183.4463838033751	AF8
005	423	02	880.0	gameplay	True	206.34470354026251	Fp2
005	424	02	884.0	gameplay	False		
005	425	02	888.0	gameplay	True	154.55720490580575	AF8
005	426	02	892.0	gameplay	False		
005	427	02	896.0	gameplay	False		
005	428	02	900.0	gameplay	True	104.41062525054537	AF8
005	429	02	904.0	gameplay	True	136.1703602594121	AF8
005	430	02	908.0	gameplay	False		
005	431	02	912.0	gameplay	True	137.69761627882338	AF7
005	432	02	916.0	gameplay	True	119.74356802482598	AF8
005	433	02	920.0	gameplay	True	196.90154218764127	Fp2
005	434	02	924.0	gameplay	True	127.75244106006976	AF8
005	435	02	928.0	gameplay	False		
005	436	02	932.0	gameplay	True	160.0611109320089	AF8
005	437	02	936.0	gameplay	True	252.47464679528903	Fp2
005	438	02	940.0	gameplay	True	116.62313048365503	Fp2
005	439	02	944.0	gameplay	False		
005	440	02	948.0	gameplay	True	87.9517934414037	AF8
005	441	02	952.0	gameplay	True	269.5869590420993	Fp2
005	442	02	956.0	gameplay	False		
005	443	02	960.0	gameplay	True	131.51327473043352	TP9
005	444	02	964.0	gameplay	True	100.58902709121763	AF8
005	445	02	968.0	gameplay	True	170.38277387172576	Fp2
005	446	02	972.0	gameplay	True	128.43413112642918	AF8
005	447	02	976.0	gameplay	True	217.0069613321692	Fp2
005	448	02	980.0	gameplay	True	106.85850116132293	AF8
005	449	02	984.0	gameplay	True	207.84672489285973	Fp2
005	450	02	988.0	gameplay	True	183.38647416692194	Fp2
005	451	02	992.0	gameplay	True	137.5418700093739	AF7
005	452	02	996.0	gameplay	False		
005	453	02	1000.0	gameplay	True	117.29423502275968	AF8
005	454	02	1004.0	gameplay	True	116.46621276983394	AF8
005	455	02	1008.0	gameplay	True	182.21466766223296	AF7
005	456	02	1012.0	gameplay	True	194.5955116429414	Fp2
005	457	02	1016.0	gameplay	True	204.67427013342638	Fp2
005	458	02	1020.0	gameplay	True	140.1584393008624	AF7
005	459	02	1024.0	gameplay	True	149.37129549839014	AF7
005	460	02	1028.0	gameplay	False		
005	461	02	1032.0	gameplay	False		
005	462	02	1036.0	gameplay	True	132.58586847757957	AF8
005	463	02	1040.0	gameplay	False		
005	464	02	1044.0	gameplay	True	115.1453205571413	AF8
005	465	02	1048.0	gameplay	True	152.70045428925803	AF8
005	466	02	1052.0	gameplay	True	168.6158900543499	AF8
005	467	02	1056.0	gameplay	True	187.32678202234257	Fp2
005	468	02	1060.0	gameplay	False		
005	469	02	1064.0	gameplay	True	128.8917806498864	Fp2
005	470	02	1068.0	gameplay	True	214.67390751616904	Fp2
005	471	02	1072.0	gameplay	False		
005	472	02	1076.0	gameplay	True	224.47814907442392	Fp2
005	473	02	1080.0	gameplay	False		
005	474	02	1084.0	gameplay	True	125.78203178734647	AF8
005	475	02	1088.0	gameplay	False		
005	476	02	1092.0	gameplay	False		
005	477	02	1096.0	gameplay	True	173.97203019013463	AF8
005	478	02	1100.0	gameplay	False		
005	479	02	1104.0	gameplay	True	153.70875872330706	AF8
005	480	02	1108.0	gameplay	False		
005	481	02	1112.0	gameplay	True	126.93431059594752	AF8
005	482	02	1116.0	gameplay	False		
005	483	02	1120.0	gameplay	False		
005	484	02	1124.0	gameplay	True	255.14242471643502	Fp2
005	485	02	1128.0	gameplay	True	214.3272011140746	AF8
005	486	02	1132.0	gameplay	False		
005	487	02	1136.0	gameplay	True	94.18695804281758	AF8
005	488	02	1140.0	gameplay	False		
005	489	02	1144.0	gameplay	True	111.8549534428697	AF8
005	490	02	1148.0	gameplay	True	218.95526810704482	AF8
005	491	02	1152.0	gameplay	True	139.60090223677236	AF7
005	492	02	1156.0	gameplay	True	241.7746920010253	Fp2
005	493	02	1160.0	gameplay	True	155.38879354811206	Fp2
005	494	02	1164.0	gameplay	True	132.41249813030578	AF8
005	495	02	1168.0	gameplay	False		
005	496	02	1172.0	gameplay	False		
005	497	02	1176.0	gameplay	True	288.2039787802143	Fp2
005	498	02	1180.0	gameplay	True	185.34184207415413	Fp2
005	499	02	1184.0	gameplay	True	142.26076478215188	AF8
005	500	02	1188.0	gameplay	True	174.5084454044904	AF8
005	501	02	1192.0	gameplay	False		
005	502	02	1196.0	gameplay	True	99.73486317405559	AF8
005	503	02	1200.0	gameplay	True	161.70682473798843	AF8
005	504	02	1204.0	gameplay	True	160.43472249957102	AF7
005	505	02	1208.0	gameplay	False		
005	506	02	1212.0	gameplay	False		
005	507	02	1216.0	gameplay	False		
005	508	02	1220.0	gameplay	False		
005	509	02	1224.0	gameplay	True	159.9618756046662	AF8
005	510	02	1228.0	gameplay	True	116.6133037803049	AF8
005	511	02	1232.0	gameplay	True	210.5992731370828	Fp2
005	512	02	1236.0	gameplay	False		
005	513	02	1240.0	gameplay	True	157.81944971007127	AF8
005	514	02	1244.0	gameplay	True	125.44320658470353	AF8
005	515	02	1248.0	gameplay	False		
005	516	02	1252.0	gameplay	False		
005	517	02	1256.0	gameplay	False		
005	518	02	1260.0	gameplay	False		
005	519	02	1264.0	gameplay	True	93.33730295336075	TP9
005	520	02	1268.0	gameplay	True	127.573173388407	AF8
005	521	02	1272.0	gameplay	True	154.11035128002922	AF7
005	522	02	1276.0	gameplay	True	143.55010955665114	AF8
005	523	02	1280.0	gameplay	True	168.84713692827327	Fp2
005	524	02	1284.0	gameplay	False		
005	525	02	1288.0	gameplay	True	209.08475447145338	Fp2
005	526	02	1292.0	gameplay	True	176.45896110347417	Fp2
005	527	02	1296.0	gameplay	True	161.71693776311122	Fp2
005	528	02	1300.0	gameplay	True	91.70416427989703	Fp2
005	529	02	1304.0	gameplay	True	150.55821189327796	AF8
005	530	02	1308.0	gameplay	True	246.27111328851996	Fp2
005	531	02	1312.0	gameplay	True	187.55058262649092	AF8
005	532	02	1316.0	gameplay	False		
005	533	02	1320.0	gameplay	False		
005	534	02	1324.0	gameplay	False		
005	535	02	1328.0	gameplay	True	186.70587876984098	Fp2
005	536	02	1332.0	gameplay	True	126.26514779780796	AF8
005	537	02	1336.0	gameplay	True	108.95707301365472	AF8
005	538	02	1340.0	gameplay	True	159.19964928373219	AF8
005	539	02	1344.0	gameplay	True	91.81886270094597	AF8
005	540	02	1348.0	gameplay	True	154.9595411103064	Fp2
005	541	02	1352.0	gameplay	True	203.35613211175982	Fp2
005	542	02	1356.0	gameplay	True	137.92313353977042	AF8
005	543	02	1360.0	gameplay	True	242.5804286959166	Fp2
005	544	02	1364.0	gameplay	True	189.5432392855477	Fp2
005	545	02	1368.0	gameplay	True	172.06059235058467	AF8
005	546	02	1372.0	gameplay	True	222.71850940567467	Fp2
005	547	02	1376.0	gameplay	True	86.93524905311507	AF8
005	548	02	1380.0	gameplay	True	115.81861079043183	AF8
005	549	02	1384.0	gameplay	True	193.84013707758652	Fp2
005	550	02	1388.0	gameplay	False		
005	551	02	1392.0	gameplay	False		
005	552	02	1396.0	gameplay	True	158.63695487908018	AF8
005	553	02	1400.0	gameplay	False		
005	554	02	1404.0	gameplay	True	86.7579725266798	AF8
005	555	02	1408.0	gameplay	True	215.18905602095074	Fp2
005	556	02	1412.0	gameplay	False		
005	557	02	1416.0	gameplay	True	189.17476995667027	Fp2
005	558	02	1420.0	gameplay	True	130.92913016659946	AF8
005	559	02	1424.0	gameplay	True	195.50271934286513	Fp2
005	560	02	1428.0	gameplay	True	198.46605271952538	Fp2
005	561	02	1432.0	gameplay	True	179.73911630739346	Fp2
005	562	02	1436.0	gameplay	True	190.87553343606862	Fp2
005	563	02	1440.0	gameplay	True	249.64179936995097	Fp2
005	564	02	1444.0	gameplay	False		
005	565	02	1448.0	gameplay	False		
005	566	02	1452.0	gameplay	False		
005	567	02	1456.0	gameplay	True	97.65723393814005	AF8
005	568	02	1460.0	gameplay	True	168.52633645561923	Fp2
005	569	02	1464.0	gameplay	True	104.14618673600512	AF8
005	570	02	1468.0	gameplay	False		
005	571	02	1472.0	gameplay	True	280.0636514063084	Fp2
005	572	02	1476.0	gameplay	False		
005	573	02	1480.0	gameplay	True	170.58768433309564	AF8
005	574	02	1484.0	gameplay	True	162.34976158845137	AF8
005	575	02	1488.0	gameplay	False		
005	576	02	1492.0	gameplay	True	152.55538529088668	AF7
005	577	02	1496.0	gameplay	False		
005	578	02	1500.0	gameplay	True	263.6567109892611	Fp2
005	579	02	1504.0	gameplay	False		
005	580	02	1508.0	gameplay	True	85.14630099418211	AF8
005	581	02	1512.0	gameplay	True	241.62937869554764	Fp2
005	582	02	1516.0	gameplay	True	179.13039350809183	AF8
005	583	02	1520.0	gameplay	True	233.17748585646007	Fp2
005	584	02	1524.0	gameplay	True	130.38370855414658	AF8
005	585	02	1528.0	gameplay	True	187.99324767704212	Fp2
005	586	02	1532.0	gameplay	True	145.4360424030388	AF8
005	587	02	1536.0	gameplay	False		
005	588	02	1540.0	gameplay	False		
005	589	02	1544.0	gameplay	True	158.67442294529616	AF7
005	590	02	1548.0	gameplay	True	211.6486088556714	Fp2
005	591	02	1552.0	gameplay	True	127.59622568421142	AF7
005	592	02	1556.0	gameplay	False		
005	593	02	1560.0	gameplay	True	140.77975625401004	Fp2
005	594	02	1564.0	gameplay	False		
005	595	02	1568.0	gameplay	True	160.3722148398897	AF7
005	596	02	1572.0	gameplay	True	241.19935901352508	Fp2
005	597	02	1576.0	gameplay	False		
005	598	02	1580.0	gameplay	True	235.32688052628774	Fp2
005	599	02	1584.0	gameplay	False		
005	600	02	1588.0	gameplay	False		
005	601	02	1592.0	gameplay	False		
005	602	02	1596.0	gameplay	True	94.62524765616953	AF8
005	603	02	1600.0	gameplay	False		
005	604	02	1604.0	gameplay	True	190.4339212417031	AF8
005	605	02	1608.0	gameplay	False		
005	606	02	1612.0	gameplay	True	68.81333143180844	AF8
005	607	02	1616.0	gameplay	True	102.81376235614403	Fp2
005	608	02	1620.0	gameplay	False		
005	609	02	1624.0	gameplay	True	149.75904048473043	AF8
005	610	02	1628.0	gameplay	True	149.66509211582843	AF8
005	611	02	1632.0	gameplay	True	248.61236511346837	Fp2
005	612	02	1636.0	gameplay	False		
005	613	02	1640.0	gameplay	False		
005	614	02	1644.0	gameplay	True	172.1749835867334	Fp2
005	615	02	1648.0	gameplay	True	81.54476713816858	F7
005	616	02	1652.0	gameplay	False		
005	617	02	1656.0	gameplay	False		
005	618	02	1660.0	gameplay	True	238.93686244301034	Fp2
005	619	02	1664.0	gameplay	True	286.9472804935332	Fp2
005	620	02	1668.0	gameplay	False		
005	621	02	1672.0	gameplay	True	151.8088566471153	Fp2
005	622	02	1676.0	gameplay	False		
005	623	02	1680.0	gameplay	True	264.6343796186146	Fp2
005	624	02	1684.0	gameplay	True	97.00584390674922	Fp2
005	625	02	1688.0	gameplay	False		
005	626	02	1692.0	gameplay	False		
005	627	02	1696.0	gameplay	False		
005	628	02	1700.0	gameplay	True	91.41101047388706	AF8
005	629	02	1704.0	gameplay	False		
005	630	02	1708.0	gameplay	True	105.81348785196788	AF8
005	631	02	1712.0	gameplay	True	162.1190144022304	Fp2
005	632	02	1716.0	gameplay	True	150.15438802859148	AF8
005	633	02	1720.0	gameplay	True	211.45353262862247	Fp2
005	634	02	1724.0	gameplay	False		
005	635	02	1728.0	gameplay	False		
005	636	02	1732.0	gameplay	False		
005	637	02	1736.0	gameplay	True	263.94860402250924	Fp2
005	638	02	1740.0	gameplay	True	103.37859700969148	AF8
005	639	02	1744.0	gameplay	True	203.02453559453323	Fp2
005	640	02	1748.0	gameplay	False		
005	641	02	1752.0	gameplay	True	240.43725918835537	Fp2
005	642	02	1756.0	gameplay	False		
005	643	02	1760.0	gameplay	False		
005	644	02	1764.0	gameplay	False		
005	645	02	1768.0	gameplay	True	118.05610248429639	AF8
005	646	02	1772.0	gameplay	True	215.9100490011325	Fp2
005	647	02	1776.0	gameplay	True	134.40444141978014	AF8
005	648	02	1780.0	gameplay	True	202.2958404689022	Fp2
005	649	02	1784.0	gameplay	True	165.7467800320176	AF8
005	650	02	1788.0	gameplay	False		
005	651	02	1792.0	gameplay	True	254.154994122525	Fp2
005	652	02	1796.0	gameplay	False		
005	653	02	1800.0	gameplay	False		
005	654	02	1804.0	gameplay	True	180.21975669135148	AF8
005	655	02	1808.0	gameplay	False		
005	656	02	1812.0	gameplay	False		
005	657	02	1816.0	gameplay	True	139.47375476202916	F8
005	658	02	1820.0	gameplay	True	196.48764736618634	AF8
005	659	02	1824.0	gameplay	False		
005	660	02	1828.0	gameplay	True	112.95437975124561	AF7
005	661	02	1832.0	gameplay	True	113.2074123498936	AF8
005	662	02	1836.0	gameplay	True	119.64317288795645	F8
005	663	02	1840.0	gameplay	True	243.49683290257423	Fp2
005	664	02	1844.0	gameplay	True	119.22254527729707	AF8
005	665	02	1848.0	gameplay	True	169.82409236464224	AF8
005	666	02	1852.0	gameplay	False		
005	667	02	1856.0	gameplay	False		
005	668	02	1860.0	gameplay	False		
005	669	02	1864.0	gameplay	True	162.76687962907806	AF7
005	670	02	1868.0	gameplay	False		
005	671	02	1872.0	gameplay	True	121.11043515951206	AF8
005	672	02	1876.0	gameplay	False		
005	673	02	1880.0	gameplay	False		
005	674	02	1884.0	gameplay	True	188.4100108845395	Fp2
005	675	02	1888.0	gameplay	True	155.7320209371885	AF8
005	676	02	1892.0	gameplay	True	191.52631682140617	Fp2
005	677	02	1896.0	gameplay	False		
005	678	02	1900.0	gameplay	True	118.95681350528461	AF8
005	679	02	1904.0	gameplay	False		
005	680	02	1908.0	gameplay	True	306.88273559721836	Fp2
005	681	02	1912.0	gameplay	True	277.4818067814371	Fp2
005	682	02	1916.0	gameplay	True	104.08165719669672	AF8
005	683	02	1920.0	gameplay	False		
005	684	02	1924.0	gameplay	False		
005	685	02	1928.0	gameplay	False		
005	686	02	1932.0	gameplay	False		
005	687	02	1936.0	gameplay	False		
005	688	02	1940.0	gameplay	True	83.12345865619552	AF8
005	689	02	1944.0	gameplay	True	142.98820844497112	AF8
005	690	02	1948.0	gameplay	True	206.8426965833034	AF8
005	691	02	1952.0	gameplay	False		
005	692	02	1956.0	gameplay	True	398.176177119403	AF7
005	693	02	1960.0	gameplay	False		
005	694	02	1964.0	gameplay	False		
005	695	02	1968.0	gameplay	True	103.12433589496021	Fp2
005	696	02	1972.0	task_boundary	True	160.60177584268473	AF8
005	697	02	1976.0	outside_inferred_tasks	False		
005	698	02	1980.0	outside_inferred_tasks	False		
005	699	02	1984.0	outside_inferred_tasks	False		
005	700	02	1988.0	outside_inferred_tasks	False		
005	701	02	1992.0	outside_inferred_tasks	False		
005	702	02	1996.0	outside_inferred_tasks	False		
005	703	02	2000.0	outside_inferred_tasks	False		
006	0	01	0.0	outside_inferred_tasks	True	116.06388810434001	PO7
006	1	01	4.0	outside_inferred_tasks	False		
006	2	01	8.0	outside_inferred_tasks	True	248.2298729464735	Fp1
006	3	01	12.0	outside_inferred_tasks	True	129.2672574916982	FT9
006	4	01	16.0	outside_inferred_tasks	True	148.6315875734525	AF7
006	5	01	20.0	outside_inferred_tasks	False		
006	6	01	24.0	task_boundary	True	246.10490379712013	Fp2
006	7	01	28.0	oddball	True	233.6713405148665	Fp1
006	8	01	32.0	oddball	True	87.71990191774664	PO7
006	9	01	36.0	oddball	True	86.93622939530759	C6
006	10	01	40.0	oddball	True	243.81617683985692	Fp1
006	11	01	44.0	oddball	True	81.03569016891662	PO7
006	12	01	48.0	oddball	True	218.62144424459711	Fp1
006	13	01	52.0	oddball	True	116.70685936688452	CP5
006	14	01	56.0	oddball	True	217.3165774785633	Fp1
006	15	01	60.0	oddball	True	75.43126285855006	PO7
006	16	01	64.0	oddball	True	114.36156821529318	TP8
006	17	01	68.0	oddball	True	89.4706799837331	Fp1
006	18	01	72.0	oddball	True	237.89511067957594	Fp1
006	19	01	76.0	oddball	True	81.9835699764097	Fp1
006	20	01	80.0	oddball	True	240.71593412942394	Fp1
006	21	01	84.0	oddball	True	80.06981637205318	PO7
006	22	01	88.0	oddball	True	193.64079987578586	Fp1
006	23	01	92.0	oddball	True	79.2244680120178	AF7
006	24	01	96.0	oddball	True	219.82633556645334	Fp1
006	25	01	100.0	oddball	True	75.25557684426907	PO8
006	26	01	104.0	oddball	True	78.30918096815454	AF7
006	27	01	108.0	oddball	True	227.8306762811113	Fp1
006	28	01	112.0	oddball	True	89.47515080252	AF7
006	29	01	116.0	oddball	True	225.14847868705124	Fp1
006	30	01	120.0	oddball	True	211.12935607156865	Fp1
006	31	01	124.0	oddball	True	88.91231134901557	AF7
006	32	01	128.0	oddball	True	86.42103933183866	PO7
006	33	01	132.0	oddball	True	74.78403461103395	Fp1
006	34	01	136.0	oddball	True	89.75652671442316	Fp1
006	35	01	140.0	oddball	True	197.94780295479495	Fp1
006	36	01	144.0	oddball	True	140.64331022439634	Fp1
006	37	01	148.0	oddball	True	234.5404274716287	Fp1
006	38	01	152.0	oddball	True	74.97102913447105	Fp1
006	39	01	156.0	oddball	True	76.97861083121381	PO7
006	40	01	160.0	oddball	True	210.83175987443943	Fp1
006	41	01	164.0	oddball	True	79.60991835134824	PO7
006	42	01	168.0	oddball	True	76.89738820645432	POz
006	43	01	172.0	oddball	True	76.13610819204403	Fp1
006	44	01	176.0	oddball	True	121.87049440780953	Fp1
006	45	01	180.0	oddball	True	82.6102293042585	AF7
006	46	01	184.0	oddball	True	78.37416436827766	Fp1
006	47	01	188.0	oddball	True	229.97677919759275	Fp1
006	48	01	192.0	oddball	True	80.69856242113525	PO7
006	49	01	196.0	oddball	True	167.55582394383362	Fp1
006	50	01	200.0	oddball	True	175.6443895723576	Fp1
006	51	01	204.0	oddball	True	77.98739985168108	Fp1
006	52	01	208.0	oddball	True	209.53503001722189	Fp1
006	53	01	212.0	oddball	True	79.53747535996374	AF7
006	54	01	216.0	oddball	True	262.19155048960846	Fp1
006	55	01	220.0	oddball	True	81.02672937696887	Fp1
006	56	01	224.0	oddball	True	174.63527626442033	Fp2
006	57	01	228.0	oddball	True	215.71511024908142	Fp1
006	58	01	232.0	oddball	True	202.3098368129371	Fp1
006	59	01	236.0	oddball	True	66.62235625852891	TP9
006	60	01	240.0	oddball	True	79.90890094567165	PO7
006	61	01	244.0	oddball	True	252.7995674926977	Fp1
006	62	01	248.0	oddball	True	220.01051265565408	Fp1
006	63	01	252.0	oddball	True	73.92903874800102	PO7
006	64	01	256.0	oddball	True	191.52198357404603	Fp1
006	65	01	260.0	oddball	True	82.11980043647198	Fp1
006	66	01	264.0	oddball	True	202.86746934991234	Fp1
006	67	01	268.0	oddball	True	88.46534322609446	Fp1
006	68	01	272.0	oddball	True	174.32720517067878	Fp1
006	69	01	276.0	oddball	True	215.77621027277164	Fp1
006	70	01	280.0	oddball	True	170.2275957442262	Fp1
006	71	01	284.0	oddball	True	157.06943114678805	Fp1
006	72	01	288.0	oddball	True	195.41414581399403	Fp1
006	73	01	292.0	oddball	True	189.32211636355447	Fp1
006	74	01	296.0	oddball	True	140.5137859048823	Fp1
006	75	01	300.0	oddball	True	157.13888887863158	Fp1
006	76	01	304.0	oddball	True	77.93023468897381	PO7
006	77	01	308.0	oddball	True	75.40286627526108	PO7
006	78	01	312.0	oddball	True	194.3847687710861	Fp1
006	79	01	316.0	oddball	True	84.21986362443103	Fp1
006	80	01	320.0	oddball	True	74.41739636631841	PO7
006	81	01	324.0	oddball	True	147.01544904053074	Fp1
006	82	01	328.0	oddball	True	156.2703128204241	Fp1
006	83	01	332.0	oddball	True	214.6004022042303	Fp2
006	84	01	336.0	oddball	True	69.98583773356599	PO7
006	85	01	340.0	oddball	False		
006	86	01	344.0	oddball	False		
006	87	01	348.0	oddball	True	89.63616538012859	TP8
006	88	01	352.0	oddball	True	200.6973837206605	Fp1
006	89	01	356.0	oddball	True	73.44306165491288	AF7
006	90	01	360.0	oddball	True	71.48539720487751	PO7
006	91	01	364.0	oddball	True	57.9101275194553	PO7
006	92	01	368.0	oddball	True	171.21419098690498	Fp1
006	93	01	372.0	oddball	True	225.16682756736893	AF7
006	94	01	376.0	oddball	True	271.4627984706765	Fp1
006	95	01	380.0	oddball	True	58.53816021892911	PO7
006	96	01	384.0	oddball	True	200.80124987585603	Fp1
006	97	01	388.0	oddball	True	200.39671257597746	Fp1
006	98	01	392.0	oddball	True	194.00137265109834	Fp1
006	99	01	396.0	oddball	True	80.1925428516855	PO8
006	100	01	400.0	oddball	True	89.73113611151834	Fp1
006	101	01	404.0	oddball	True	214.14198632800841	Fp1
006	102	01	408.0	oddball	True	202.67758895422858	AF7
006	103	01	412.0	oddball	True	61.95339950955702	PO7
006	104	01	416.0	oddball	True	174.22640945360354	Fp1
006	105	01	420.0	oddball	True	211.6283562136296	Fp1
006	106	01	424.0	oddball	True	68.30152694760605	PO4
006	107	01	428.0	task_boundary	True	164.41226935453236	Fp1
006	108	01	432.0	outside_inferred_tasks	True	78.71383074963123	Fp1
006	109	01	436.0	outside_inferred_tasks	True	64.3426130785293	PO7
006	110	01	440.0	outside_inferred_tasks	True	161.4449229077712	AF7
006	111	01	444.0	outside_inferred_tasks	True	204.95432970384724	Fp1
006	112	01	448.0	outside_inferred_tasks	False		
006	113	01	452.0	outside_inferred_tasks	False		
006	114	01	456.0	outside_inferred_tasks	True	272.91007166498804	Fp1
006	115	01	460.0	outside_inferred_tasks	True	317.5899344726825	Fp1
006	116	01	464.0	outside_inferred_tasks	True	124.6837765299241	AF7
006	117	01	468.0	outside_inferred_tasks	True	194.40888143882196	Fp1
006	118	01	472.0	outside_inferred_tasks	True	109.72182816828266	AF7
006	119	01	476.0	outside_inferred_tasks	True	305.2688744242584	Fp2
006	120	01	480.0	outside_inferred_tasks	True	98.88643235901691	F8
006	121	01	484.0	outside_inferred_tasks	True	250.43201394346724	Fp1
006	122	01	488.0	outside_inferred_tasks	True	110.3035693875744	F8
006	123	01	492.0	outside_inferred_tasks	True	269.13503203812644	Fp1
006	124	01	496.0	task_boundary	True	186.42756609623243	Fp1
006	125	01	500.0	gambling	False		
006	126	01	504.0	gambling	True	266.47640147441535	Fp2
006	127	01	508.0	gambling	True	122.94786427677616	Fp1
006	128	01	512.0	gambling	True	129.09593549860503	TP8
006	129	01	516.0	gambling	True	261.0267172629036	Fp2
006	130	01	520.0	gambling	True	282.7431782576203	Fp1
006	131	01	524.0	gambling	True	109.33324779594331	AF8
006	132	01	528.0	gambling	True	109.08560519489629	F8
006	133	01	532.0	gambling	True	93.13041283970861	PO7
006	134	01	536.0	gambling	True	140.2840113234573	Fp1
006	135	01	540.0	gambling	False		
006	136	01	544.0	gambling	True	111.54448281549472	AF8
006	137	01	548.0	gambling	True	103.66322302222106	C6
006	138	01	552.0	gambling	True	137.2871549137152	AF8
006	139	01	556.0	gambling	True	132.63440689254645	AF8
006	140	01	560.0	gambling	True	92.32336403845923	C6
006	141	01	564.0	gambling	True	98.6013028682527	AF8
006	142	01	568.0	gambling	True	96.05334070868317	C6
006	143	01	572.0	gambling	True	118.52087754720387	C6
006	144	01	576.0	gambling	True	134.49034074076667	AF7
006	145	01	580.0	gambling	True	103.57921567839244	C6
006	146	01	584.0	gambling	True	113.78255434256563	C6
006	147	01	588.0	gambling	True	90.12898618525813	C6
006	148	01	592.0	gambling	True	125.56684075594197	C6
006	149	01	596.0	gambling	True	100.2748830434763	C6
006	150	01	600.0	gambling	True	121.8151928475854	AF8
006	151	01	604.0	gambling	True	112.41032371106665	C6
006	152	01	608.0	gambling	True	97.52028253368918	TP8
006	153	01	612.0	gambling	True	108.67227534493541	C6
006	154	01	616.0	gambling	True	102.13431518711657	FT9
006	155	01	620.0	gambling	True	93.85096715387826	C6
006	156	01	624.0	gambling	True	107.01177949775563	AF8
006	157	01	628.0	gambling	True	148.2284389097897	AF8
006	158	01	632.0	gambling	True	114.63606617558436	AF8
006	159	01	636.0	gambling	True	100.59945269622385	C6
006	160	01	640.0	gambling	True	87.97138185005849	AF7
006	161	01	644.0	gambling	True	90.89944817749041	C6
006	162	01	648.0	gambling	True	221.32559900608248	Fp1
006	163	01	652.0	gambling	True	96.29780928539421	C6
006	164	01	656.0	gambling	True	110.64858990025743	AF8
006	165	01	660.0	gambling	True	88.14585856714038	C6
006	166	01	664.0	gambling	True	128.9584461253091	AF8
006	167	01	668.0	gambling	True	101.6909634753642	C6
006	168	01	672.0	gambling	True	107.84213228301513	AF7
006	169	01	676.0	gambling	True	101.29706168640082	PO7
006	170	01	680.0	gambling	True	123.60483524801506	AF8
006	171	01	684.0	gambling	True	107.41482904353579	FT9
006	172	01	688.0	gambling	True	106.11214423101049	C6
006	173	01	692.0	gambling	True	124.03587304276364	AF8
006	174	01	696.0	gambling	True	123.73704109258388	FT7
006	175	01	700.0	gambling	True	123.59334154136536	AF8
006	176	01	704.0	task_boundary	True	236.86834646648055	Fp1
006	177	01	708.0	outside_inferred_tasks	True	132.87374855704732	C6
006	178	01	712.0	outside_inferred_tasks	True	311.473227778061	Fp1
006	179	01	716.0	outside_inferred_tasks	True	231.03651337646406	Fp1
006	180	01	720.0	outside_inferred_tasks	True	240.85108518568606	AF8
006	181	01	724.0	outside_inferred_tasks	True	111.41059845002502	FT9
006	182	01	728.0	outside_inferred_tasks	True	128.41621745774995	AF7
006	183	01	732.0	outside_inferred_tasks	True	260.95271987576376	AF7
006	184	01	736.0	outside_inferred_tasks	False		
006	185	01	740.0	outside_inferred_tasks	True	276.86520317745834	Fp2
006	186	01	744.0	outside_inferred_tasks	True	303.44821074549446	Fp1
006	187	01	748.0	outside_inferred_tasks	False		
006	188	01	752.0	outside_inferred_tasks	True	155.23379467527622	Fp1
006	189	01	756.0	outside_inferred_tasks	True	275.6535939889355	Fp1
006	190	01	760.0	outside_inferred_tasks	True	216.87499186701945	Fp1
006	191	01	764.0	outside_inferred_tasks	True	137.5335002774903	AF7
006	192	01	768.0	outside_inferred_tasks	True	121.48023574975112	C6
006	193	01	772.0	outside_inferred_tasks	True	185.74547558442424	F8
006	194	01	776.0	task_boundary	True	173.90046639390184	F8
006	195	01	780.0	gambling	True	113.8292004522911	C6
006	196	01	784.0	gambling	True	110.37286721884394	C6
006	197	01	788.0	gambling	True	124.77463501066414	C6
006	198	01	792.0	gambling	True	101.89537772459708	AF8
006	199	01	796.0	gambling	True	116.7201078350049	PO7
006	200	01	800.0	gambling	True	121.98543910480078	C6
006	201	01	804.0	gambling	True	112.83722263276006	C6
006	202	01	808.0	gambling	True	110.48113620618416	FT7
006	203	01	812.0	gambling	True	96.50149891662639	C6
006	204	01	816.0	gambling	True	106.71100206699869	C6
006	205	01	820.0	gambling	True	93.65191248531112	C6
006	206	01	824.0	gambling	True	108.04770632772865	C6
006	207	01	828.0	gambling	True	100.74988531430105	PO7
006	208	01	832.0	gambling	True	154.30782301190422	Fp1
006	209	01	836.0	gambling	True	111.4056545294632	AF8
006	210	01	840.0	gambling	True	111.61592067421444	AF8
006	211	01	844.0	gambling	True	98.20443715131015	C6
006	212	01	848.0	gambling	True	93.65332382100301	Fp1
006	213	01	852.0	gambling	True	88.07856728800215	FT9
006	214	01	856.0	gambling	True	118.5727384712113	F8
006	215	01	860.0	gambling	True	83.59179470994465	C6
006	216	01	864.0	gambling	True	139.15359852372256	AF8
006	217	01	868.0	gambling	True	80.32641570484793	PO7
006	218	01	872.0	gambling	True	181.35920664975174	Fp1
006	219	01	876.0	gambling	True	155.58752395180474	CP5
006	220	01	880.0	gambling	True	92.10585377793932	FT9
006	221	01	884.0	gambling	True	116.6575848793132	AF8
006	222	01	888.0	gambling	True	122.03081092672184	FT9
006	223	01	892.0	gambling	True	125.73044938354874	AF7
006	224	01	896.0	gambling	True	130.33877910548796	AF7
006	225	01	900.0	task_boundary	False		
006	226	01	904.0	outside_inferred_tasks	True	215.83946162100747	Fp1
006	227	01	908.0	outside_inferred_tasks	True	203.28719280915072	Fp1
006	228	01	912.0	outside_inferred_tasks	False		
006	229	01	916.0	outside_inferred_tasks	True	323.1848746019648	Fp1
006	230	01	920.0	outside_inferred_tasks	True	169.73272653626037	AF7
006	231	01	924.0	outside_inferred_tasks	True	130.39809783235023	FT9
006	232	01	928.0	outside_inferred_tasks	True	182.3366773635316	AF7
006	233	01	932.0	outside_inferred_tasks	False		
006	234	01	936.0	outside_inferred_tasks	False		
006	235	01	940.0	outside_inferred_tasks	False		
006	236	01	944.0	outside_inferred_tasks	True	217.24464354424177	C6
006	237	01	948.0	outside_inferred_tasks	True	182.40732905066855	Fp1
006	238	01	952.0	outside_inferred_tasks	True	147.28443866736066	C6
006	239	01	956.0	outside_inferred_tasks	True	193.6890865918887	Fp1
006	240	01	960.0	outside_inferred_tasks	True	220.15968288665687	AF8
006	241	01	964.0	task_boundary	True	132.22910281761816	C6
006	242	01	968.0	gambling	True	156.88439129232611	C6
006	243	01	972.0	gambling	True	147.08913002511707	C6
006	244	01	976.0	gambling	True	154.81414747676064	C6
006	245	01	980.0	gambling	True	142.98657957111337	C6
006	246	01	984.0	gambling	True	123.80658311785325	C6
006	247	01	988.0	gambling	True	115.92051284350379	C6
006	248	01	992.0	gambling	True	112.90842784983604	C6
006	249	01	996.0	gambling	True	106.2127187343635	C6
006	250	01	1000.0	gambling	True	122.8813473925553	C6
006	251	01	1004.0	gambling	True	145.40661201788686	C6
006	252	01	1008.0	gambling	True	144.98992501943425	AF7
006	253	01	1012.0	gambling	True	99.11046189134453	C6
006	254	01	1016.0	gambling	True	151.09053764716066	C6
006	255	01	1020.0	gambling	True	101.42734124597355	C6
006	256	01	1024.0	gambling	True	104.79407849954438	C6
006	257	01	1028.0	gambling	True	96.9939915683239	AF7
006	258	01	1032.0	gambling	True	104.02698488021039	C6
006	259	01	1036.0	gambling	True	102.14202480790772	C6
006	260	01	1040.0	gambling	True	91.32118956027816	PO7
006	261	01	1044.0	gambling	True	80.21254713154653	C6
006	262	01	1048.0	gambling	True	96.37052133919819	PO7
006	263	01	1052.0	gambling	True	74.31703354815846	C6
006	264	01	1056.0	gambling	True	194.73796031374806	Fp1
006	265	01	1060.0	gambling	True	186.9469447864663	Fp1
006	266	01	1064.0	gambling	True	81.09521459130835	FT9
006	267	01	1068.0	gambling	True	80.21067030043551	AF8
006	268	01	1072.0	gambling	True	73.73584526433001	FT7
006	269	01	1076.0	gambling	True	65.53440085680576	PO7
006	270	01	1080.0	gambling	True	67.70321249876521	PO7
006	271	01	1084.0	gambling	True	78.2383496514284	T7
006	272	01	1088.0	gambling	True	114.79602398736341	AF7
006	273	01	1092.0	gambling	True	122.12728451846064	AF7
006	274	01	1096.0	task_boundary	True	78.90768031791612	AF7
006	275	01	1100.0	outside_inferred_tasks	True	229.7147439849657	AF7
006	276	01	1104.0	outside_inferred_tasks	True	158.26259570099413	CP5
006	277	01	1108.0	outside_inferred_tasks	True	138.49298444454124	AF7
006	278	01	1112.0	outside_inferred_tasks	True	124.67981688638643	F5
006	279	01	1116.0	outside_inferred_tasks	True	151.33901944032058	Fp1
006	280	01	1120.0	outside_inferred_tasks	True	178.50385960010297	Fp1
006	281	01	1124.0	outside_inferred_tasks	True	252.00365408198311	AF7
006	282	01	1128.0	outside_inferred_tasks	True	95.67351131127049	PO7
006	283	01	1132.0	outside_inferred_tasks	True	247.0260497343527	Fp2
006	284	01	1136.0	outside_inferred_tasks	True	257.85156188318666	AF7
006	285	01	1140.0	outside_inferred_tasks	True	110.15683339645621	PO7
006	286	01	1144.0	outside_inferred_tasks	True	116.77087379677388	AF7
006	287	02	0.0	outside_inferred_tasks	True	119.85979433582338	C6
006	288	02	4.0	outside_inferred_tasks	True	122.78587284695244	AF7
006	289	02	8.0	outside_inferred_tasks	True	121.20640166232756	F8
006	290	02	12.0	outside_inferred_tasks	True	121.55342448298275	AF7
006	291	02	16.0	outside_inferred_tasks	True	277.85899271955304	AF7
006	292	02	20.0	outside_inferred_tasks	True	123.05084194541323	AF7
006	293	02	24.0	outside_inferred_tasks	True	111.96863526515146	C6
006	294	02	28.0	outside_inferred_tasks	True	246.29371575802173	AF7
006	295	02	32.0	outside_inferred_tasks	True	277.31482627885913	Fp1
006	296	02	36.0	outside_inferred_tasks	True	292.6409522860325	Fp1
006	297	02	40.0	outside_inferred_tasks	True	261.16957793780404	Fp1
006	298	02	44.0	outside_inferred_tasks	False		
006	299	02	48.0	outside_inferred_tasks	True	121.75240677781629	F7
006	300	02	52.0	outside_inferred_tasks	True	145.58308361967408	FT10
006	301	02	56.0	outside_inferred_tasks	False		
006	302	02	60.0	outside_inferred_tasks	True	278.0351328646751	Fp1
006	303	02	64.0	outside_inferred_tasks	True	118.22658503747499	AF7
006	304	02	68.0	outside_inferred_tasks	True	101.11550113364588	PO7
006	305	02	72.0	outside_inferred_tasks	True	120.52966664845012	TP8
006	306	02	76.0	outside_inferred_tasks	True	177.5380016821978	Fp1
006	307	02	80.0	outside_inferred_tasks	True	119.54828230384187	F8
006	308	02	84.0	outside_inferred_tasks	True	97.05526326276491	PO7
006	309	02	88.0	outside_inferred_tasks	True	108.75778931130499	AF7
006	310	02	92.0	outside_inferred_tasks	True	85.1476895835337	PO7
006	311	02	96.0	outside_inferred_tasks	True	187.87050958888295	AF7
006	312	02	100.0	outside_inferred_tasks	True	245.2510979432601	Fp1
006	313	02	104.0	outside_inferred_tasks	True	109.56115307308032	AF7
006	314	02	108.0	outside_inferred_tasks	True	106.2227399000233	C6
006	315	02	112.0	outside_inferred_tasks	True	225.4141077912841	Fp1
006	316	02	116.0	outside_inferred_tasks	True	117.61550869985459	F8
006	317	02	120.0	outside_inferred_tasks	True	110.22802330815982	F8
006	318	02	124.0	outside_inferred_tasks	True	214.2284235335893	Fp2
006	319	02	128.0	outside_inferred_tasks	True	206.18876961922703	Fp1
006	320	02	132.0	outside_inferred_tasks	True	202.31113354715743	Fp2
006	321	02	136.0	outside_inferred_tasks	True	98.84228873238712	C6
006	322	02	140.0	outside_inferred_tasks	True	109.70544401120087	C6
006	323	02	144.0	outside_inferred_tasks	True	223.01744419727527	Fp2
006	324	02	148.0	outside_inferred_tasks	True	195.5504792139418	Fp2
006	325	02	152.0	outside_inferred_tasks	True	160.27812903910717	AF8
006	326	02	156.0	outside_inferred_tasks	True	117.41663706484539	F8
006	327	02	160.0	outside_inferred_tasks	True	228.78699434069435	Fp2
006	328	02	164.0	task_boundary	True	234.65353347257283	Fp1
006	329	02	168.0	gameplay	True	115.67111951289537	AF7
006	330	02	172.0	gameplay	True	111.21917315483947	C6
006	331	02	176.0	gameplay	True	137.2295185564691	AF7
006	332	02	180.0	gameplay	True	138.00582459706942	AF7
006	333	02	184.0	gameplay	True	131.37827654423134	P8
006	334	02	188.0	gameplay	True	128.5849530392207	TP8
006	335	02	192.0	gameplay	True	144.14127312529064	AF8
006	336	02	196.0	gameplay	True	133.5142515152559	TP8
006	337	02	200.0	gameplay	True	189.86760659702318	TP8
006	338	02	204.0	gameplay	True	127.32493184813214	TP8
006	339	02	208.0	gameplay	True	148.28277560614924	TP8
006	340	02	212.0	gameplay	True	156.75081966656393	TP8
006	341	02	216.0	gameplay	True	129.23441673895962	Fp1
006	342	02	220.0	gameplay	True	196.02828155921122	AF8
006	343	02	224.0	gameplay	True	123.49800464012405	TP8
006	344	02	228.0	gameplay	True	132.5034519264242	TP8
006	345	02	232.0	gameplay	True	167.1873775422679	TP8
006	346	02	236.0	gameplay	True	143.73935271827392	TP8
006	347	02	240.0	gameplay	True	160.1106257700492	TP8
006	348	02	244.0	gameplay	True	163.6030270766502	TP8
006	349	02	248.0	gameplay	True	175.52783560901662	TP8
006	350	02	252.0	gameplay	True	157.722358384649	TP8
006	351	02	256.0	gameplay	True	211.63293403965494	TP8
006	352	02	260.0	gameplay	True	196.22389170721365	TP8
006	353	02	264.0	gameplay	True	140.47956056845987	TP8
006	354	02	268.0	gameplay	True	181.56119490661786	TP8
006	355	02	272.0	gameplay	True	219.83361750326213	TP8
006	356	02	276.0	gameplay	True	242.4962460539606	TP8
006	357	02	280.0	gameplay	True	176.36930051513602	TP8
006	358	02	284.0	gameplay	True	201.086722901562	TP8
006	359	02	288.0	gameplay	True	297.797614345572	TP8
006	360	02	292.0	gameplay	True	250.0446771130884	TP8
006	361	02	296.0	gameplay	True	252.62868430388372	TP8
006	362	02	300.0	gameplay	True	335.56095813870104	TP8
006	363	02	304.0	gameplay	True	308.8951410317592	TP8
006	364	02	308.0	gameplay	True	247.2659752284546	TP8
006	365	02	312.0	gameplay	True	254.14555288589668	TP8
006	366	02	316.0	gameplay	True	259.28686441973434	TP8
006	367	02	320.0	gameplay	True	207.441649733019	TP8
006	368	02	324.0	gameplay	True	240.30226828533316	TP8
006	369	02	328.0	gameplay	True	248.82575926386775	TP8
006	370	02	332.0	gameplay	True	210.6269983463784	TP8
006	371	02	336.0	gameplay	True	219.03253128030266	TP8
006	372	02	340.0	gameplay	True	208.20341423450046	TP8
006	373	02	344.0	gameplay	True	189.9786678834736	TP8
006	374	02	348.0	gameplay	True	230.09765559027858	TP8
006	375	02	352.0	gameplay	True	171.50503486869238	TP8
006	376	02	356.0	gameplay	True	174.6390757058797	TP8
006	377	02	360.0	gameplay	True	211.58515878587775	TP8
006	378	02	364.0	gameplay	True	195.79183146697173	TP8
006	379	02	368.0	gameplay	True	217.5618510701619	TP8
006	380	02	372.0	gameplay	True	191.89643055972545	TP8
006	381	02	376.0	gameplay	True	191.0141671532692	TP8
006	382	02	380.0	gameplay	True	247.55706701263088	Fp2
006	383	02	384.0	gameplay	True	207.96313419659793	TP8
006	384	02	388.0	gameplay	True	227.91950158197113	TP8
006	385	02	392.0	gameplay	True	196.95793096039657	TP8
006	386	02	396.0	gameplay	True	253.6808390671344	TP8
006	387	02	400.0	gameplay	True	213.5690225592813	TP8
006	388	02	404.0	gameplay	True	241.42235512782105	TP8
006	389	02	408.0	gameplay	True	222.99751234853866	TP8
006	390	02	412.0	gameplay	True	222.7648996919942	TP8
006	391	02	416.0	gameplay	True	233.980407164895	TP8
006	392	02	420.0	gameplay	True	280.94126823064386	TP8
006	393	02	424.0	gameplay	True	223.1642756343613	TP8
006	394	02	428.0	gameplay	True	204.2062755008607	TP8
006	395	02	432.0	gameplay	True	201.8193965224716	TP8
006	396	02	436.0	gameplay	True	205.53260754555177	TP8
006	397	02	440.0	gameplay	True	213.191306520584	TP8
006	398	02	444.0	gameplay	True	292.55461852073955	Fp2
006	399	02	448.0	gameplay	True	227.9161830623579	TP8
006	400	02	452.0	gameplay	True	244.22724070102018	TP8
006	401	02	456.0	gameplay	True	209.2661434219363	TP8
006	402	02	460.0	gameplay	True	266.1815180361746	TP8
006	403	02	464.0	gameplay	True	216.60620059666027	TP8
006	404	02	468.0	gameplay	True	215.45194950704868	TP8
006	405	02	472.0	gameplay	True	213.03792517025386	TP8
006	406	02	476.0	gameplay	True	222.26657043391933	TP8
006	407	02	480.0	gameplay	True	217.70947233956971	TP8
006	408	02	484.0	gameplay	True	190.72380773123172	TP8
006	409	02	488.0	gameplay	True	340.50895632630903	TP8
006	410	02	492.0	gameplay	True	256.38864831506913	TP8
006	411	02	496.0	gameplay	True	314.7398444919855	Fp2
006	412	02	500.0	gameplay	True	233.62863089201474	TP8
006	413	02	504.0	gameplay	False		
006	414	02	508.0	gameplay	True	263.36605780290625	Fp2
006	415	02	512.0	gameplay	False		
006	416	02	516.0	gameplay	False		
006	417	02	520.0	gameplay	False		
006	418	02	524.0	gameplay	True	315.9958562455316	Fp1
006	419	02	528.0	gameplay	True	168.5246425193407	TP8
006	420	02	532.0	gameplay	False		
006	421	02	536.0	gameplay	True	254.25478268943917	Fp1
006	422	02	540.0	gameplay	True	138.02315102890898	TP8
006	423	02	544.0	gameplay	True	163.77558097837056	TP8
006	424	02	548.0	gameplay	True	110.53655975447693	C6
006	425	02	552.0	gameplay	True	129.51768452561205	Fp1
006	426	02	556.0	gameplay	True	127.95957905578815	C6
006	427	02	560.0	gameplay	True	154.06527668571533	Fp1
006	428	02	564.0	gameplay	True	122.67549471854856	AF8
006	429	02	568.0	gameplay	True	107.17579236990971	C6
006	430	02	572.0	gameplay	True	138.2894131694457	Fp1
006	431	02	576.0	gameplay	True	136.76307640702385	F8
006	432	02	580.0	gameplay	True	127.69395794132583	Fp2
006	433	02	584.0	gameplay	True	92.10288217781638	C6
006	434	02	588.0	gameplay	True	137.21232547619525	F8
006	435	02	592.0	gameplay	True	124.82467227731595	AF7
006	436	02	596.0	gameplay	True	115.93414275907432	AF7
006	437	02	600.0	gameplay	True	131.2705417349348	F8
006	438	02	604.0	gameplay	True	86.3881834345126	Fp1
006	439	02	608.0	gameplay	True	99.71316117864643	TP8
006	440	02	612.0	gameplay	True	344.40550164717496	AF8
006	441	02	616.0	gameplay	True	92.65186287881686	F8
006	442	02	620.0	gameplay	True	148.87793695860208	Fp1
006	443	02	624.0	gameplay	True	146.10407983180653	Fp1
006	444	02	628.0	gameplay	True	69.22414571287824	Fp1
006	445	02	632.0	gameplay	True	83.20365889243483	Fp1
006	446	02	636.0	gameplay	True	92.6390684277634	F8
006	447	02	640.0	gameplay	True	121.70769466007128	Fp1
006	448	02	644.0	gameplay	True	102.92651721278375	Fp2
006	449	02	648.0	gameplay	True	88.71591547319788	Fp1
006	450	02	652.0	gameplay	True	118.04766435278867	Fp2
006	451	02	656.0	gameplay	True	102.55324902967253	Fp1
006	452	02	660.0	gameplay	True	101.99627276762165	Fp2
006	453	02	664.0	gameplay	True	100.49225985060153	AF8
006	454	02	668.0	gameplay	True	98.05599575629084	AF8
006	455	02	672.0	gameplay	True	153.40230912984347	Fp1
006	456	02	676.0	gameplay	True	125.06307580368853	Fp1
006	457	02	680.0	gameplay	True	109.40229005318396	Fp1
006	458	02	684.0	gameplay	True	118.68247573623971	Fp2
006	459	02	688.0	gameplay	True	95.8858602051184	TP8
006	460	02	692.0	gameplay	True	98.29548230378161	Fp1
006	461	02	696.0	gameplay	True	103.98224607190554	Fp1
006	462	02	700.0	gameplay	True	128.17945827698432	Fp2
006	463	02	704.0	gameplay	True	115.26852755410944	Fp1
006	464	02	708.0	gameplay	True	113.87097519907881	Fp2
006	465	02	712.0	gameplay	True	120.88710365458526	TP8
006	466	02	716.0	gameplay	True	137.3833958294715	TP8
006	467	02	720.0	gameplay	True	139.68098040690538	AF8
006	468	02	724.0	gameplay	True	115.12306194035523	TP8
006	469	02	728.0	gameplay	True	137.79050388599356	TP8
006	470	02	732.0	gameplay	True	309.6847144681091	Fp2
006	471	02	736.0	gameplay	True	135.65341913665563	AF8
006	472	02	740.0	gameplay	True	122.04387258570257	TP8
006	473	02	744.0	gameplay	True	110.62857029018566	Fp1
006	474	02	748.0	gameplay	True	119.43128931507074	Fp1
006	475	02	752.0	gameplay	True	92.59775522826651	TP8
006	476	02	756.0	gameplay	True	131.5173528290208	AF8
006	477	02	760.0	gameplay	True	96.01995433759265	F8
006	478	02	764.0	gameplay	True	81.76820736430676	Fp2
006	479	02	768.0	gameplay	False		
006	480	02	772.0	gameplay	False		
006	481	02	776.0	gameplay	True	148.9694037767105	F8
006	482	02	780.0	gameplay	True	159.0078731374863	Fp2
006	483	02	784.0	gameplay	True	121.90792432112022	AF7
006	484	02	788.0	gameplay	True	160.2732538208375	F8
006	485	02	792.0	gameplay	True	108.99581870081954	AF8
006	486	02	796.0	gameplay	True	112.25232299742684	Fp1
006	487	02	800.0	gameplay	True	111.62349287836004	F8
006	488	02	804.0	gameplay	True	127.59537833055624	F8
006	489	02	808.0	gameplay	True	109.50809058649243	TP8
006	490	02	812.0	gameplay	True	166.80230656914125	AF8
006	491	02	816.0	gameplay	True	123.57638898877394	F8
006	492	02	820.0	gameplay	True	125.01731081487456	TP8
006	493	02	824.0	gameplay	True	130.38427309262457	TP8
006	494	02	828.0	gameplay	True	135.1022639990726	TP8
006	495	02	832.0	gameplay	True	106.03769273055693	TP8
006	496	02	836.0	gameplay	True	111.61972780827617	Fp1
006	497	02	840.0	gameplay	True	117.88130167692017	Fp1
006	498	02	844.0	gameplay	True	108.44725010083566	TP8
006	499	02	848.0	gameplay	True	151.63378857657477	AF8
006	500	02	852.0	gameplay	True	106.91690416016436	TP8
006	501	02	856.0	gameplay	True	96.58360648809033	TP8
006	502	02	860.0	gameplay	True	115.9688908849301	AF8
006	503	02	864.0	gameplay	True	129.14443946850758	Fp1
006	504	02	868.0	gameplay	True	126.79214075346249	Fp2
006	505	02	872.0	gameplay	True	331.28811550665296	Fp1
006	506	02	876.0	gameplay	True	129.87295480211853	TP8
006	507	02	880.0	gameplay	True	123.79656577770018	TP8
006	508	02	884.0	gameplay	True	141.31543686679186	F8
006	509	02	888.0	gameplay	True	153.25212820111122	TP8
006	510	02	892.0	gameplay	True	139.3276440924091	AF7
006	511	02	896.0	gameplay	True	180.00987200708104	TP8
006	512	02	900.0	gameplay	True	127.95921294940396	TP8
006	513	02	904.0	gameplay	True	140.51205776918735	TP8
006	514	02	908.0	gameplay	True	130.7260473245694	P8
006	515	02	912.0	gameplay	True	127.65950750146283	TP8
006	516	02	916.0	gameplay	True	191.33142049500782	TP8
006	517	02	920.0	gameplay	True	134.28998910062933	TP8
006	518	02	924.0	gameplay	False		
006	519	02	928.0	gameplay	True	177.85859642470996	TP8
006	520	02	932.0	gameplay	True	183.46363780075185	TP8
006	521	02	936.0	gameplay	True	187.96181839370584	TP8
006	522	02	940.0	gameplay	True	189.40440340515295	TP8
006	523	02	944.0	gameplay	True	223.14915403128975	TP8
006	524	02	948.0	gameplay	True	167.02064476034354	TP8
006	525	02	952.0	gameplay	True	196.67472796426767	TP8
006	526	02	956.0	gameplay	True	165.0088877362939	TP8
006	527	02	960.0	gameplay	True	201.55882965927216	TP8
006	528	02	964.0	gameplay	True	160.30480533827347	TP8
006	529	02	968.0	gameplay	True	215.84917392474262	TP8
006	530	02	972.0	gameplay	True	213.40751589616974	TP8
006	531	02	976.0	gameplay	True	233.21406504484423	TP8
006	532	02	980.0	gameplay	True	232.63458201469143	TP8
006	533	02	984.0	gameplay	True	208.68045005964302	TP8
006	534	02	988.0	gameplay	True	232.1796716401124	TP8
006	535	02	992.0	gameplay	True	192.5868678596092	TP8
006	536	02	996.0	gameplay	True	164.58203837201503	TP8
006	537	02	1000.0	gameplay	True	179.57476007938735	TP8
006	538	02	1004.0	gameplay	False		
006	539	02	1008.0	gameplay	True	251.57815484826597	F8
006	540	02	1012.0	gameplay	True	170.1058040585259	TP8
006	541	02	1016.0	gameplay	True	207.27315481312178	TP8
006	542	02	1020.0	gameplay	True	200.14688061456016	TP8
006	543	02	1024.0	gameplay	True	245.2194436826537	TP8
006	544	02	1028.0	gameplay	True	201.5577312146201	TP8
006	545	02	1032.0	gameplay	True	433.12913402047263	TP8
006	546	02	1036.0	gameplay	True	268.888450353096	TP8
006	547	02	1040.0	gameplay	True	296.5119925071508	Fp2
006	548	02	1044.0	gameplay	True	204.98798326729192	TP8
006	549	02	1048.0	gameplay	True	183.98813599064698	Fp1
006	550	02	1052.0	gameplay	True	213.79917843598065	TP8
006	551	02	1056.0	gameplay	True	209.7745355416429	TP8
006	552	02	1060.0	gameplay	True	308.87152025223855	TP8
006	553	02	1064.0	gameplay	True	207.43838438734437	TP8
006	554	02	1068.0	gameplay	True	242.90369356490334	TP8
006	555	02	1072.0	gameplay	True	261.6482384494944	TP8
006	556	02	1076.0	gameplay	True	236.19409885045638	TP8
006	557	02	1080.0	gameplay	True	246.98957762152736	TP8
006	558	02	1084.0	gameplay	True	199.82151733796977	TP8
006	559	02	1088.0	gameplay	True	230.71422510837556	TP8
006	560	02	1092.0	gameplay	True	217.13136985454645	TP8
006	561	02	1096.0	gameplay	True	197.890655094168	TP8
006	562	02	1100.0	gameplay	True	184.48809017881814	TP8
006	563	02	1104.0	gameplay	True	182.25689649442504	TP8
006	564	02	1108.0	gameplay	True	173.85134837207997	TP8
006	565	02	1112.0	gameplay	True	180.69137539234524	TP8
006	566	02	1116.0	gameplay	True	322.85771105160495	AF8
006	567	02	1120.0	gameplay	True	333.10909956624465	TP8
006	568	02	1124.0	gameplay	True	180.37021598923226	TP8
006	569	02	1128.0	gameplay	True	205.21849021156174	TP8
006	570	02	1132.0	gameplay	True	211.28809297580057	TP8
006	571	02	1136.0	gameplay	True	186.93650774362808	TP8
006	572	02	1140.0	gameplay	True	222.44802049166347	TP8
006	573	02	1144.0	gameplay	True	194.41904389457423	TP8
006	574	02	1148.0	gameplay	True	172.67195847361367	TP8
006	575	02	1152.0	gameplay	True	253.28852777611138	TP8
006	576	02	1156.0	gameplay	True	162.2417675859117	TP8
006	577	02	1160.0	gameplay	True	191.1924968090555	TP8
006	578	02	1164.0	gameplay	False		
006	579	02	1168.0	gameplay	False		
006	580	02	1172.0	gameplay	True	153.96209679561866	AF7
006	581	02	1176.0	gameplay	True	102.43386434352665	TP8
006	582	02	1180.0	gameplay	True	90.29769107033307	F8
006	583	02	1184.0	gameplay	True	124.71090660410503	TP8
006	584	02	1188.0	gameplay	True	109.38591357087198	Fp2
006	585	02	1192.0	gameplay	True	131.76582307536856	Fp1
006	586	02	1196.0	gameplay	True	142.43768282621673	Fp2
006	587	02	1200.0	gameplay	True	122.53726934784132	Fp2
006	588	02	1204.0	gameplay	True	119.21969199708055	F8
006	589	02	1208.0	gameplay	True	99.841468526226	Fp2
006	590	02	1212.0	gameplay	True	89.74395348362646	Fp2
006	591	02	1216.0	gameplay	True	195.3985360915711	Fp2
006	592	02	1220.0	gameplay	True	91.55467205989099	Fp1
006	593	02	1224.0	gameplay	True	108.65288124490557	AF8
006	594	02	1228.0	gameplay	True	285.50132682839273	Fp2
006	595	02	1232.0	gameplay	True	126.57680473788639	Fp2
006	596	02	1236.0	gameplay	True	114.10245862687464	Fp2
006	597	02	1240.0	gameplay	True	99.4090497309465	Fp2
006	598	02	1244.0	gameplay	True	120.49205361102955	Fp1
006	599	02	1248.0	gameplay	True	114.70673727365164	Fp2
006	600	02	1252.0	gameplay	True	106.02528741126571	Fp2
006	601	02	1256.0	gameplay	True	163.1443780840981	AF7
006	602	02	1260.0	gameplay	True	123.55955854301484	Fp1
006	603	02	1264.0	gameplay	True	102.66057948742656	Fp1
006	604	02	1268.0	gameplay	True	87.25288760263952	FT10
006	605	02	1272.0	gameplay	True	123.95725596948867	Fp1
006	606	02	1276.0	gameplay	True	112.07051056034454	Fp1
006	607	02	1280.0	gameplay	True	115.94042926750801	F8
006	608	02	1284.0	gameplay	True	75.90912600800762	Fp1
006	609	02	1288.0	gameplay	True	136.62885246142	AF8
006	610	02	1292.0	gameplay	True	149.02899885537155	Fp1
006	611	02	1296.0	gameplay	True	110.60300432803466	AF7
006	612	02	1300.0	gameplay	True	124.05817780186972	Fp2
006	613	02	1304.0	gameplay	True	91.77532747924346	Fp2
006	614	02	1308.0	gameplay	True	120.16864740286768	Fp1
006	615	02	1312.0	gameplay	True	119.9230610799206	Fp1
006	616	02	1316.0	gameplay	True	108.6990353849937	Fp2
006	617	02	1320.0	gameplay	True	119.45338792839883	Fp1
006	618	02	1324.0	gameplay	True	98.93556947687524	F8
006	619	02	1328.0	gameplay	True	84.45100381388062	Fp1
006	620	02	1332.0	gameplay	True	117.54596690848459	Fp2
006	621	02	1336.0	gameplay	True	98.36858718959927	F8
006	622	02	1340.0	gameplay	True	96.18159843338074	Fp1
006	623	02	1344.0	gameplay	True	102.96775790793289	AF8
006	624	02	1348.0	gameplay	True	135.271938011271	AF7
006	625	02	1352.0	gameplay	True	96.73952842666323	Fp1
006	626	02	1356.0	gameplay	False		
006	627	02	1360.0	gameplay	True	246.78894376429875	Fp1
006	628	02	1364.0	gameplay	True	125.41384491539186	AF7
006	629	02	1368.0	gameplay	True	247.84970795775098	Fp1
006	630	02	1372.0	gameplay	True	113.02023300965429	Fp1
006	631	02	1376.0	gameplay	True	108.39033097828441	AF7
006	632	02	1380.0	gameplay	True	98.0863492274464	AF7
006	633	02	1384.0	gameplay	True	116.58231724873656	Fp1
006	634	02	1388.0	gameplay	False		
006	635	02	1392.0	gameplay	False		
006	636	02	1396.0	gameplay	True	151.85939377624842	Fp1
006	637	02	1400.0	gameplay	True	96.78104761859048	Fp1
006	638	02	1404.0	gameplay	True	95.1414410078429	Fp1
006	639	02	1408.0	gameplay	True	88.04003490692443	AF7
006	640	02	1412.0	gameplay	True	101.73999001365986	AF8
006	641	02	1416.0	gameplay	True	108.34217046866529	AF8
006	642	02	1420.0	gameplay	True	107.82277642467793	AF7
006	643	02	1424.0	gameplay	True	80.66749165906015	Fp1
006	644	02	1428.0	gameplay	True	153.33332792479757	Fp1
006	645	02	1432.0	gameplay	True	102.75813653324921	F8
006	646	02	1436.0	gameplay	True	97.82418039360329	AF7
006	647	02	1440.0	gameplay	True	100.30538922189169	Fp1
006	648	02	1444.0	gameplay	True	139.1890103023485	F8
006	649	02	1448.0	gameplay	True	225.3558156085666	Fp2
006	650	02	1452.0	gameplay	True	104.68002685393586	AF3
006	651	02	1456.0	gameplay	True	82.92178327461153	F8
006	652	02	1460.0	gameplay	True	108.04959838794852	Fp1
006	653	02	1464.0	gameplay	True	252.59940265916381	AF8
006	654	02	1468.0	gameplay	True	216.28440027588786	Fp1
006	655	02	1472.0	gameplay	True	122.14013261949597	Fp1
006	656	02	1476.0	gameplay	True	120.88546344994383	F8
006	657	02	1480.0	gameplay	True	149.21843708850326	FC6
006	658	02	1484.0	gameplay	True	134.84438287657858	Fp1
006	659	02	1488.0	gameplay	True	118.77509650268173	Fp1
006	660	02	1492.0	gameplay	True	143.5207744086005	Fp2
006	661	02	1496.0	gameplay	True	127.27537506270403	AF8
006	662	02	1500.0	gameplay	True	132.3830219981763	Fp2
006	663	02	1504.0	gameplay	True	106.01662423651494	AF8
006	664	02	1508.0	gameplay	True	80.79722955464595	AF3
006	665	02	1512.0	gameplay	True	99.62578743178888	AF7
006	666	02	1516.0	gameplay	True	148.80459565316008	Fp1
006	667	02	1520.0	gameplay	True	112.42542983873282	AF7
006	668	02	1524.0	gameplay	True	92.10091374955786	Fp1
006	669	02	1528.0	gameplay	True	134.025539039704	F7
006	670	02	1532.0	gameplay	True	102.39321876689061	Fp1
006	671	02	1536.0	gameplay	True	100.11663028090939	AF7
006	672	02	1540.0	gameplay	True	102.1574552162155	AF7
006	673	02	1544.0	gameplay	True	140.99552110759643	AF7
006	674	02	1548.0	gameplay	True	131.2413708536166	F8
006	675	02	1552.0	gameplay	True	79.15327811750547	AF7
006	676	02	1556.0	gameplay	True	79.89687716523332	Fp1
006	677	02	1560.0	gameplay	True	102.05482469675421	AF8
006	678	02	1564.0	gameplay	True	93.30926110109513	Fp1
006	679	02	1568.0	gameplay	True	177.91856335864003	FT9
006	680	02	1572.0	gameplay	True	100.9137914527661	TP8
006	681	02	1576.0	gameplay	True	80.41055270111482	Fp1
006	682	02	1580.0	gameplay	True	103.06944626636461	Fp1
006	683	02	1584.0	gameplay	True	111.87770058814831	AF7
006	684	02	1588.0	gameplay	True	89.20089307819934	AF8
006	685	02	1592.0	gameplay	True	89.1053692657851	AF3
006	686	02	1596.0	gameplay	True	125.91194517944521	AF8
006	687	02	1600.0	gameplay	True	117.10868811653265	TP8
006	688	02	1604.0	gameplay	True	120.39424105933244	TP8
006	689	02	1608.0	gameplay	True	130.52796898389806	TP8
006	690	02	1612.0	gameplay	True	127.86756490364701	TP8
006	691	02	1616.0	gameplay	True	137.3490596497733	AF7
006	692	02	1620.0	gameplay	True	132.0684161602751	TP8
006	693	02	1624.0	gameplay	True	106.56732150352366	TP8
006	694	02	1628.0	gameplay	True	108.97010764180271	TP8
006	695	02	1632.0	gameplay	True	110.81970940875432	TP8
006	696	02	1636.0	gameplay	True	159.31368979406685	AF7
006	697	02	1640.0	gameplay	True	168.08788647313006	F8
006	698	02	1644.0	gameplay	True	146.79350617352648	F8
006	699	02	1648.0	gameplay	True	119.89176526326499	Fp1
006	700	02	1652.0	gameplay	True	131.72536055946674	TP8
006	701	02	1656.0	gameplay	True	133.99674568315106	F8
006	702	02	1660.0	gameplay	True	159.46614027825674	Fp1
006	703	02	1664.0	gameplay	True	118.36415821549667	TP8
006	704	02	1668.0	gameplay	True	225.1261362729552	AF8
006	705	02	1672.0	gameplay	True	268.33697087711414	Fp2
006	706	02	1676.0	gameplay	True	103.29541366691362	TP8
006	707	02	1680.0	gameplay	True	125.45944937613415	TP8
006	708	02	1684.0	gameplay	True	114.92475851495759	TP8
006	709	02	1688.0	gameplay	True	109.26499528699163	TP8
006	710	02	1692.0	gameplay	True	157.75459633469222	AF7
006	711	02	1696.0	gameplay	True	122.87801330640438	TP8
006	712	02	1700.0	gameplay	True	88.84800312245869	TP8
006	713	02	1704.0	gameplay	True	131.96193277459994	AF7
006	714	02	1708.0	gameplay	True	101.98364225566222	TP8
006	715	02	1712.0	gameplay	True	118.54578370522188	TP8
006	716	02	1716.0	gameplay	True	115.43032047322924	TP8
006	717	02	1720.0	gameplay	True	115.54276625073129	TP8
006	718	02	1724.0	gameplay	True	140.95042771191726	TP8
006	719	02	1728.0	gameplay	True	133.96913507632516	TP8
006	720	02	1732.0	gameplay	True	127.89163934798084	TP8
006	721	02	1736.0	gameplay	True	125.88812609893614	TP8
006	722	02	1740.0	gameplay	True	126.08356829717256	TP8
006	723	02	1744.0	gameplay	True	136.00734674241772	TP8
006	724	02	1748.0	gameplay	True	146.09971967631736	TP8
006	725	02	1752.0	gameplay	True	155.00898699985478	TP8
006	726	02	1756.0	gameplay	True	284.49346055716586	Fp2
006	727	02	1760.0	gameplay	True	140.93026318640432	TP8
006	728	02	1764.0	gameplay	True	148.50093033547296	TP8
006	729	02	1768.0	gameplay	True	150.7214809954718	TP8
006	730	02	1772.0	gameplay	True	115.6717449374083	TP8
006	731	02	1776.0	gameplay	True	124.06390340815408	TP8
006	732	02	1780.0	gameplay	True	131.737777377355	TP8
006	733	02	1784.0	gameplay	True	152.74821814706056	TP8
006	734	02	1788.0	gameplay	True	154.37006720082582	AF7
006	735	02	1792.0	gameplay	True	180.5338130465225	TP8
006	736	02	1796.0	gameplay	True	194.7754434459298	TP8
006	737	02	1800.0	gameplay	True	166.36374625284066	TP8
006	738	02	1804.0	gameplay	True	213.02069023349804	TP8
006	739	02	1808.0	gameplay	True	208.90102342037736	TP8
006	740	02	1812.0	gameplay	True	291.708914966138	Fp1
006	741	02	1816.0	gameplay	True	149.31470090279458	TP8
006	742	02	1820.0	gameplay	True	163.05443530713174	TP8
006	743	02	1824.0	gameplay	True	156.33289290066364	AF8
006	744	02	1828.0	gameplay	True	82.97213717972006	TP8
006	745	02	1832.0	gameplay	True	111.66024175236001	TP9
006	746	02	1836.0	gameplay	True	94.40053544824437	Fp2
006	747	02	1840.0	gameplay	True	85.59699605697043	Fp2
006	748	02	1844.0	gameplay	True	257.43317706719586	Fp2
006	749	02	1848.0	gameplay	True	78.9892462298056	Fp2
006	750	02	1852.0	gameplay	True	89.84832353923586	AF8
006	751	02	1856.0	gameplay	True	87.03081494081152	AF8
006	752	02	1860.0	gameplay	True	113.72010391526823	F8
006	753	02	1864.0	gameplay	True	131.0612979897521	AF8
006	754	02	1868.0	gameplay	True	93.16418807235561	AF8
006	755	02	1872.0	gameplay	True	82.1189726895884	Fp2
006	756	02	1876.0	gameplay	True	68.36000995593692	AF8
006	757	02	1880.0	gameplay	True	82.24345751423742	Fp2
006	758	02	1884.0	gameplay	True	101.75249074926933	F8
006	759	02	1888.0	gameplay	True	95.80891020749237	AF8
006	760	02	1892.0	gameplay	True	78.92028412511686	F8
006	761	02	1896.0	gameplay	True	67.95922443505458	AF8
006	762	02	1900.0	gameplay	True	79.49092653636208	F8
006	763	02	1904.0	gameplay	True	85.56299572344393	AF8
006	764	02	1908.0	gameplay	True	111.57630506763907	Fp2
006	765	02	1912.0	gameplay	True	294.2418970267494	Fp2
006	766	02	1916.0	gameplay	True	239.5941306638882	Fp2
006	767	02	1920.0	gameplay	True	102.47925541802284	AF7
006	768	02	1924.0	gameplay	True	119.85690272110284	Fp1
006	769	02	1928.0	gameplay	True	139.87951238557997	AF7
006	770	02	1932.0	gameplay	True	137.5761982559091	AF7
006	771	02	1936.0	gameplay	True	133.20094649672222	F8
006	772	02	1940.0	gameplay	True	99.41836142514734	Fp1
006	773	02	1944.0	gameplay	True	142.6502871665176	F8
006	774	02	1948.0	gameplay	True	107.14223443207118	AF8
006	775	02	1952.0	gameplay	True	107.89979512593959	F8
006	776	02	1956.0	gameplay	True	318.92342313288253	Fp2
006	777	02	1960.0	gameplay	True	124.13620340286626	Fp2
006	778	02	1964.0	gameplay	True	170.5486599830582	AF7
006	779	02	1968.0	gameplay	True	141.68728223763	Fp1
006	780	02	1972.0	gameplay	True	120.60036050480434	FT10
006	781	02	1976.0	gameplay	True	83.84498957078586	Fp1
006	782	02	1980.0	gameplay	True	111.41993690213093	F8
006	783	02	1984.0	gameplay	True	96.71117380638752	AF8
006	784	02	1988.0	gameplay	True	116.15068404493287	Fp1
006	785	02	1992.0	gameplay	True	120.00741948692264	F8
006	786	02	1996.0	gameplay	True	130.93193788054162	F8
006	787	02	2000.0	gameplay	True	100.73454640611155	F8
006	788	02	2004.0	gameplay	True	109.36174373602213	AF8
006	789	02	2008.0	gameplay	True	121.99154240165635	Fp1
006	790	02	2012.0	gameplay	True	101.41496641523665	AF7
006	791	02	2016.0	gameplay	True	94.84252535790202	AF8
006	792	02	2020.0	gameplay	True	154.48694576306127	AF8
006	793	02	2024.0	gameplay	True	118.96832618664739	AF7
006	794	02	2028.0	gameplay	True	113.4627835478661	Fp2
006	795	02	2032.0	gameplay	True	153.10156968483338	Fp2
006	796	02	2036.0	gameplay	True	116.94070025139298	AF8
006	797	02	2040.0	gameplay	True	131.40618106817078	AF8
007	0	01	0.0	outside_inferred_tasks	True	308.489798676199	Fp2
007	1	01	4.0	outside_inferred_tasks	True	299.2393866620525	Fp2
007	2	01	8.0	outside_inferred_tasks	False		
007	3	01	12.0	outside_inferred_tasks	False		
007	4	01	16.0	outside_inferred_tasks	False		
007	5	01	20.0	outside_inferred_tasks	True	315.0885002588296	Fp1
007	6	01	24.0	outside_inferred_tasks	False		
007	7	01	28.0	outside_inferred_tasks	False		
007	8	01	32.0	outside_inferred_tasks	False		
007	9	01	36.0	outside_inferred_tasks	False		
007	10	01	40.0	outside_inferred_tasks	False		
007	11	01	44.0	outside_inferred_tasks	False		
007	12	01	48.0	outside_inferred_tasks	False		
007	13	01	52.0	outside_inferred_tasks	False		
007	14	01	56.0	outside_inferred_tasks	False		
007	15	01	60.0	outside_inferred_tasks	True	269.70567226204463	Fp2
007	16	01	64.0	outside_inferred_tasks	True	308.53422493164635	Fp2
007	17	01	68.0	outside_inferred_tasks	False		
007	18	01	72.0	outside_inferred_tasks	False		
007	19	01	76.0	outside_inferred_tasks	False		
007	20	01	80.0	outside_inferred_tasks	False		
007	21	01	84.0	outside_inferred_tasks	False		
007	22	01	88.0	outside_inferred_tasks	False		
007	23	01	92.0	outside_inferred_tasks	False		
007	24	01	96.0	outside_inferred_tasks	True	292.72713397209156	Fp2
007	25	01	100.0	outside_inferred_tasks	True	292.7388756210109	Fp2
007	26	01	104.0	outside_inferred_tasks	False		
007	27	01	108.0	outside_inferred_tasks	True	352.87956897141834	Fp2
007	28	01	112.0	outside_inferred_tasks	False		
007	29	01	116.0	outside_inferred_tasks	False		
007	30	01	120.0	outside_inferred_tasks	False		
007	31	01	124.0	outside_inferred_tasks	False		
007	32	01	128.0	task_boundary	False		
007	33	01	132.0	oddball	True	284.01462117317874	Fp2
007	34	01	136.0	oddball	True	240.0480607352052	Fp2
007	35	01	140.0	oddball	True	242.7566824162064	Fp2
007	36	01	144.0	oddball	True	260.5759764400848	Fp1
007	37	01	148.0	oddball	True	243.7116768370787	Fp2
007	38	01	152.0	oddball	True	281.66090317609803	Fp2
007	39	01	156.0	oddball	True	225.77819764487563	Fp2
007	40	01	160.0	oddball	True	228.21213836100614	Fp2
007	41	01	164.0	oddball	True	275.2338553225028	F6
007	42	01	168.0	oddball	True	239.7830767761257	Fp2
007	43	01	172.0	oddball	True	253.87102468189485	Fp2
007	44	01	176.0	oddball	True	193.29716436582322	Fp2
007	45	01	180.0	oddball	True	255.1094622624065	Fp2
007	46	01	184.0	oddball	True	184.10869931361233	Fp2
007	47	01	188.0	oddball	True	210.7656705166232	Fp2
007	48	01	192.0	oddball	False		
007	49	01	196.0	oddball	True	103.75386030436978	FT9
007	50	01	200.0	oddball	True	204.08653587515374	Fp2
007	51	01	204.0	oddball	True	214.00026651730204	Fp2
007	52	01	208.0	oddball	True	290.239367763813	Fp2
007	53	01	212.0	oddball	True	222.68903636423983	Fp2
007	54	01	216.0	oddball	True	248.98916560460947	Fp2
007	55	01	220.0	oddball	True	220.19126059818066	Fp2
007	56	01	224.0	oddball	True	207.6936105186716	Fp2
007	57	01	228.0	oddball	True	278.94452954639524	Fp2
007	58	01	232.0	oddball	True	198.2353739072518	F8
007	59	01	236.0	oddball	True	273.44345032322707	Fp2
007	60	01	240.0	oddball	True	182.75010634153665	Fp2
007	61	01	244.0	oddball	True	192.21826527948963	Fp2
007	62	01	248.0	oddball	True	203.08359068123428	Fp2
007	63	01	252.0	oddball	True	187.61820528288993	Fp2
007	64	01	256.0	oddball	True	201.518561648995	Fp2
007	65	01	260.0	oddball	True	200.92453713271613	Fp2
007	66	01	264.0	oddball	True	280.62831822357833	Fp1
007	67	01	268.0	oddball	True	216.22355182456351	Fp2
007	68	01	272.0	oddball	True	214.06063783980153	Fp2
007	69	01	276.0	oddball	True	176.2498584834458	Fp2
007	70	01	280.0	oddball	True	212.6674495092016	Fp2
007	71	01	284.0	oddball	False		
007	72	01	288.0	oddball	True	206.09978626793637	Fp2
007	73	01	292.0	oddball	True	237.24749312419408	Fp2
007	74	01	296.0	oddball	True	214.8674426083999	Fp2
007	75	01	300.0	oddball	True	203.45790067419068	Fp2
007	76	01	304.0	oddball	True	230.82478252622576	Fp2
007	77	01	308.0	oddball	False		
007	78	01	312.0	oddball	False		
007	79	01	316.0	oddball	True	152.30689946788132	Fp2
007	80	01	320.0	oddball	True	226.26690992816637	Fp2
007	81	01	324.0	oddball	True	194.41150231875343	Fp2
007	82	01	328.0	oddball	True	274.8885262724844	Fp2
007	83	01	332.0	oddball	True	260.31999881469346	Fp1
007	84	01	336.0	oddball	True	215.20309027340065	Fp2
007	85	01	340.0	oddball	True	254.25970399487625	Fp2
007	86	01	344.0	oddball	True	225.15525766404429	Fp2
007	87	01	348.0	oddball	True	230.47648173495446	Fp2
007	88	01	352.0	oddball	False		
007	89	01	356.0	oddball	True	221.37861191291182	Fp2
007	90	01	360.0	oddball	True	219.3409341594779	Fp2
007	91	01	364.0	oddball	True	314.194014902876	AF7
007	92	01	368.0	oddball	True	200.431075724473	Fp2
007	93	01	372.0	oddball	True	202.5264544243094	Fp2
007	94	01	376.0	oddball	True	311.9300908718486	Fp2
007	95	01	380.0	oddball	True	235.6484371304566	Fp2
007	96	01	384.0	oddball	False		
007	97	01	388.0	oddball	True	235.2145074453543	Fp2
007	98	01	392.0	oddball	True	175.64034612077702	Fp2
007	99	01	396.0	oddball	True	231.5809970399539	Fp2
007	100	01	400.0	oddball	True	224.95047686445108	Fp2
007	101	01	404.0	oddball	True	200.722548991053	Fp2
007	102	01	408.0	oddball	False		
007	103	01	412.0	oddball	True	219.5377687955806	Fp2
007	104	01	416.0	oddball	True	212.5110923010453	Fp2
007	105	01	420.0	oddball	False		
007	106	01	424.0	oddball	False		
007	107	01	428.0	oddball	True	286.2931970734331	F4
007	108	01	432.0	oddball	True	270.73551870543326	Fp2
007	109	01	436.0	oddball	True	304.7650823626961	Fp1
007	110	01	440.0	oddball	True	197.3457941352858	Fp2
007	111	01	444.0	oddball	True	275.6923438966069	Fp2
007	112	01	448.0	oddball	True	171.63475954791227	Fp2
007	113	01	452.0	oddball	False		
007	114	01	456.0	oddball	True	216.67661588903565	Fp2
007	115	01	460.0	oddball	True	267.3773414662179	Fp2
007	116	01	464.0	oddball	True	258.92889341651284	Fp2
007	117	01	468.0	oddball	True	225.21077302721145	Fp2
007	118	01	472.0	oddball	True	206.34648481674128	Fp2
007	119	01	476.0	oddball	True	172.325158667599	Fp2
007	120	01	480.0	oddball	True	189.466613368458	AF7
007	121	01	484.0	oddball	True	287.76807343942204	Fp1
007	122	01	488.0	oddball	True	277.6170798579965	F8
007	123	01	492.0	oddball	True	172.57842979043295	Fp2
007	124	01	496.0	oddball	False		
007	125	01	500.0	oddball	True	246.29879316911197	Fp2
007	126	01	504.0	oddball	True	194.4084160975936	Fp2
007	127	01	508.0	oddball	True	259.60654381626534	Fp2
007	128	01	512.0	oddball	True	223.23661778498428	Fp2
007	129	01	516.0	oddball	True	218.57846025515474	Fp2
007	130	01	520.0	oddball	False		
007	131	01	524.0	oddball	True	198.10240893537028	TP10
007	132	01	528.0	oddball	True	197.68592038190374	Fp2
007	133	01	532.0	oddball	True	242.48729272059364	Fp2
007	134	01	536.0	oddball	True	197.24664251562083	Fp2
007	135	01	540.0	task_boundary	False		
007	136	01	544.0	outside_inferred_tasks	False		
007	137	01	548.0	outside_inferred_tasks	False		
007	138	01	552.0	outside_inferred_tasks	False		
007	139	01	556.0	outside_inferred_tasks	False		
007	140	01	560.0	outside_inferred_tasks	True	269.12537730741957	Fp2
007	141	01	564.0	outside_inferred_tasks	False		
007	142	01	568.0	outside_inferred_tasks	True	95.50956506199523	AF7
007	143	01	572.0	outside_inferred_tasks	False		
007	144	01	576.0	outside_inferred_tasks	True	261.5332977336244	Fp2
007	145	01	580.0	outside_inferred_tasks	False		
007	146	01	584.0	outside_inferred_tasks	True	294.7864679995085	Fp2
007	147	01	588.0	outside_inferred_tasks	False		
007	148	01	592.0	outside_inferred_tasks	True	235.77743863618255	Fp2
007	149	01	596.0	outside_inferred_tasks	True	292.24004255376593	Fp2
007	150	01	600.0	outside_inferred_tasks	False		
007	151	01	604.0	outside_inferred_tasks	False		
007	152	01	608.0	outside_inferred_tasks	True	269.48368813781525	Fp2
007	153	01	612.0	outside_inferred_tasks	False		
007	154	01	616.0	outside_inferred_tasks	False		
007	155	01	620.0	outside_inferred_tasks	True	281.4716866663565	Fp2
007	156	01	624.0	outside_inferred_tasks	True	247.03962647244282	Fp2
007	157	01	628.0	outside_inferred_tasks	True	287.7655404945876	Fp2
007	158	01	632.0	outside_inferred_tasks	True	284.92230901384147	Fp2
007	159	01	636.0	outside_inferred_tasks	True	257.07808645855016	Fp2
007	160	01	640.0	outside_inferred_tasks	True	334.51917182135185	Fp2
007	161	01	644.0	outside_inferred_tasks	True	250.79407436284882	Fp2
007	162	01	648.0	outside_inferred_tasks	False		
007	163	01	652.0	outside_inferred_tasks	True	254.62875683694577	Fp2
007	164	01	656.0	outside_inferred_tasks	False		
007	165	01	660.0	outside_inferred_tasks	False		
007	166	01	664.0	outside_inferred_tasks	True	283.9930792029227	Fp2
007	167	01	668.0	outside_inferred_tasks	True	316.50993256447236	AF7
007	168	01	672.0	outside_inferred_tasks	True	279.2598488238292	Fp2
007	169	01	676.0	outside_inferred_tasks	True	312.85404161743423	Fp2
007	170	01	680.0	outside_inferred_tasks	True	310.0044166201418	Fp2
007	171	01	684.0	task_boundary	True	281.6472695324608	TP10
007	172	01	688.0	gambling	True	305.7229489400769	Fp2
007	173	01	692.0	gambling	True	281.08020688243806	Fp2
007	174	01	696.0	gambling	True	246.87114273583288	Fp2
007	175	01	700.0	gambling	False		
007	176	01	704.0	gambling	True	308.1425924365873	Fp2
007	177	01	708.0	gambling	True	287.74945738747175	Fp2
007	178	01	712.0	gambling	True	242.34522189057893	Fp2
007	179	01	716.0	gambling	True	255.3660729943158	Fp2
007	180	01	720.0	gambling	True	270.7523642024251	Fp2
007	181	01	724.0	gambling	True	280.9811623932822	Fp2
007	182	01	728.0	gambling	True	282.44531167879757	Fp2
007	183	01	732.0	gambling	True	270.1854660483409	Fp2
007	184	01	736.0	gambling	True	247.8302223789856	Fp2
007	185	01	740.0	gambling	True	292.66619394538725	Fp2
007	186	01	744.0	gambling	True	246.02065599788904	Fp2
007	187	01	748.0	gambling	True	257.50057894089326	Fp2
007	188	01	752.0	gambling	False		
007	189	01	756.0	gambling	True	252.53648325965017	Fp2
007	190	01	760.0	gambling	True	264.51366342320466	Fp2
007	191	01	764.0	gambling	True	231.10479652218447	Fp2
007	192	01	768.0	gambling	True	241.99283528148598	Fp2
007	193	01	772.0	gambling	True	229.01518904522086	AF7
007	194	01	776.0	gambling	True	232.4637825743265	Fp2
007	195	01	780.0	gambling	True	202.7096933231505	Fp2
007	196	01	784.0	gambling	True	284.34478659966334	Fp2
007	197	01	788.0	gambling	True	246.58158064167054	Fp2
007	198	01	792.0	gambling	True	267.06662714235017	Fp2
007	199	01	796.0	gambling	True	271.92184022718334	Fp2
007	200	01	800.0	gambling	True	201.26168375366228	Fp2
007	201	01	804.0	gambling	True	254.64079623264334	Fp2
007	202	01	808.0	gambling	True	229.44382035665242	Fp2
007	203	01	812.0	gambling	True	239.08145103452134	Fp2
007	204	01	816.0	gambling	True	259.0139116874049	Fp2
007	205	01	820.0	gambling	True	262.1270137397985	Fp2
007	206	01	824.0	task_boundary	True	224.05888311016912	AF8
007	207	01	828.0	outside_inferred_tasks	True	253.14297773516918	Fp2
007	208	01	832.0	outside_inferred_tasks	False		
007	209	01	836.0	outside_inferred_tasks	False		
007	210	01	840.0	outside_inferred_tasks	False		
007	211	01	844.0	outside_inferred_tasks	False		
007	212	01	848.0	outside_inferred_tasks	False		
007	213	01	852.0	outside_inferred_tasks	True	247.54356701417245	Fp2
007	214	01	856.0	outside_inferred_tasks	False		
007	215	01	860.0	outside_inferred_tasks	True	265.9077292968236	Fp2
007	216	02	0.0	outside_inferred_tasks	False		
007	217	02	4.0	outside_inferred_tasks	True	333.94676915131225	Fp2
007	218	02	8.0	outside_inferred_tasks	False		
007	219	02	12.0	outside_inferred_tasks	False		
007	220	02	16.0	outside_inferred_tasks	False		
007	221	02	20.0	task_boundary	True	305.41089552942356	TP10
007	222	02	24.0	gameplay	True	611.8815904128411	TP10
007	223	02	28.0	gameplay	True	76.80857069106598	AF8
007	224	02	32.0	gameplay	True	314.2889054084696	Fp2
007	225	02	36.0	gameplay	True	173.2806927167221	Fp2
007	226	02	40.0	gameplay	True	305.8577184161186	Fp2
007	227	02	44.0	gameplay	True	204.7843393326959	Fp2
007	228	02	48.0	gameplay	True	198.8627543899094	AF7
007	229	02	52.0	gameplay	True	274.5428764662272	Fp2
007	230	02	56.0	gameplay	True	97.20621839601864	AF8
007	231	02	60.0	gameplay	True	210.11627133280433	Fp2
007	232	02	64.0	gameplay	True	270.451636545842	Fp2
007	233	02	68.0	gameplay	True	122.3599124593298	AF8
007	234	02	72.0	gameplay	True	206.6261743611311	AF8
007	235	02	76.0	gameplay	True	102.15499073678639	AF7
007	236	02	80.0	gameplay	True	312.65349490120593	Fp2
007	237	02	84.0	gameplay	True	186.77383730078148	AF7
007	238	02	88.0	gameplay	True	253.05370657760403	Fp2
007	239	02	92.0	gameplay	True	249.2995675345362	Fp2
007	240	02	96.0	gameplay	True	154.7736508024932	Fp2
007	241	02	100.0	gameplay	True	246.95189962645333	Fp2
007	242	02	104.0	gameplay	True	225.29646253858724	AF8
007	243	02	108.0	gameplay	True	117.79990359726374	F8
007	244	02	112.0	gameplay	True	158.81856104727956	Fp1
007	245	02	116.0	gameplay	True	197.25053353694005	Fp2
007	246	02	120.0	gameplay	True	195.07101395017935	AF8
007	247	02	124.0	gameplay	True	92.1002652269582	AF8
007	248	02	128.0	gameplay	True	267.2735435206704	Fp2
007	249	02	132.0	gameplay	True	189.87488127585695	AF7
007	250	02	136.0	gameplay	True	311.68807146412456	AF8
007	251	02	140.0	gameplay	True	225.9347680896583	AF8
007	252	02	144.0	gameplay	True	236.47281978660226	Fp2
007	253	02	148.0	gameplay	True	248.0600011596862	Fp2
007	254	02	152.0	gameplay	True	209.2270882923836	F8
007	255	02	156.0	gameplay	True	251.60349252184199	Fp2
007	256	02	160.0	gameplay	True	225.4938771624515	Fp2
007	257	02	164.0	gameplay	True	170.42687178587857	AF8
007	258	02	168.0	gameplay	True	431.4297933066237	TP10
007	259	02	172.0	gameplay	True	251.62387044490933	Fp2
007	260	02	176.0	gameplay	True	237.7074272500605	Fp2
007	261	02	180.0	gameplay	True	97.4446217472995	Fp2
007	262	02	184.0	gameplay	True	199.44886735920002	Fp1
007	263	02	188.0	gameplay	True	245.19084494824375	Fp2
007	264	02	192.0	gameplay	True	245.38697351842848	Fp2
007	265	02	196.0	gameplay	True	269.10012000569816	Fp2
007	266	02	200.0	gameplay	False		
007	267	02	204.0	gameplay	True	107.72568484685846	AF8
007	268	02	208.0	gameplay	True	247.83672286405385	Fp2
007	269	02	212.0	gameplay	True	266.1056549286067	Fp2
007	270	02	216.0	gameplay	True	235.2117612419837	Fp2
007	271	02	220.0	gameplay	True	214.50498141163573	Fp2
007	272	02	224.0	gameplay	True	258.16822792847285	AF8
007	273	02	228.0	gameplay	True	203.03231959875123	Fp1
007	274	02	232.0	gameplay	True	271.49931999433215	Fp2
007	275	02	236.0	gameplay	True	245.98752526129846	AF8
007	276	02	240.0	gameplay	False		
007	277	02	244.0	gameplay	True	282.9956959998734	AF7
007	278	02	248.0	gameplay	True	217.72639753239642	Fp2
007	279	02	252.0	gameplay	True	267.0628581133647	Fp2
007	280	02	256.0	gameplay	True	205.73017468970247	Fp2
007	281	02	260.0	gameplay	True	296.49731355906556	Fp2
007	282	02	264.0	gameplay	True	273.0377911494837	Fp2
007	283	02	268.0	gameplay	True	459.58129785898325	AF8
007	284	02	272.0	gameplay	False		
007	285	02	276.0	gameplay	True	93.86877038017501	Fp2
007	286	02	280.0	gameplay	True	199.7700842005171	AF8
007	287	02	284.0	gameplay	True	312.1039344052207	Fp2
007	288	02	288.0	gameplay	True	283.25550392533086	Fp2
007	289	02	292.0	gameplay	True	269.8359827173369	AF8
007	290	02	296.0	gameplay	True	210.04178551352126	AF8
007	291	02	300.0	gameplay	True	260.742175489025	Fp2
007	292	02	304.0	gameplay	True	337.2160560122465	Fp2
007	293	02	308.0	gameplay	True	256.844687731193	Fp2
007	294	02	312.0	gameplay	True	310.97027475257045	Fp2
007	295	02	316.0	gameplay	False		
007	296	02	320.0	gameplay	True	345.7766182706558	Fp2
007	297	02	324.0	gameplay	True	216.7625838621984	Fp1
007	298	02	328.0	gameplay	True	285.06806079798173	Fp2
007	299	02	332.0	gameplay	True	202.56651654234054	Fp2
007	300	02	336.0	gameplay	True	163.1347042432555	AF8
007	301	02	340.0	gameplay	True	261.3006011320592	Fp2
007	302	02	344.0	gameplay	True	316.47045060473755	Fp2
007	303	02	348.0	gameplay	True	324.28451471012096	Fp2
007	304	02	352.0	gameplay	True	285.56203368491936	AF8
007	305	02	356.0	gameplay	False		
007	306	02	360.0	gameplay	False		
007	307	02	364.0	gameplay	False		
007	308	02	368.0	gameplay	True	158.0112492541711	AF7
007	309	02	372.0	gameplay	True	257.0514481720187	Fp2
007	310	02	376.0	gameplay	True	79.67469955409996	AF8
007	311	02	380.0	gameplay	True	131.6513744989344	AF8
007	312	02	384.0	gameplay	True	178.44160408089567	Fp2
007	313	02	388.0	gameplay	True	273.8472969371543	Fp2
007	314	02	392.0	gameplay	True	118.97329288990663	AF8
007	315	02	396.0	gameplay	True	117.27070970951847	F8
007	316	02	400.0	gameplay	True	125.41047640888593	Fp2
007	317	02	404.0	gameplay	True	203.5822940955912	Fp2
007	318	02	408.0	gameplay	True	223.0261338779989	Fp2
007	319	02	412.0	gameplay	True	127.75201013126528	AF7
007	320	02	416.0	gameplay	False		
007	321	02	420.0	gameplay	False		
007	322	02	424.0	gameplay	True	144.5235286307685	F8
007	323	02	428.0	gameplay	True	132.24490313004716	AF8
007	324	02	432.0	gameplay	True	143.84326701852703	Fp2
007	325	02	436.0	gameplay	True	90.11103809617273	AF8
007	326	02	440.0	gameplay	True	119.10059706365435	TP9
007	327	02	444.0	gameplay	True	187.78014336017245	Fp2
007	328	02	448.0	gameplay	True	127.8026806154077	AF8
007	329	02	452.0	gameplay	True	179.20044655071428	AF7
007	330	02	456.0	gameplay	True	183.3150095182956	Fp1
007	331	02	460.0	gameplay	True	316.68664435668904	Fp2
007	332	02	464.0	gameplay	True	233.4902719524188	Fp2
007	333	02	468.0	gameplay	True	133.4502827405054	AF8
007	334	02	472.0	gameplay	True	296.6462970776454	Fp2
007	335	02	476.0	gameplay	True	197.2128289977236	AF8
007	336	02	480.0	gameplay	True	169.14022013625248	AF8
007	337	02	484.0	gameplay	True	168.51702845384656	Fp1
007	338	02	488.0	gameplay	True	287.66133796136256	Fp2
007	339	02	492.0	gameplay	True	117.33534959578604	AF8
007	340	02	496.0	gameplay	True	148.8005291224797	AF8
007	341	02	500.0	gameplay	True	297.36406611976366	Fp2
007	342	02	504.0	gameplay	True	126.79335369498038	AF8
007	343	02	508.0	gameplay	True	255.72347919558052	Fp1
007	344	02	512.0	gameplay	True	134.16741136241376	AF8
007	345	02	516.0	gameplay	True	111.93976957003316	AF8
007	346	02	520.0	gameplay	True	182.3129801466034	AF8
007	347	02	524.0	gameplay	True	214.10884011736195	AF8
007	348	02	528.0	gameplay	True	150.4237590499163	AF8
007	349	02	532.0	gameplay	True	181.9934535538462	AF8
007	350	02	536.0	gameplay	True	143.25408524677633	AF8
007	351	02	540.0	gameplay	True	116.44376725462543	AF8
007	352	02	544.0	gameplay	True	256.26658554292084	TP10
007	353	02	548.0	gameplay	True	127.76260714783777	AF8
007	354	02	552.0	gameplay	True	218.7875130239363	AF8
007	355	02	556.0	gameplay	True	252.24921357994612	Fp2
007	356	02	560.0	gameplay	True	265.0334235981793	AF8
007	357	02	564.0	gameplay	True	234.89034200886533	Fp2
007	358	02	568.0	gameplay	True	125.91970031790143	AF8
007	359	02	572.0	gameplay	True	104.88467760397003	F8
007	360	02	576.0	gameplay	True	272.10734473645095	Fp2
007	361	02	580.0	gameplay	True	129.47394165843806	AF8
007	362	02	584.0	gameplay	True	192.87488524790297	AF8
007	363	02	588.0	gameplay	True	291.29398291976156	Fp2
007	364	02	592.0	gameplay	False		
007	365	02	596.0	gameplay	True	304.53942799401403	AF8
007	366	02	600.0	gameplay	True	135.07665226878635	AF8
007	367	02	604.0	gameplay	True	115.51322524382466	AF8
007	368	02	608.0	gameplay	True	204.16315393770304	AF8
007	369	02	612.0	gameplay	True	101.86127822609029	AF8
007	370	02	616.0	gameplay	True	199.35118812326897	AF8
007	371	02	620.0	gameplay	True	159.06109567048	AF8
007	372	02	624.0	gameplay	True	243.8438486700328	AF8
007	373	02	628.0	gameplay	True	209.46860056106058	Fp2
007	374	02	632.0	gameplay	True	268.5678017551717	AF8
007	375	02	636.0	gameplay	True	199.54176671658135	AF7
007	376	02	640.0	gameplay	False		
007	377	02	644.0	gameplay	False		
007	378	02	648.0	gameplay	True	91.83093628767298	AF8
007	379	02	652.0	gameplay	True	135.00634917677414	Fp1
007	380	02	656.0	gameplay	True	174.4531127497466	Fp2
007	381	02	660.0	gameplay	True	79.37528959409623	F8
007	382	02	664.0	gameplay	True	211.62140224659575	AF7
007	383	02	668.0	gameplay	True	163.9587818901854	Fp1
007	384	02	672.0	gameplay	True	111.17142844861372	Fp2
007	385	02	676.0	gameplay	True	166.43493222627592	Fp2
007	386	02	680.0	gameplay	True	157.82382528049487	AF7
007	387	02	684.0	gameplay	False		
007	388	02	688.0	gameplay	False		
007	389	02	692.0	gameplay	True	98.07341739222181	AF8
007	390	02	696.0	gameplay	True	127.65410959212842	AF8
007	391	02	700.0	gameplay	True	240.0774985760313	AF8
007	392	02	704.0	gameplay	True	102.73854813054601	AF8
007	393	02	708.0	gameplay	True	317.57723128778275	Fp2
007	394	02	712.0	gameplay	True	261.47079404864917	Fp2
007	395	02	716.0	gameplay	True	107.63341106525765	F8
007	396	02	720.0	gameplay	True	89.83917965624174	AF8
007	397	02	724.0	gameplay	True	105.40882078678732	AF8
007	398	02	728.0	gameplay	True	153.26346925133407	Fp2
007	399	02	732.0	gameplay	True	323.7607644118239	Fp1
007	400	02	736.0	gameplay	True	241.9509650330719	AF8
007	401	02	740.0	gameplay	True	242.99125220675026	Fp2
007	402	02	744.0	gameplay	True	86.10760287005222	AF8
007	403	02	748.0	gameplay	True	233.38857193636235	Fp2
007	404	02	752.0	gameplay	True	130.96935620897756	F8
007	405	02	756.0	gameplay	True	131.06883987980365	AF8
007	406	02	760.0	gameplay	True	129.01006287218664	AF8
007	407	02	764.0	gameplay	True	159.96813148686076	AF8
007	408	02	768.0	gameplay	True	136.13562753961918	AF8
007	409	02	772.0	gameplay	True	108.30871941610991	AF7
007	410	02	776.0	gameplay	True	143.31943082488579	AF7
007	411	02	780.0	gameplay	True	91.48362716526712	F8
007	412	02	784.0	gameplay	True	115.9310376487763	AF8
007	413	02	788.0	gameplay	True	96.79033441871341	AF8
007	414	02	792.0	gameplay	True	270.56462028351837	Fp2
007	415	02	796.0	gameplay	True	126.83980143071119	AF8
007	416	02	800.0	gameplay	True	127.21179542865839	AF8
007	417	02	804.0	gameplay	True	211.77394048597708	Fp2
007	418	02	808.0	gameplay	True	259.9157289119421	Fp2
007	419	02	812.0	gameplay	False		
007	420	02	816.0	gameplay	False		
007	421	02	820.0	gameplay	True	125.83265275371868	Fp2
007	422	02	824.0	gameplay	True	298.4901343626034	AF8
007	423	02	828.0	gameplay	True	305.9360570050612	Fp2
007	424	02	832.0	gameplay	True	267.28990880261387	Fp2
007	425	02	836.0	gameplay	False		
007	426	02	840.0	gameplay	True	128.01681870531968	AF8
007	427	02	844.0	gameplay	True	242.68523720322955	Fp2
007	428	02	848.0	gameplay	True	228.69685324605067	AF8
007	429	02	852.0	gameplay	True	328.8752888381407	Fp1
007	430	02	856.0	gameplay	True	190.0447878054836	Fp1
007	431	02	860.0	gameplay	True	214.14533154872353	AF8
007	432	02	864.0	gameplay	True	202.7091899889508	Fp2
007	433	02	868.0	gameplay	True	223.2019267248258	AF8
007	434	02	872.0	gameplay	False		
007	435	02	876.0	gameplay	True	165.92748990283488	F8
007	436	02	880.0	gameplay	True	259.86631330701886	Fp2
007	437	02	884.0	gameplay	True	224.37839453300757	Fp2
007	438	02	888.0	gameplay	True	96.77466559702667	AF8
007	439	02	892.0	gameplay	True	164.19304607395165	AF7
007	440	02	896.0	gameplay	True	64.19588448012799	AF8
007	441	02	900.0	gameplay	True	118.55245191540902	AF8
007	442	02	904.0	gameplay	True	129.19151656191391	AF8
007	443	02	908.0	gameplay	True	171.9569775202057	AF8
007	444	02	912.0	gameplay	True	240.02959365101546	Fp2
007	445	02	916.0	gameplay	True	95.77076308495404	AF8
007	446	02	920.0	gameplay	True	116.08754701073173	AF8
007	447	02	924.0	gameplay	True	92.14215822868766	AF8
007	448	02	928.0	gameplay	True	166.20394084628578	AF8
007	449	02	932.0	gameplay	False		
007	450	02	936.0	gameplay	True	278.47531412635277	Fp2
007	451	02	940.0	gameplay	True	218.0710288912652	Fp2
007	452	02	944.0	gameplay	False		
007	453	02	948.0	gameplay	True	255.91360792561574	TP10
007	454	02	952.0	gameplay	True	178.81295339345968	AF7
007	455	02	956.0	gameplay	True	65.64293845737765	FT9
007	456	02	960.0	gameplay	True	94.7721784757866	AF8
007	457	02	964.0	gameplay	True	68.7120397563492	AF8
007	458	02	968.0	gameplay	True	150.7732693251873	AF8
007	459	02	972.0	gameplay	True	168.60946608208036	AF8
007	460	02	976.0	gameplay	True	77.21156286994994	AF8
007	461	02	980.0	gameplay	True	181.2391430631351	AF8
007	462	02	984.0	gameplay	True	80.37174202995716	AF8
007	463	02	988.0	gameplay	True	142.11585188299097	Fp1
007	464	02	992.0	gameplay	True	104.1166264939333	F8
007	465	02	996.0	gameplay	True	304.16278729629755	Fp2
007	466	02	1000.0	gameplay	True	261.4013361469619	Fp2
007	467	02	1004.0	gameplay	True	104.87125744825855	FT9
007	468	02	1008.0	gameplay	True	108.22527666519183	FT9
007	469	02	1012.0	gameplay	True	157.92612035887376	AF4
007	470	02	1016.0	gameplay	True	254.07988654053554	Fp2
007	471	02	1020.0	gameplay	True	105.60196279136844	F8
007	472	02	1024.0	gameplay	True	217.13278916034008	Fp2
007	473	02	1028.0	gameplay	True	225.38470774255654	Fp2
007	474	02	1032.0	gameplay	True	263.65457850400554	AF8
007	475	02	1036.0	gameplay	True	338.3893270808923	Fp2
007	476	02	1040.0	gameplay	True	148.39124658824585	AF8
007	477	02	1044.0	gameplay	True	239.93612221980973	Fp2
007	478	02	1048.0	gameplay	True	250.34805991522725	Fp2
007	479	02	1052.0	gameplay	True	105.076942260163	AF8
007	480	02	1056.0	gameplay	False		
007	481	02	1060.0	gameplay	False		
007	482	02	1064.0	gameplay	True	207.41052953636333	Fp1
007	483	02	1068.0	gameplay	True	132.89860892610736	AF8
007	484	02	1072.0	gameplay	True	176.0348012770014	Fp2
007	485	02	1076.0	gameplay	True	77.75368095877035	PO8
007	486	02	1080.0	gameplay	True	154.01856937924705	AF7
007	487	02	1084.0	gameplay	False		
007	488	02	1088.0	gameplay	True	243.17883244309462	Fp2
007	489	02	1092.0	gameplay	True	231.0288385924397	Fp2
007	490	02	1096.0	gameplay	True	257.26100865710947	Fp2
007	491	02	1100.0	gameplay	True	95.55649539948563	AF8
007	492	02	1104.0	gameplay	True	243.67996912204197	Fp1
007	493	02	1108.0	gameplay	True	251.4338870186221	Fp2
007	494	02	1112.0	gameplay	True	159.67174871488854	Fp1
007	495	02	1116.0	gameplay	True	163.59687389776624	Fp1
007	496	02	1120.0	gameplay	True	110.28800943026525	AF8
007	497	02	1124.0	gameplay	True	166.3683621331255	Fp1
007	498	02	1128.0	gameplay	True	233.02106789350157	Fp2
007	499	02	1132.0	gameplay	True	119.95665718668712	Fp2
007	500	02	1136.0	gameplay	True	289.1918022129547	Fp2
007	501	02	1140.0	gameplay	False		
007	502	02	1144.0	gameplay	True	194.79974314334746	AF8
007	503	02	1148.0	gameplay	True	168.4077448039232	AF8
007	504	02	1152.0	gameplay	True	127.15097765243782	AF7
007	505	02	1156.0	gameplay	True	255.0561972468358	AF7
007	506	02	1160.0	gameplay	True	61.64838391144066	AF8
007	507	02	1164.0	gameplay	True	131.5709530952978	Fp2
007	508	02	1168.0	gameplay	True	198.95539042723033	TP10
007	509	02	1172.0	gameplay	True	167.9611087536062	Fp2
007	510	02	1176.0	gameplay	True	92.9915007070977	AF8
007	511	02	1180.0	gameplay	True	160.58918352744774	Fp2
007	512	02	1184.0	gameplay	True	78.27276208139071	AF8
007	513	02	1188.0	gameplay	True	211.39798293748726	Fp2
007	514	02	1192.0	gameplay	True	134.10864215265187	Fp2
007	515	02	1196.0	gameplay	True	99.32965437428123	AF8
007	516	02	1200.0	gameplay	True	91.00765958459561	AF8
007	517	02	1204.0	gameplay	True	267.9828408436472	Fp2
007	518	02	1208.0	gameplay	True	240.89542346330754	Fp2
007	519	02	1212.0	gameplay	True	91.12373708645018	AF8
007	520	02	1216.0	gameplay	True	157.39505716724855	AF8
007	521	02	1220.0	gameplay	True	205.44246619492213	Fp2
007	522	02	1224.0	gameplay	True	140.1293368057138	AF8
007	523	02	1228.0	gameplay	True	128.22798120878474	AF8
007	524	02	1232.0	gameplay	True	158.28704797758658	AF8
007	525	02	1236.0	gameplay	True	241.58351829868772	Fp2
007	526	02	1240.0	gameplay	True	168.58628785703988	AF7
007	527	02	1244.0	gameplay	True	112.82546588769173	F8
007	528	02	1248.0	gameplay	True	112.16975370698204	AF8
007	529	02	1252.0	gameplay	True	143.24583398867247	O2
007	530	02	1256.0	gameplay	True	125.49008911073726	AF8
007	531	02	1260.0	gameplay	True	269.59829644731	Fp2
007	532	02	1264.0	gameplay	True	144.70218991847432	AF8
007	533	02	1268.0	gameplay	True	168.222953287814	AF8
007	534	02	1272.0	gameplay	True	193.26156201328388	Fp1
007	535	02	1276.0	gameplay	True	200.83002813195426	Fp2
007	536	02	1280.0	gameplay	True	140.49647696127212	Fp2
007	537	02	1284.0	gameplay	True	239.67254188804407	Fp2
007	538	02	1288.0	gameplay	True	137.7038456295462	O1
007	539	02	1292.0	gameplay	False		
007	540	02	1296.0	gameplay	True	277.1149287389996	F8
007	541	02	1300.0	gameplay	True	161.44795949550564	Fp2
007	542	02	1304.0	gameplay	True	232.60389652014942	O1
007	543	02	1308.0	gameplay	True	135.56662327374372	AF7
007	544	02	1312.0	gameplay	False		
007	545	02	1316.0	gameplay	True	336.6850423106451	AF8
007	546	02	1320.0	gameplay	True	123.82823146807462	O1
007	547	02	1324.0	gameplay	True	106.56180907400639	AF8
007	548	02	1328.0	gameplay	True	188.18909423451106	AF8
007	549	02	1332.0	gameplay	True	278.66416859836676	Fp2
007	550	02	1336.0	gameplay	True	116.04845012232842	AF8
007	551	02	1340.0	gameplay	True	268.7764197302961	Fp2
007	552	02	1344.0	gameplay	True	97.02617997376403	F8
007	553	02	1348.0	gameplay	False		
007	554	02	1352.0	gameplay	True	222.9172129433008	Fp2
007	555	02	1356.0	gameplay	True	74.74932469453151	AF8
007	556	02	1360.0	gameplay	True	200.70212872368415	Fp2
007	557	02	1364.0	gameplay	False		
007	558	02	1368.0	gameplay	False		
007	559	02	1372.0	gameplay	True	125.16488427347525	TP10
007	560	02	1376.0	gameplay	True	290.11218168014943	TP10
007	561	02	1380.0	gameplay	True	111.04367046195645	F8
007	562	02	1384.0	gameplay	True	103.8548999588636	AF8
007	563	02	1388.0	gameplay	True	68.7206762233599	AF8
007	564	02	1392.0	gameplay	True	338.7668448124623	TP10
007	565	02	1396.0	gameplay	True	131.69547997503344	AF8
007	566	02	1400.0	gameplay	True	109.77343343785907	AF8
007	567	02	1404.0	gameplay	True	209.8753274017381	AF8
007	568	02	1408.0	gameplay	True	79.29125568557555	AF8
007	569	02	1412.0	gameplay	True	185.39934102676693	TP10
007	570	02	1416.0	gameplay	True	251.84390204650407	Fp2
007	571	02	1420.0	gameplay	True	74.43996789492155	F8
007	572	02	1424.0	gameplay	True	97.95474983616964	AF8
007	573	02	1428.0	gameplay	True	147.62009388165546	AF8
007	574	02	1432.0	gameplay	True	192.29241876575227	AF8
007	575	02	1436.0	gameplay	True	72.37641500384454	F8
007	576	02	1440.0	gameplay	True	197.4476695622549	Fp2
007	577	02	1444.0	gameplay	True	376.22325044139313	Fp1
007	578	02	1448.0	gameplay	True	109.93020601960775	F7
007	579	02	1452.0	gameplay	True	274.30065827625555	F7
007	580	02	1456.0	gameplay	True	129.40862233794243	AF8
007	581	02	1460.0	gameplay	True	167.5315127340559	Fp1
007	582	02	1464.0	gameplay	False		
007	583	02	1468.0	gameplay	True	108.63484538940627	FT8
007	584	02	1472.0	gameplay	True	126.92945449512371	FT8
007	585	02	1476.0	gameplay	True	222.81767983572584	Fp2
007	586	02	1480.0	gameplay	True	216.1958383379297	Fp2
007	587	02	1484.0	gameplay	False		
007	588	02	1488.0	gameplay	True	325.2955463918289	Fp2
007	589	02	1492.0	gameplay	False		
007	590	02	1496.0	gameplay	False		
007	591	02	1500.0	gameplay	False		
007	592	02	1504.0	gameplay	True	151.88910251947485	O1
007	593	02	1508.0	gameplay	True	245.94880237717064	Fp2
007	594	02	1512.0	gameplay	True	91.28319157065984	FT9
007	595	02	1516.0	gameplay	True	187.39406173049898	AF8
007	596	02	1520.0	gameplay	True	140.10961493126993	AF8
007	597	02	1524.0	gameplay	True	117.71992849210136	Fp2
007	598	02	1528.0	gameplay	True	84.76863461325064	AF7
007	599	02	1532.0	gameplay	True	222.9766229757303	Fp2
007	600	02	1536.0	gameplay	True	90.58045178664567	AF8
007	601	02	1540.0	gameplay	True	120.2688977057833	AF8
007	602	02	1544.0	gameplay	True	151.3107179783184	Fp2
007	603	02	1548.0	gameplay	True	142.84675185635453	AF8
007	604	02	1552.0	gameplay	True	253.22136611166945	AF8
007	605	02	1556.0	gameplay	False		
007	606	02	1560.0	gameplay	True	250.0196564303384	Fp2
007	607	02	1564.0	gameplay	True	172.53150894259866	FT9
007	608	02	1568.0	gameplay	True	133.08987393004315	AF7
007	609	02	1572.0	gameplay	True	118.4261356653629	AF8
007	610	02	1576.0	gameplay	True	262.08591765996556	Fp2
007	611	02	1580.0	gameplay	True	220.72618822535406	Fp2
007	612	02	1584.0	gameplay	True	245.8751899319908	Fp2
007	613	02	1588.0	gameplay	True	132.80120044856807	FT8
007	614	02	1592.0	gameplay	True	217.67211103490428	Fp2
007	615	02	1596.0	gameplay	True	89.0041042621265	FT9
007	616	02	1600.0	gameplay	True	89.37530490100698	AF8
007	617	02	1604.0	gameplay	True	187.12685350906327	Fp2
007	618	02	1608.0	gameplay	True	272.8325534191694	Fp2
007	619	02	1612.0	gameplay	True	140.84439817273957	AF7
007	620	02	1616.0	gameplay	True	148.43881186340806	AF8
007	621	02	1620.0	gameplay	True	274.6637680988445	Fp2
007	622	02	1624.0	gameplay	False		
007	623	02	1628.0	gameplay	False		
007	624	02	1632.0	gameplay	True	141.71688414764498	FT8
007	625	02	1636.0	gameplay	True	308.2058407149061	Fp2
007	626	02	1640.0	gameplay	True	247.7461424912905	Fp2
007	627	02	1644.0	gameplay	True	238.57002580295057	Fp2
007	628	02	1648.0	gameplay	True	255.62949710567028	Fp2
007	629	02	1652.0	gameplay	True	165.9936939173914	Fp2
007	630	02	1656.0	gameplay	True	122.07408499583259	AF8
007	631	02	1660.0	gameplay	True	187.37764714278345	Fp2
007	632	02	1664.0	gameplay	True	94.99730290114384	Fp2
007	633	02	1668.0	gameplay	True	148.55849414163737	AF8
007	634	02	1672.0	gameplay	True	189.72584860390276	Fp2
007	635	02	1676.0	gameplay	True	214.1614375374877	AF8
007	636	02	1680.0	gameplay	True	270.39635382970533	Fp2
007	637	02	1684.0	gameplay	True	107.1834905367282	AF8
007	638	02	1688.0	gameplay	True	227.03044451810325	Fp2
007	639	02	1692.0	gameplay	True	178.4859079327121	Fp2
007	640	02	1696.0	gameplay	True	185.85990861089138	TP10
007	641	02	1700.0	gameplay	True	107.63376209702541	Fp2
007	642	02	1704.0	gameplay	True	210.14156285617884	AF8
007	643	02	1708.0	gameplay	True	125.90560485280525	AF8
007	644	02	1712.0	gameplay	True	241.65843506851732	Fp2
007	645	02	1716.0	gameplay	False		
007	646	02	1720.0	gameplay	True	101.61935019077104	AF8
007	647	02	1724.0	gameplay	True	166.58805813645122	Fp2
007	648	02	1728.0	gameplay	True	106.44289767538463	AF8
007	649	02	1732.0	gameplay	True	202.14060136405212	AF8
007	650	02	1736.0	gameplay	True	164.88856452872136	FT8
007	651	02	1740.0	gameplay	True	162.14607954962108	AF8
007	652	02	1744.0	gameplay	True	227.89980253458052	Fp2
007	653	02	1748.0	gameplay	True	220.08512084638195	Fp2
007	654	02	1752.0	gameplay	True	192.2695995559029	FT8
007	655	02	1756.0	gameplay	True	84.71414554653231	AF7
007	656	02	1760.0	gameplay	False		
007	657	02	1764.0	gameplay	True	257.28359164020856	AF8
007	658	02	1768.0	gameplay	True	80.94871112105442	Fp2
007	659	02	1772.0	gameplay	False		
007	660	02	1776.0	gameplay	False		
007	661	02	1780.0	gameplay	True	265.79791190347163	Fp2
007	662	02	1784.0	gameplay	True	213.55595365764498	Fp2
007	663	02	1788.0	gameplay	True	274.49129428500476	Fp2
007	664	02	1792.0	gameplay	True	154.71543077426807	AF8
007	665	02	1796.0	gameplay	True	170.86022908202202	Fp2
007	666	02	1800.0	gameplay	True	141.12023880958554	AF8
007	667	02	1804.0	gameplay	True	131.75300946015176	AF8
007	668	02	1808.0	gameplay	True	164.23974577758366	Fp2
007	669	02	1812.0	gameplay	True	177.46793311276863	AF8
007	670	02	1816.0	gameplay	True	78.13978170934855	AF8
007	671	02	1820.0	gameplay	True	108.76039096173665	Fp2
007	672	02	1824.0	gameplay	True	68.82627851161726	AF8
007	673	02	1828.0	gameplay	True	338.5550528349529	Fp2
007	674	02	1832.0	gameplay	False		
007	675	02	1836.0	gameplay	True	247.95458545960142	Fp2
007	676	02	1840.0	gameplay	True	197.04366241306747	Fp2
007	677	02	1844.0	gameplay	True	212.69548752336235	FT8
007	678	02	1848.0	gameplay	True	90.23732740900783	AF8
007	679	02	1852.0	gameplay	True	133.77427263942175	AF7
007	680	02	1856.0	gameplay	True	97.03993199378816	AF8
007	681	02	1860.0	gameplay	True	95.80492751534668	AF8
007	682	02	1864.0	gameplay	True	164.58443411621965	Fp2
008	0	01	0.0	outside_inferred_tasks	True	263.54251772028874	Fp2
008	1	01	4.0	outside_inferred_tasks	True	235.40305276909018	Fp1
008	2	01	8.0	outside_inferred_tasks	True	199.043784409158	Fp1
008	3	01	12.0	outside_inferred_tasks	True	230.51112307524193	Fp2
008	4	01	16.0	outside_inferred_tasks	True	196.38002730707785	AF7
008	5	01	20.0	outside_inferred_tasks	True	159.6856857386078	Fp1
008	6	01	24.0	outside_inferred_tasks	True	299.98352723551545	AF7
008	7	01	28.0	outside_inferred_tasks	True	282.7461769968253	Fp2
008	8	01	32.0	outside_inferred_tasks	False		
008	9	01	36.0	outside_inferred_tasks	False		
008	10	01	40.0	outside_inferred_tasks	True	301.449797725255	AF7
008	11	01	44.0	outside_inferred_tasks	True	283.9995412978722	Fp2
008	12	01	48.0	outside_inferred_tasks	True	209.96439699494633	AF7
008	13	01	52.0	outside_inferred_tasks	True	262.1412118036274	AF7
008	14	01	56.0	outside_inferred_tasks	False		
008	15	01	60.0	outside_inferred_tasks	True	265.0966864363919	T7
008	16	01	64.0	outside_inferred_tasks	True	350.89358400649405	Fp2
008	17	01	68.0	outside_inferred_tasks	False		
008	18	01	72.0	task_boundary	True	292.49169094865744	Fp2
008	19	01	76.0	oddball	True	189.21244049115145	Fp1
008	20	01	80.0	oddball	True	218.70732815322827	Fp1
008	21	01	84.0	oddball	True	173.70639922127214	Fp1
008	22	01	88.0	oddball	True	199.89288690682736	Fp2
008	23	01	92.0	oddball	True	197.8756825218004	Fp1
008	24	01	96.0	oddball	True	197.73909710237666	Fp1
008	25	01	100.0	oddball	True	212.1265863834613	Fp1
008	26	01	104.0	oddball	True	229.4612653051365	Fp2
008	27	01	108.0	oddball	True	237.44916837748306	Fp1
008	28	01	112.0	oddball	True	266.5991277305865	Fp2
008	29	01	116.0	oddball	True	232.44914943962056	Fp1
008	30	01	120.0	oddball	True	206.9832910248525	Fp1
008	31	01	124.0	oddball	True	218.3266940376903	Fp1
008	32	01	128.0	oddball	True	244.94953110828072	Fp1
008	33	01	132.0	oddball	True	209.26445343253474	AF7
008	34	01	136.0	oddball	True	213.47043187638212	Fp1
008	35	01	140.0	oddball	True	209.4008629272816	AF7
008	36	01	144.0	oddball	True	214.64310395955226	AF7
008	37	01	148.0	oddball	True	203.89567120538828	Fp1
008	38	01	152.0	oddball	True	221.18922747143986	Fp1
008	39	01	156.0	oddball	True	210.9791366835497	Fp2
008	40	01	160.0	oddball	True	224.5334958720414	Fp1
008	41	01	164.0	oddball	True	187.22412800170434	Fp1
008	42	01	168.0	oddball	True	252.5268011394217	Fp1
008	43	01	172.0	oddball	True	291.2294384419889	AF7
008	44	01	176.0	oddball	True	209.46355782973674	AF7
008	45	01	180.0	oddball	True	295.4868537922889	Fp1
008	46	01	184.0	oddball	True	225.92143227189132	AF7
008	47	01	188.0	oddball	True	204.2628892825589	AF7
008	48	01	192.0	oddball	True	186.366271586828	Fp1
008	49	01	196.0	oddball	True	180.15814537544102	Fp2
008	50	01	200.0	oddball	True	215.05063932012632	Fp1
008	51	01	204.0	oddball	True	204.31604677772674	AF7
008	52	01	208.0	oddball	True	205.37092924865354	AF7
008	53	01	212.0	oddball	True	198.68179994610782	Fp1
008	54	01	216.0	oddball	True	167.60261120852195	Fp2
008	55	01	220.0	oddball	True	201.33733696308613	AF7
008	56	01	224.0	oddball	True	176.53345466368287	Fp1
008	57	01	228.0	oddball	True	225.32157086748515	Fp1
008	58	01	232.0	oddball	True	234.5041042857071	Fp1
008	59	01	236.0	oddball	True	265.1624671375051	Fp1
008	60	01	240.0	oddball	True	182.4739376692706	AF7
008	61	01	244.0	oddball	True	189.05684975499193	AF7
008	62	01	248.0	oddball	True	175.2799941922084	Fp1
008	63	01	252.0	oddball	True	182.11275058562086	AF7
008	64	01	256.0	oddball	True	192.26271031043547	AF7
008	65	01	260.0	oddball	True	221.34173129403405	AF7
008	66	01	264.0	oddball	True	250.18923116450677	Fp1
008	67	01	268.0	oddball	True	200.00661026056218	AF7
008	68	01	272.0	oddball	True	201.2372238828186	AF7
008	69	01	276.0	oddball	True	186.94512144921575	AF7
008	70	01	280.0	oddball	True	224.9784805907288	AF7
008	71	01	284.0	oddball	True	191.36550081817902	Fp1
008	72	01	288.0	oddball	True	103.93608057452272	F3
008	73	01	292.0	oddball	True	283.86386067368585	AF7
008	74	01	296.0	oddball	True	242.88983833848363	C5
008	75	01	300.0	oddball	True	307.74067631741065	C5
008	76	01	304.0	oddball	True	184.63761120794706	AF7
008	77	01	308.0	oddball	True	189.03277535230058	AF7
008	78	01	312.0	oddball	True	182.57791093677133	AF7
008	79	01	316.0	oddball	True	201.76188616492274	AF7
008	80	01	320.0	oddball	True	219.49494108689865	AF7
008	81	01	324.0	oddball	True	192.1655883161958	Fp1
008	82	01	328.0	oddball	False		
008	83	01	332.0	oddball	True	228.1475289755789	Fp2
008	84	01	336.0	oddball	True	247.0051032520426	Fp2
008	85	01	340.0	oddball	True	188.56976263221085	AF7
008	86	01	344.0	oddball	True	183.30429076434731	AF7
008	87	01	348.0	oddball	True	207.60990499037473	AF7
008	88	01	352.0	oddball	True	204.53897037177265	AF7
008	89	01	356.0	oddball	True	180.1642223116926	AF7
008	90	01	360.0	oddball	True	173.6806673409232	AF7
008	91	01	364.0	oddball	True	208.10832931696697	AF7
008	92	01	368.0	oddball	True	188.1265939406467	AF7
008	93	01	372.0	oddball	True	172.96937527481697	AF7
008	94	01	376.0	oddball	True	229.72667658364705	AF7
008	95	01	380.0	oddball	True	223.70181941660647	AF7
008	96	01	384.0	oddball	True	195.83235129784777	AF7
008	97	01	388.0	oddball	True	202.80679288358792	AF7
008	98	01	392.0	oddball	True	190.88683645439494	AF7
008	99	01	396.0	oddball	True	193.43192204516438	AF7
008	100	01	400.0	oddball	True	182.81087443713608	AF7
008	101	01	404.0	oddball	True	282.91325302597323	Fp2
008	102	01	408.0	oddball	True	241.12436638466352	Fp2
008	103	01	412.0	oddball	True	187.92531105877822	AF7
008	104	01	416.0	oddball	True	194.85038750164546	AF7
008	105	01	420.0	oddball	True	222.6219401534662	Fp2
008	106	01	424.0	oddball	True	256.95107185276964	AF7
008	107	01	428.0	oddball	True	174.22950714443374	AF7
008	108	01	432.0	oddball	True	1641.4473223164994	P6
008	109	01	436.0	oddball	True	251.1422645890242	Fp2
008	110	01	440.0	oddball	True	257.4920266401913	AF7
008	111	01	444.0	oddball	True	210.25067886591458	AF7
008	112	01	448.0	oddball	True	246.4493328196601	Fp2
008	113	01	452.0	oddball	True	158.46260399478925	AF7
008	114	01	456.0	oddball	True	224.3036492230963	AF7
008	115	01	460.0	oddball	True	212.34687011054072	AF7
008	116	01	464.0	oddball	True	206.73301642229447	Fp2
008	117	01	468.0	oddball	True	215.5937382154969	AF7
008	118	01	472.0	oddball	True	198.85801662223273	Fp2
008	119	01	476.0	task_boundary	False		
008	120	01	480.0	outside_inferred_tasks	True	260.1221079104342	Fp2
008	121	01	484.0	outside_inferred_tasks	True	309.50947507091024	AF7
008	122	01	488.0	outside_inferred_tasks	True	178.07009448954142	AF7
008	123	01	492.0	outside_inferred_tasks	True	278.00363863380335	AF7
008	124	01	496.0	outside_inferred_tasks	True	218.03990909228006	AF7
008	125	01	500.0	outside_inferred_tasks	True	178.10557119075335	AF7
008	126	01	504.0	outside_inferred_tasks	True	231.89004468302764	Fp2
008	127	01	508.0	outside_inferred_tasks	True	222.0377117642767	Fp1
008	128	01	512.0	outside_inferred_tasks	True	229.92330107863185	AF7
008	129	01	516.0	outside_inferred_tasks	True	248.079787514742	AF7
008	130	01	520.0	outside_inferred_tasks	True	306.858161213223	Fp1
008	131	01	524.0	outside_inferred_tasks	True	249.97740135427873	Fp2
008	132	01	528.0	outside_inferred_tasks	True	222.1038354088822	AF7
008	133	01	532.0	outside_inferred_tasks	True	210.32487428992005	AF7
008	134	01	536.0	outside_inferred_tasks	True	203.83619639157416	AF7
008	135	01	540.0	task_boundary	True	218.23753292213513	Fp2
008	136	01	544.0	gambling	True	267.0284952526854	AF7
008	137	01	548.0	gambling	True	229.42098543108497	Fp2
008	138	01	552.0	gambling	True	283.15666118074114	Fp2
008	139	01	556.0	gambling	True	173.05171923541084	AF7
008	140	01	560.0	gambling	True	168.52984767378078	Fp1
008	141	01	564.0	gambling	True	516.1553026874651	Fp1
008	142	01	568.0	gambling	True	1357.7017175810652	Fp1
008	143	01	572.0	gambling	True	183.99862224294787	Fp1
008	144	01	576.0	gambling	True	197.29383805509738	AF7
008	145	01	580.0	gambling	True	201.82571350494234	AF7
008	146	01	584.0	gambling	True	185.59733517325597	AF7
008	147	01	588.0	gambling	True	176.96937139544013	AF7
008	148	01	592.0	gambling	True	205.84310513212645	AF7
008	149	01	596.0	gambling	True	191.34617969760592	Fp2
008	150	01	600.0	gambling	True	189.03663970774147	Fp2
008	151	01	604.0	gambling	True	185.83969848615118	AF7
008	152	01	608.0	gambling	True	178.6684603728932	Fp1
008	153	01	612.0	gambling	True	172.99558593254542	AF7
008	154	01	616.0	gambling	True	190.82956991070787	AF7
008	155	01	620.0	gambling	True	183.5702963657365	AF7
008	156	01	624.0	gambling	True	261.687209735497	Fp1
008	157	01	628.0	gambling	True	219.21215000386863	Fp1
008	158	01	632.0	gambling	True	177.25873528992574	Fp2
008	159	01	636.0	gambling	True	213.1823075430099	AF7
008	160	01	640.0	gambling	True	225.12387034919644	FC5
008	161	01	644.0	gambling	True	188.5195842423085	AF7
008	162	01	648.0	gambling	True	226.32871162425576	AF7
008	163	01	652.0	gambling	True	202.48845984484126	AF7
008	164	01	656.0	gambling	True	195.59350913332057	AF7
008	165	01	660.0	gambling	True	207.09268123642337	AF7
008	166	01	664.0	gambling	True	211.97434525971147	Fp2
008	167	01	668.0	gambling	True	201.3233295876928	AF7
008	168	01	672.0	gambling	True	270.07339435389906	AF7
008	169	01	676.0	gambling	True	331.72569953690424	Fp1
008	170	01	680.0	gambling	True	180.45017972124865	AF7
008	171	01	684.0	gambling	True	162.9208905008164	Fp1
008	172	01	688.0	gambling	True	177.61806816715304	Fp2
008	173	01	692.0	gambling	True	200.220065491328	Fp1
008	174	01	696.0	gambling	True	209.91375314261978	Fp2
008	175	01	700.0	gambling	True	270.5831140130197	T7
008	176	01	704.0	gambling	True	259.6473846035306	Fp2
008	177	01	708.0	gambling	True	821.9057749871274	Fp1
008	178	01	712.0	gambling	True	234.98378673525056	Fp2
008	179	01	716.0	gambling	True	215.38629118074996	Fp2
008	180	01	720.0	gambling	True	211.01199666348106	Fp2
008	181	01	724.0	gambling	True	183.08207287282414	AF7
008	182	01	728.0	gambling	True	197.88253752492682	AF7
008	183	01	732.0	gambling	True	169.62225697381373	Fp2
008	184	01	736.0	gambling	True	203.5978884492291	Fp2
008	185	01	740.0	gambling	True	175.18907892130795	Fp2
008	186	01	744.0	gambling	True	184.84870869412327	Fp1
008	187	01	748.0	gambling	True	214.49659290058918	Fp2
008	188	01	752.0	gambling	True	540.3900586766807	Fp1
008	189	01	756.0	gambling	True	323.7216634306504	Fp2
008	190	01	760.0	task_boundary	True	234.9352638703329	Fp2
008	191	01	764.0	outside_inferred_tasks	True	177.8003038704229	Fp1
008	192	01	768.0	outside_inferred_tasks	True	227.83486515290707	Fp2
008	193	01	772.0	outside_inferred_tasks	False		
008	194	01	776.0	outside_inferred_tasks	True	232.10945039892223	AF7
008	195	01	780.0	outside_inferred_tasks	True	213.71253915994447	AF7
008	196	01	784.0	outside_inferred_tasks	True	245.3497156067623	AF7
008	197	01	788.0	outside_inferred_tasks	True	165.45829726887655	Fp2
008	198	01	792.0	outside_inferred_tasks	True	282.44467835055883	Fp2
008	199	01	796.0	outside_inferred_tasks	True	240.80637285541044	Fp1
008	200	01	800.0	outside_inferred_tasks	True	224.47065287629144	Fp1
008	201	01	804.0	outside_inferred_tasks	True	199.27925042818975	Fp2
008	202	01	808.0	outside_inferred_tasks	True	210.10304981048816	AF7
008	203	01	812.0	outside_inferred_tasks	True	171.7407148763739	Fp2
008	204	01	816.0	outside_inferred_tasks	True	183.0053017956203	AF7
008	205	01	820.0	outside_inferred_tasks	True	191.1621966894808	AF7
008	206	01	824.0	outside_inferred_tasks	False		
008	207	01	828.0	outside_inferred_tasks	True	177.1921305469133	AF7
008	208	01	832.0	outside_inferred_tasks	True	182.22475379708712	AF7
008	209	01	836.0	outside_inferred_tasks	True	206.00036956409275	AF7
008	210	01	840.0	outside_inferred_tasks	True	161.46493093214997	AF7
008	211	01	844.0	outside_inferred_tasks	True	175.38172497194154	AF7
008	212	01	848.0	outside_inferred_tasks	True	205.47310185003687	Fp1
008	213	01	852.0	outside_inferred_tasks	True	179.30262323830894	Fp1
008	214	01	856.0	outside_inferred_tasks	True	229.89810834320744	Fp2
008	215	01	860.0	outside_inferred_tasks	True	241.94015451106617	AF7
008	216	01	864.0	outside_inferred_tasks	True	286.4395511653988	Fp2
008	217	01	868.0	outside_inferred_tasks	True	173.98298970066713	Fp2
008	218	01	872.0	task_boundary	True	201.50294089368094	AF7
008	219	01	876.0	gameplay	True	152.32633553494378	Fp2
008	220	02	0.0	outside_inferred_tasks	True	213.6243015132654	AF7
008	221	02	4.0	outside_inferred_tasks	True	209.81396433911738	Fp2
008	222	02	8.0	task_boundary	True	240.89192113843262	Fp2
008	223	02	12.0	gameplay	True	117.89477883770299	P7
008	224	02	16.0	gameplay	True	168.97514680971338	Fp1
008	225	02	20.0	gameplay	True	184.23058674301583	Fp2
008	226	02	24.0	gameplay	True	180.87821890992285	AF7
008	227	02	28.0	gameplay	True	74.10777836235161	F7
008	228	02	32.0	gameplay	True	160.02005357898435	Fp2
008	229	02	36.0	gameplay	True	187.85818791068417	Fp2
008	230	02	40.0	gameplay	True	236.748084752851	AF7
008	231	02	44.0	gameplay	True	195.65218288623245	AF7
008	232	02	48.0	gameplay	True	158.35124541444966	Fp2
008	233	02	52.0	gameplay	True	108.80418374642997	T7
008	234	02	56.0	gameplay	True	194.61423051997005	Fp2
008	235	02	60.0	gameplay	True	80.51038335432445	AF7
008	236	02	64.0	gameplay	True	87.71808602352907	TP8
008	237	02	68.0	gameplay	True	173.3294864318568	AF7
008	238	02	72.0	gameplay	True	171.096187125624	Fp2
008	239	02	76.0	gameplay	True	176.55281037926235	Fp2
008	240	02	80.0	gameplay	True	164.41785755108782	AF7
008	241	02	84.0	gameplay	True	178.93290303932918	AF7
008	242	02	88.0	gameplay	True	89.11371213390248	AF7
008	243	02	92.0	gameplay	True	168.7290646790577	AF7
008	244	02	96.0	gameplay	True	104.2104604462692	F7
008	245	02	100.0	gameplay	True	202.36389867637953	Fp2
008	246	02	104.0	gameplay	True	80.1422880921993	TP8
008	247	02	108.0	gameplay	True	213.8862912127709	AF7
008	248	02	112.0	gameplay	True	79.73520645327739	AF8
008	249	02	116.0	gameplay	True	135.91818185290245	Fp1
008	250	02	120.0	gameplay	True	121.64825029191634	PO7
008	251	02	124.0	gameplay	True	174.55243649666312	Fp2
008	252	02	128.0	gameplay	True	188.63103432254192	Fp2
008	253	02	132.0	gameplay	True	166.9195474736363	Fp2
008	254	02	136.0	gameplay	True	159.62977940219045	Fp2
008	255	02	140.0	gameplay	True	172.4796634580131	Fp2
008	256	02	144.0	gameplay	True	77.90625375028338	T7
008	257	02	148.0	gameplay	True	263.9578239998196	Fp2
008	258	02	152.0	gameplay	True	239.54770610691074	Fp2
008	259	02	156.0	gameplay	True	106.6849592018721	Fp2
008	260	02	160.0	gameplay	True	163.83482694514223	AF7
008	261	02	164.0	gameplay	True	77.97547127657688	FT7
008	262	02	168.0	gameplay	True	132.46457631119898	Fp2
008	263	02	172.0	gameplay	True	94.62193278711311	Fp2
008	264	02	176.0	gameplay	True	102.8655353883063	T7
008	265	02	180.0	gameplay	True	87.11993014083635	TP9
008	266	02	184.0	gameplay	True	202.92301490216067	Fp2
008	267	02	188.0	gameplay	True	152.5726810776734	AF7
008	268	02	192.0	gameplay	True	153.08464788208983	AF7
008	269	02	196.0	gameplay	True	165.36052665532554	Fp2
008	270	02	200.0	gameplay	True	91.26976752145055	AF7
008	271	02	204.0	gameplay	True	196.8596147849858	Fp2
008	272	02	208.0	gameplay	True	191.75060213347464	AF7
008	273	02	212.0	gameplay	True	184.292918659435	Fp2
008	274	02	216.0	gameplay	True	188.53277918205035	Fp2
008	275	02	220.0	gameplay	True	197.6189036271167	Fp2
008	276	02	224.0	gameplay	True	82.6913449614954	TP9
008	277	02	228.0	gameplay	True	189.3988870442017	Fp2
008	278	02	232.0	gameplay	True	196.88115651724576	Fp2
008	279	02	236.0	gameplay	True	105.46321841681377	FT7
008	280	02	240.0	gameplay	True	109.55204775876577	AF7
008	281	02	244.0	gameplay	True	109.91829651527246	Fp2
008	282	02	248.0	gameplay	True	174.74530741438	Fp2
008	283	02	252.0	gameplay	True	196.39868108620703	Fp2
008	284	02	256.0	gameplay	True	75.0799214297218	T7
008	285	02	260.0	gameplay	True	94.97216386355487	AF7
008	286	02	264.0	gameplay	True	84.44776901365567	F7
008	287	02	268.0	gameplay	True	71.46556255987495	AF7
008	288	02	272.0	gameplay	True	129.53292447936585	Fp2
008	289	02	276.0	gameplay	True	108.0182262452001	Fp2
008	290	02	280.0	gameplay	True	82.81474289486252	Fp2
008	291	02	284.0	gameplay	True	208.6956820860444	Fp2
008	292	02	288.0	gameplay	True	199.95828589976358	Fp2
008	293	02	292.0	gameplay	True	201.0311882753377	Fp2
008	294	02	296.0	gameplay	True	195.56608539951173	Fp2
008	295	02	300.0	gameplay	True	87.79079041986655	T8
008	296	02	304.0	gameplay	True	74.98603808417295	T7
008	297	02	308.0	gameplay	True	183.71683458747705	Fp1
008	298	02	312.0	gameplay	True	196.53721188306804	Fp2
008	299	02	316.0	gameplay	True	98.61460852390535	Fp2
008	300	02	320.0	gameplay	True	195.97559315497512	Fp2
008	301	02	324.0	gameplay	True	335.4794605617552	FC6
008	302	02	328.0	gameplay	True	199.45136995110474	Fp2
008	303	02	332.0	gameplay	True	248.00164333845203	Fp2
008	304	02	336.0	gameplay	True	88.50357791030034	F8
008	305	02	340.0	gameplay	True	109.04671442217419	Fp2
008	306	02	344.0	gameplay	True	216.90636014054223	Fp2
008	307	02	348.0	gameplay	False		
008	308	02	352.0	gameplay	True	119.29825951455753	Fp2
008	309	02	356.0	gameplay	True	107.08827191428455	T7
008	310	02	360.0	gameplay	True	238.82759014777736	Fp2
008	311	02	364.0	gameplay	True	98.33887829913151	F6
008	312	02	368.0	gameplay	True	102.20499020185738	AF7
008	313	02	372.0	gameplay	True	137.4425579237883	Fp2
008	314	02	376.0	gameplay	True	113.16771658106292	AF8
008	315	02	380.0	gameplay	True	112.57186483926145	AF7
008	316	02	384.0	gameplay	True	128.5237384539828	AF7
008	317	02	388.0	gameplay	True	257.10685659328976	Fp2
008	318	02	392.0	gameplay	True	223.8697962513695	Fp2
008	319	02	396.0	gameplay	True	118.21746801135035	Fp2
008	320	02	400.0	gameplay	True	121.36573769841915	AF7
008	321	02	404.0	gameplay	True	117.89942132677973	AF7
008	322	02	408.0	gameplay	True	109.90220618721055	AF7
008	323	02	412.0	gameplay	True	82.59856380345113	Fp2
008	324	02	416.0	gameplay	True	82.85578505252431	T7
008	325	02	420.0	gameplay	True	102.74038660310933	Fp2
008	326	02	424.0	gameplay	True	260.7526658464223	Fp2
008	327	02	428.0	gameplay	True	87.6110953030819	AF8
008	328	02	432.0	gameplay	True	116.64715537100902	TP7
008	329	02	436.0	gameplay	True	95.79623385860661	Fp2
008	330	02	440.0	gameplay	True	86.04860101734643	PO7
008	331	02	444.0	gameplay	True	230.32934106430065	Fp2
008	332	02	448.0	gameplay	True	241.4088966451825	Fp2
008	333	02	452.0	gameplay	True	226.55352743257836	Fp2
008	334	02	456.0	gameplay	True	206.17017723296223	Fp2
008	335	02	460.0	gameplay	True	216.62823794072816	Fp2
008	336	02	464.0	gameplay	True	84.3805348988856	T7
008	337	02	468.0	gameplay	True	204.92064240442826	Fp2
008	338	02	472.0	gameplay	False		
008	339	02	476.0	gameplay	False		
008	340	02	480.0	gameplay	True	237.50793433561037	Fp2
008	341	02	484.0	gameplay	True	238.18494383054284	Fp2
008	342	02	488.0	gameplay	False		
008	343	02	492.0	gameplay	True	90.14586615651243	Fp2
008	344	02	496.0	gameplay	True	76.3736341869897	Fp2
008	345	02	500.0	gameplay	True	236.03050188000907	Fp2
008	346	02	504.0	gameplay	True	114.2421645001052	AF8
008	347	02	508.0	gameplay	True	81.61928727372253	PO7
008	348	02	512.0	gameplay	True	185.21871720586708	Fp2
008	349	02	516.0	gameplay	False		
008	350	02	520.0	gameplay	True	248.03749826721048	Fp2
008	351	02	524.0	gameplay	True	203.21872665259173	Fp1
008	352	02	528.0	gameplay	True	162.267882946516	AF7
008	353	02	532.0	gameplay	True	81.44301962210591	Fp2
008	354	02	536.0	gameplay	True	84.3816069827442	F7
008	355	02	540.0	gameplay	True	196.68461514263728	Fp2
008	356	02	544.0	gameplay	True	205.18911316039066	Fp2
008	357	02	548.0	gameplay	True	94.4283941265359	T7
008	358	02	552.0	gameplay	True	272.34419955333533	Fp2
008	359	02	556.0	gameplay	True	83.74439594240316	AF7
008	360	02	560.0	gameplay	True	237.8904872328883	Fp2
008	361	02	564.0	gameplay	True	221.54262846509735	Fp2
008	362	02	568.0	gameplay	True	74.43456249373843	Fp2
008	363	02	572.0	gameplay	True	236.3414759474448	Fp2
008	364	02	576.0	gameplay	True	234.43681670643682	AF7
008	365	02	580.0	gameplay	True	118.63672613535282	Fp2
008	366	02	584.0	gameplay	True	87.06194667052294	AF7
008	367	02	588.0	gameplay	True	89.56436503424013	AF7
008	368	02	592.0	gameplay	True	252.39197859116624	Fp2
008	369	02	596.0	gameplay	True	160.5627016088435	Fp2
008	370	02	600.0	gameplay	True	241.91783117401673	Fp2
008	371	02	604.0	gameplay	True	124.96025425017132	AF7
008	372	02	608.0	gameplay	True	91.9138906390447	PO7
008	373	02	612.0	gameplay	True	143.40050079296523	Fp2
008	374	02	616.0	gameplay	True	202.63053060860278	Fp2
008	375	02	620.0	gameplay	True	92.77971256405637	AF7
008	376	02	624.0	gameplay	False		
008	377	02	628.0	gameplay	True	91.1017226434762	AF7
008	378	02	632.0	gameplay	True	202.11346767974672	AF7
008	379	02	636.0	gameplay	True	251.87054745421756	Fp2
008	380	02	640.0	gameplay	True	167.97096969939753	Fp2
008	381	02	644.0	gameplay	True	235.33043618428235	Fp2
008	382	02	648.0	gameplay	False		
008	383	02	652.0	gameplay	False		
008	384	02	656.0	gameplay	False		
008	385	02	660.0	gameplay	True	219.88344890347915	AF7
008	386	02	664.0	gameplay	True	233.90458616484057	AF7
008	387	02	668.0	gameplay	True	98.20968216226784	Fp2
008	388	02	672.0	gameplay	True	75.1095655534647	AF7
008	389	02	676.0	gameplay	True	264.7767631707907	Fp2
008	390	02	680.0	gameplay	True	107.50182688544142	AF7
008	391	02	684.0	gameplay	False		
008	392	02	688.0	gameplay	True	283.06297231799124	AF7
008	393	02	692.0	gameplay	True	280.60028014895215	AF7
008	394	02	696.0	gameplay	True	78.75784284856867	Fp2
008	395	02	700.0	gameplay	True	368.8431995510578	AF7
008	396	02	704.0	gameplay	True	189.63161425124972	AF7
008	397	02	708.0	gameplay	False		
008	398	02	712.0	gameplay	False		
008	399	02	716.0	gameplay	True	215.11596589858243	Fp2
008	400	02	720.0	gameplay	True	201.326106437374	Fp2
008	401	02	724.0	gameplay	False		
008	402	02	728.0	gameplay	True	113.90360610943914	TP9
008	403	02	732.0	gameplay	True	132.07344023405523	AF7
008	404	02	736.0	gameplay	True	153.11801881505988	Fp2
008	405	02	740.0	gameplay	True	244.2660251651805	Fp1
008	406	02	744.0	gameplay	True	246.39280654729424	AF7
008	407	02	748.0	gameplay	False		
008	408	02	752.0	gameplay	True	202.1708748961466	AF7
008	409	02	756.0	gameplay	True	240.88323912537373	Fp2
008	410	02	760.0	gameplay	True	252.7456962631078	AF7
008	411	02	764.0	gameplay	True	224.30477885554964	Fp1
008	412	02	768.0	gameplay	False		
008	413	02	772.0	gameplay	True	215.8052401756546	Fp2
008	414	02	776.0	gameplay	True	222.84682398820362	Fp2
008	415	02	780.0	gameplay	True	193.46794077506755	Fp2
008	416	02	784.0	gameplay	True	288.0007468364142	Fp2
008	417	02	788.0	gameplay	True	208.5812258084698	Fp2
008	418	02	792.0	gameplay	True	171.2567781646657	AF7
008	419	02	796.0	gameplay	True	220.60702072017025	Fp2
008	420	02	800.0	gameplay	True	183.7439188835531	Fp2
008	421	02	804.0	gameplay	True	292.76549475772197	Fp2
008	422	02	808.0	gameplay	True	171.16076250176044	Fp2
008	423	02	812.0	gameplay	True	154.96203926922482	Fp1
008	424	02	816.0	gameplay	False		
008	425	02	820.0	gameplay	True	242.13037028165604	CP5
008	426	02	824.0	gameplay	False		
008	427	02	828.0	gameplay	False		
008	428	02	832.0	gameplay	True	142.00919498817333	Fp2
008	429	02	836.0	gameplay	True	181.10457178762564	AF7
008	430	02	840.0	gameplay	True	372.46310307761485	Fp1
008	431	02	844.0	gameplay	True	170.5701366703976	Fp1
008	432	02	848.0	gameplay	True	160.54589051898532	Fp1
008	433	02	852.0	gameplay	True	243.98267322953458	AF7
008	434	02	856.0	gameplay	True	206.53631912128216	AF7
008	435	02	860.0	gameplay	False		
008	436	02	864.0	gameplay	False		
008	437	02	868.0	gameplay	False		
008	438	02	872.0	gameplay	True	179.62565571742272	AF7
008	439	02	876.0	gameplay	True	152.3196099231747	AF7
008	440	02	880.0	gameplay	False		
008	441	02	884.0	gameplay	True	177.98742649561697	Fp2
008	442	02	888.0	gameplay	True	230.69578072794855	AF7
008	443	02	892.0	gameplay	True	168.46286721737593	AF7
008	444	02	896.0	gameplay	False		
008	445	02	900.0	gameplay	True	185.4537883186393	AF7
008	446	02	904.0	gameplay	True	223.60494564954882	AF7
008	447	02	908.0	gameplay	True	69.9319951857435	AF7
008	448	02	912.0	gameplay	True	205.9160456770663	Fp2
008	449	02	916.0	gameplay	True	151.25385245137923	AF7
008	450	02	920.0	gameplay	False		
008	451	02	924.0	gameplay	False		
008	452	02	928.0	gameplay	True	115.82012909897642	AF7
008	453	02	932.0	gameplay	True	237.27067484680694	AF7
008	454	02	936.0	gameplay	True	268.5709602456261	AF7
008	455	02	940.0	gameplay	True	213.1510425168199	Fp2
008	456	02	944.0	gameplay	True	145.61401705409907	Fp2
008	457	02	948.0	gameplay	True	63.085401378895966	AF7
008	458	02	952.0	gameplay	True	187.94801278513035	Fp2
008	459	02	956.0	gameplay	True	197.158015651636	Fp2
008	460	02	960.0	gameplay	True	172.29733999204262	Fp1
008	461	02	964.0	gameplay	True	217.21094470542727	Fp1
008	462	02	968.0	gameplay	True	233.41219251662278	AF7
008	463	02	972.0	gameplay	True	182.83889728763492	Fp2
008	464	02	976.0	gameplay	True	106.95274715611309	Fp2
008	465	02	980.0	gameplay	True	60.788099063181534	AF8
008	466	02	984.0	gameplay	True	293.58161095410134	AF7
008	467	02	988.0	gameplay	True	95.36289191716102	Fp2
008	468	02	992.0	gameplay	True	130.7086179567935	Fp1
008	469	02	996.0	gameplay	True	167.4637295059162	Fp2
008	470	02	1000.0	gameplay	True	71.52341635008843	Fp2
008	471	02	1004.0	gameplay	True	106.2718597871514	PO7
008	472	02	1008.0	gameplay	True	191.75348603832606	Fp2
008	473	02	1012.0	gameplay	True	180.72643215747667	Fp2
008	474	02	1016.0	gameplay	True	82.84216291599473	AF7
008	475	02	1020.0	gameplay	True	187.03692971343813	Fp2
008	476	02	1024.0	gameplay	True	400.1443016004981	Fp2
008	477	02	1028.0	gameplay	True	178.3554186768684	AF7
008	478	02	1032.0	gameplay	True	69.17256146213887	FT7
008	479	02	1036.0	gameplay	True	248.42732975952444	Fp1
008	480	02	1040.0	gameplay	True	180.64477516354808	AF7
008	481	02	1044.0	gameplay	True	177.60716194521459	AF7
008	482	02	1048.0	gameplay	True	186.9836992365657	Fp2
008	483	02	1052.0	gameplay	True	67.36460484169864	Fp2
008	484	02	1056.0	gameplay	True	74.89247111210433	AF7
008	485	02	1060.0	gameplay	True	179.29644742853964	Fp2
008	486	02	1064.0	gameplay	True	215.04053833955203	AF7
008	487	02	1068.0	gameplay	True	177.50791510303793	Fp2
008	488	02	1072.0	gameplay	True	67.65605720618763	PO7
008	489	02	1076.0	gameplay	True	188.7704003413804	Fp2
008	490	02	1080.0	gameplay	True	126.0953557135	Fp2
008	491	02	1084.0	gameplay	True	69.30776201061653	Fp2
008	492	02	1088.0	gameplay	True	182.90725284475874	Fp2
008	493	02	1092.0	gameplay	True	195.91109778691447	Fp2
008	494	02	1096.0	gameplay	True	426.3011426520205	TP7
008	495	02	1100.0	gameplay	False		
008	496	02	1104.0	gameplay	True	206.39635433509758	AF7
008	497	02	1108.0	gameplay	True	142.25856566641085	Fp2
008	498	02	1112.0	gameplay	False		
008	499	02	1116.0	gameplay	False		
008	500	02	1120.0	gameplay	True	211.69275609849097	Fp2
008	501	02	1124.0	gameplay	False		
008	502	02	1128.0	gameplay	True	281.69340472354315	Fp2
008	503	02	1132.0	gameplay	False		
008	504	02	1136.0	gameplay	True	158.29569204588876	AF7
008	505	02	1140.0	gameplay	True	295.2070000832999	Fp1
008	506	02	1144.0	gameplay	False		
008	507	02	1148.0	gameplay	True	267.0038063398979	Fp1
008	508	02	1152.0	gameplay	True	112.88121397030602	Fp2
008	509	02	1156.0	gameplay	True	186.31011169042245	AF7
008	510	02	1160.0	gameplay	True	89.55468730003857	Fp2
008	511	02	1164.0	gameplay	True	156.6403460802509	Fp1
008	512	02	1168.0	gameplay	True	516.2227617529578	AF7
008	513	02	1172.0	gameplay	True	151.8458743449669	AF7
008	514	02	1176.0	gameplay	True	61.7498014118687	Fp2
008	515	02	1180.0	gameplay	True	164.43339871940623	Fp2
008	516	02	1184.0	gameplay	True	129.8628211172584	AF7
008	517	02	1188.0	gameplay	True	298.6150198265286	Fp1
008	518	02	1192.0	gameplay	True	160.31402168246035	Fp1
008	519	02	1196.0	gameplay	True	155.77740066395162	AF7
008	520	02	1200.0	gameplay	True	110.34294468539306	Fp2
008	521	02	1204.0	gameplay	True	180.5061143711794	Fp2
008	522	02	1208.0	gameplay	True	77.87559852380494	F6
008	523	02	1212.0	gameplay	True	155.39839891218998	AF7
008	524	02	1216.0	gameplay	True	100.3018452999135	Fp2
008	525	02	1220.0	gameplay	True	83.3997342979762	Fp2
008	526	02	1224.0	gameplay	True	95.70554318676473	Fp2
008	527	02	1228.0	gameplay	True	84.88927052135102	FT7
008	528	02	1232.0	gameplay	True	164.18729359021344	FT7
008	529	02	1236.0	gameplay	True	157.52630600873204	AF7
008	530	02	1240.0	gameplay	True	157.1167255374976	Fp2
008	531	02	1244.0	gameplay	True	71.99479461982709	Fp2
008	532	02	1248.0	gameplay	True	82.5564878308065	F8
008	533	02	1252.0	gameplay	True	64.66509802573684	Fp2
008	534	02	1256.0	gameplay	True	68.30676636846512	Fp2
008	535	02	1260.0	gameplay	True	171.36536375760048	Fp1
008	536	02	1264.0	gameplay	True	162.11624115714054	Fp1
008	537	02	1268.0	gameplay	True	107.29442187458307	AF7
008	538	02	1272.0	gameplay	True	116.28343572662791	AF7
008	539	02	1276.0	gameplay	True	126.21476519383721	Fp1
008	540	02	1280.0	gameplay	True	239.62644134298645	FT7
008	541	02	1284.0	gameplay	True	141.32102166617176	Fp2
008	542	02	1288.0	gameplay	True	76.9720380289581	TP8
008	543	02	1292.0	gameplay	True	74.65377021542116	TP8
008	544	02	1296.0	gameplay	False		
008	545	02	1300.0	gameplay	True	161.90277060144544	Fp2
008	546	02	1304.0	gameplay	True	83.6288603114092	T7
008	547	02	1308.0	gameplay	True	85.2249372449679	AF7
008	548	02	1312.0	gameplay	True	74.18580043989961	TP8
008	549	02	1316.0	gameplay	True	123.17547975752602	AF7
008	550	02	1320.0	gameplay	True	74.45089313841429	Fp2
008	551	02	1324.0	gameplay	True	65.73372633681028	AF7
008	552	02	1328.0	gameplay	True	62.00508864751315	AF7
008	553	02	1332.0	gameplay	True	84.19920708234585	PO7
008	554	02	1336.0	gameplay	True	144.17929804208964	Fp2
008	555	02	1340.0	gameplay	True	284.6040105245552	AF7
008	556	02	1344.0	gameplay	True	151.50434075657066	Fp2
008	557	02	1348.0	gameplay	True	165.35588019747482	Fp2
008	558	02	1352.0	gameplay	True	63.64229568247233	PO7
008	559	02	1356.0	gameplay	True	86.02391406964462	T7
008	560	02	1360.0	gameplay	True	76.2650297316031	PO7
008	561	02	1364.0	gameplay	True	178.11935748023265	Fp2
008	562	02	1368.0	gameplay	True	163.69103965480042	AF7
008	563	02	1372.0	gameplay	True	88.97086299740033	Fp2
008	564	02	1376.0	gameplay	True	179.50447813418793	Fp2
008	565	02	1380.0	gameplay	True	185.1014245796474	Fp2
008	566	02	1384.0	gameplay	True	139.33346514328196	Fp2
008	567	02	1388.0	gameplay	True	157.44399977176028	Fp2
008	568	02	1392.0	gameplay	True	83.49173722747145	Fp2
008	569	02	1396.0	gameplay	True	151.44113489012963	Fp2
008	570	02	1400.0	gameplay	True	119.87918457355966	Fp2
008	571	02	1404.0	gameplay	True	167.84494722595377	Fp1
008	572	02	1408.0	gameplay	True	73.36325435771194	Fp2
008	573	02	1412.0	gameplay	True	103.46299336583573	Fp2
008	574	02	1416.0	gameplay	True	144.52381868012904	Fp1
008	575	02	1420.0	gameplay	True	162.86427638055025	Fp2
008	576	02	1424.0	gameplay	True	150.70086261383645	AF7
008	577	02	1428.0	gameplay	True	172.79069867971612	Fp2
008	578	02	1432.0	gameplay	True	169.38223608260475	Fp2
008	579	02	1436.0	gameplay	True	115.05366294081915	Fp2
008	580	02	1440.0	gameplay	True	173.69900457390162	Fp1
008	581	02	1444.0	gameplay	True	96.37076939832708	Fp2
008	582	02	1448.0	gameplay	True	96.24782544857212	Fp2
008	583	02	1452.0	gameplay	True	68.99779111242057	Fp2
008	584	02	1456.0	gameplay	True	113.21855894595576	Fp2
008	585	02	1460.0	gameplay	True	104.9890744813322	Fp2
008	586	02	1464.0	gameplay	True	79.61280044681209	Fp2
008	587	02	1468.0	gameplay	True	83.10798628585557	Fp2
008	588	02	1472.0	gameplay	True	166.72286557820232	AF7
008	589	02	1476.0	gameplay	False		
008	590	02	1480.0	gameplay	True	161.65517741873862	Fp1
008	591	02	1484.0	gameplay	True	121.7197149260566	AF7
008	592	02	1488.0	gameplay	True	173.05638078369353	Fp2
008	593	02	1492.0	gameplay	True	185.97066440706408	Fp2
008	594	02	1496.0	gameplay	True	74.97001631583065	Fp2
008	595	02	1500.0	gameplay	True	73.03741820512775	Fp2
008	596	02	1504.0	gameplay	True	89.9089123208495	TP7
008	597	02	1508.0	gameplay	True	190.18418444961196	Fp2
008	598	02	1512.0	gameplay	True	428.3662858153021	T8
008	599	02	1516.0	gameplay	True	164.5070871491803	Fp1
008	600	02	1520.0	gameplay	True	92.01100506473628	T7
008	601	02	1524.0	gameplay	True	78.80871950126213	Fp2
008	602	02	1528.0	gameplay	True	130.577979915214	F7
008	603	02	1532.0	gameplay	True	133.72928979319192	AF7
008	604	02	1536.0	gameplay	True	189.18007598659258	AF7
008	605	02	1540.0	gameplay	True	160.98103664352473	Fp2
008	606	02	1544.0	gameplay	True	84.95974314826701	F6
008	607	02	1548.0	gameplay	True	89.19477066289328	Fp2
008	608	02	1552.0	gameplay	True	195.561397363304	Fp2
008	609	02	1556.0	gameplay	True	80.95647036351734	PO7
008	610	02	1560.0	gameplay	True	69.26622750911969	Fp2
008	611	02	1564.0	gameplay	True	78.30488945145191	AF7
008	612	02	1568.0	gameplay	True	170.2144999256042	Fp2
008	613	02	1572.0	gameplay	True	71.741664764034	Fp2
008	614	02	1576.0	gameplay	True	170.21127651348132	Fp2
008	615	02	1580.0	gameplay	True	199.97530322801535	Fp2
008	616	02	1584.0	gameplay	True	207.04362049128457	Fp2
008	617	02	1588.0	gameplay	True	65.19565188149062	Fp2
008	618	02	1592.0	gameplay	True	165.44182543017624	Fp1
008	619	02	1596.0	gameplay	True	77.27397141584966	Fp2
008	620	02	1600.0	gameplay	True	85.66931141275852	Fp2
008	621	02	1604.0	gameplay	True	97.4660184540772	Fp2
008	622	02	1608.0	gameplay	True	81.43955210909509	Fp2
008	623	02	1612.0	gameplay	True	197.01338518327285	Fp2
008	624	02	1616.0	gameplay	True	225.42639115789896	Fp2
008	625	02	1620.0	gameplay	True	163.33208421521945	AF7
008	626	02	1624.0	gameplay	True	201.69110830523599	Fp2
008	627	02	1628.0	gameplay	True	149.59612243076646	Fp2
008	628	02	1632.0	gameplay	True	178.00236081983013	Fp1
008	629	02	1636.0	gameplay	True	186.5197520106104	Fp1
008	630	02	1640.0	gameplay	True	197.84809841744718	Fp2
008	631	02	1644.0	gameplay	True	192.6002497918569	Fp2
008	632	02	1648.0	gameplay	True	66.77366244168631	Fp2
008	633	02	1652.0	gameplay	True	58.61417003542475	AF7
008	634	02	1656.0	gameplay	True	184.08125657331928	Fp2
008	635	02	1660.0	gameplay	True	190.22157969447187	Fp2
008	636	02	1664.0	gameplay	True	101.5421978683154	Fp2
008	637	02	1668.0	gameplay	True	90.72028133752819	PO7
008	638	02	1672.0	gameplay	True	146.86515767855818	Fp2
008	639	02	1676.0	gameplay	True	118.52476093782711	Fp1
008	640	02	1680.0	gameplay	True	187.83437695522815	Fp2
008	641	02	1684.0	gameplay	True	199.4744064644588	Fp2
008	642	02	1688.0	gameplay	True	158.73940237342015	Fp1
008	643	02	1692.0	gameplay	True	91.74951530598479	Fp2
008	644	02	1696.0	gameplay	True	100.63314029263663	Fp2
008	645	02	1700.0	gameplay	True	60.43536168031853	T7
008	646	02	1704.0	gameplay	True	73.70244201068891	Fp2
008	647	02	1708.0	gameplay	True	173.4499545993695	AF7
008	648	02	1712.0	gameplay	True	71.57105236325013	Fp2
008	649	02	1716.0	gameplay	True	106.59934966252926	Fp2
008	650	02	1720.0	gameplay	True	86.49317897115716	Fp2
008	651	02	1724.0	gameplay	True	175.82782708641852	Fp1
008	652	02	1728.0	gameplay	True	72.32803321413473	PO7
008	653	02	1732.0	gameplay	True	97.72031761607712	AF7
008	654	02	1736.0	gameplay	True	95.50548153217301	Fp2
008	655	02	1740.0	gameplay	True	170.72600529151435	Fp1
008	656	02	1744.0	gameplay	True	126.49752769196323	Fp2
008	657	02	1748.0	gameplay	True	175.7227208057308	Fp1
008	658	02	1752.0	gameplay	True	165.2413096506074	Fp1
008	659	02	1756.0	gameplay	True	178.98758264092217	Fp2
008	660	02	1760.0	gameplay	True	201.5671229786837	Fp2
008	661	02	1764.0	gameplay	True	169.85479334142934	Fp1
008	662	02	1768.0	gameplay	True	242.24225507637217	Fp2
008	663	02	1772.0	gameplay	True	136.38584505405848	Fp2
008	664	02	1776.0	gameplay	True	223.61478379091477	AF7
008	665	02	1780.0	gameplay	True	97.95682508863403	Fp2
008	666	02	1784.0	gameplay	True	74.02081851220133	AF7
008	667	02	1788.0	gameplay	True	163.84536341927912	AF7
008	668	02	1792.0	gameplay	True	93.32979556837036	PO7
008	669	02	1796.0	gameplay	True	243.56278948367952	Fp2
008	670	02	1800.0	gameplay	True	244.44529271419043	Fp2
008	671	02	1804.0	gameplay	True	224.63891184709087	Fp2
008	672	02	1808.0	gameplay	True	217.9134289043133	AF7
008	673	02	1812.0	gameplay	False		
008	674	02	1816.0	gameplay	True	162.75694235339498	AF7
008	675	02	1820.0	gameplay	True	85.12598781951098	Fp2
008	676	02	1824.0	gameplay	True	103.69578139550222	Fp2
008	677	02	1828.0	gameplay	True	78.51440792981215	Fp2
008	678	02	1832.0	gameplay	True	200.36602711701664	Fp2
008	679	02	1836.0	gameplay	True	206.03952004084175	Fp2
008	680	02	1840.0	gameplay	True	293.2086096187105	P7
008	681	02	1844.0	gameplay	True	161.1740947442689	AF7
008	682	02	1848.0	gameplay	True	103.68807185091217	P7
009	0	01	0.0	outside_inferred_tasks	False		
009	1	01	4.0	outside_inferred_tasks	False		
009	2	01	8.0	outside_inferred_tasks	False		
009	3	01	12.0	outside_inferred_tasks	True	133.2587810338791	FT10
009	4	01	16.0	outside_inferred_tasks	True	177.01790607572585	F7
009	5	01	20.0	outside_inferred_tasks	False		
009	6	01	24.0	outside_inferred_tasks	True	194.99257605368095	Fp2
009	7	01	28.0	outside_inferred_tasks	True	176.38588293348005	Fp2
009	8	01	32.0	outside_inferred_tasks	True	164.18287998983752	Fp1
009	9	01	36.0	outside_inferred_tasks	True	195.13370454801904	Fp2
009	10	01	40.0	outside_inferred_tasks	True	78.29093915425221	T8
009	11	01	44.0	outside_inferred_tasks	False		
009	12	01	48.0	outside_inferred_tasks	False		
009	13	01	52.0	outside_inferred_tasks	False		
009	14	01	56.0	outside_inferred_tasks	True	169.4768139183474	Fp1
009	15	01	60.0	outside_inferred_tasks	False		
009	16	01	64.0	outside_inferred_tasks	True	176.81225563770582	Fp2
009	17	01	68.0	outside_inferred_tasks	True	182.45562699235342	Fp2
009	18	01	72.0	outside_inferred_tasks	True	178.2504801981521	Fp1
009	19	01	76.0	outside_inferred_tasks	False		
009	20	01	80.0	outside_inferred_tasks	False		
009	21	01	84.0	outside_inferred_tasks	False		
009	22	01	88.0	outside_inferred_tasks	False		
009	23	01	92.0	outside_inferred_tasks	False		
009	24	01	96.0	outside_inferred_tasks	False		
009	25	01	100.0	outside_inferred_tasks	False		
009	26	01	104.0	outside_inferred_tasks	False		
009	27	01	108.0	outside_inferred_tasks	False		
009	28	01	112.0	outside_inferred_tasks	True	158.57298250449415	Fp2
009	29	01	116.0	outside_inferred_tasks	True	192.1522365158443	Fp2
009	30	01	120.0	outside_inferred_tasks	False		
009	31	01	124.0	outside_inferred_tasks	True	137.27276959923057	T8
009	32	01	128.0	outside_inferred_tasks	False		
009	33	01	132.0	outside_inferred_tasks	False		
009	34	01	136.0	outside_inferred_tasks	False		
009	35	01	140.0	outside_inferred_tasks	False		
009	36	01	144.0	outside_inferred_tasks	False		
009	37	01	148.0	outside_inferred_tasks	False		
009	38	01	152.0	outside_inferred_tasks	False		
009	39	01	156.0	outside_inferred_tasks	False		
009	40	01	160.0	outside_inferred_tasks	False		
009	41	01	164.0	outside_inferred_tasks	False		
009	42	01	168.0	task_boundary	False		
009	43	01	172.0	oddball	False		
009	44	01	176.0	oddball	False		
009	45	01	180.0	oddball	False		
009	46	01	184.0	oddball	True	201.09013291329717	Fp2
009	47	01	188.0	oddball	True	181.40216784011318	Fp2
009	48	01	192.0	oddball	False		
009	49	01	196.0	oddball	False		
009	50	01	200.0	oddball	True	214.22687077543506	Fp2
009	51	01	204.0	oddball	False		
009	52	01	208.0	oddball	True	213.95930430088728	Fp2
009	53	01	212.0	oddball	True	164.3214145369817	Fp2
009	54	01	216.0	oddball	False		
009	55	01	220.0	oddball	False		
009	56	01	224.0	oddball	False		
009	57	01	228.0	oddball	True	155.55252979385438	Fp2
009	58	01	232.0	oddball	False		
009	59	01	236.0	oddball	False		
009	60	01	240.0	oddball	True	183.9281309889526	Fp2
009	61	01	244.0	oddball	False		
009	62	01	248.0	oddball	False		
009	63	01	252.0	oddball	True	192.35052829381644	Fp2
009	64	01	256.0	oddball	True	163.853290241762	Fp2
009	65	01	260.0	oddball	False		
009	66	01	264.0	oddball	False		
009	67	01	268.0	oddball	True	217.45169786096085	Fp2
009	68	01	272.0	oddball	True	173.11345247284177	Fp2
009	69	01	276.0	oddball	True	176.76246233481862	Fp2
009	70	01	280.0	oddball	False		
009	71	01	284.0	oddball	False		
009	72	01	288.0	oddball	False		
009	73	01	292.0	oddball	True	199.0706016916027	Fp2
009	74	01	296.0	oddball	True	183.97159153969824	Fp2
009	75	01	300.0	oddball	True	204.8212347170077	Fp2
009	76	01	304.0	oddball	False		
009	77	01	308.0	oddball	True	181.68971977276755	Fp2
009	78	01	312.0	oddball	False		
009	79	01	316.0	oddball	False		
009	80	01	320.0	oddball	False		
009	81	01	324.0	oddball	True	161.9700160874126	Fp2
009	82	01	328.0	oddball	True	176.16112095393493	Fp2
009	83	01	332.0	oddball	True	199.97716458585072	Fp2
009	84	01	336.0	oddball	False		
009	85	01	340.0	oddball	True	176.2725368494246	Fp2
009	86	01	344.0	oddball	True	233.6804956766443	Fp2
009	87	01	348.0	oddball	False		
009	88	01	352.0	oddball	True	173.01014069762522	Fp2
009	89	01	356.0	oddball	True	162.52643147995641	Fp2
009	90	01	360.0	oddball	False		
009	91	01	364.0	oddball	True	167.92536514274795	Fp2
009	92	01	368.0	oddball	False		
009	93	01	372.0	oddball	True	172.98482480403922	Fp2
009	94	01	376.0	oddball	False		
009	95	01	380.0	oddball	False		
009	96	01	384.0	oddball	False		
009	97	01	388.0	oddball	True	196.37610189411848	Fp2
009	98	01	392.0	oddball	False		
009	99	01	396.0	oddball	True	192.31542523189003	Fp2
009	100	01	400.0	oddball	True	209.91860150726524	Fp2
009	101	01	404.0	oddball	False		
009	102	01	408.0	oddball	True	160.57845465187887	Fp2
009	103	01	412.0	oddball	True	190.50345148636208	Fp2
009	104	01	416.0	oddball	False		
009	105	01	420.0	oddball	True	171.11854145380627	Fp1
009	106	01	424.0	oddball	True	186.5811304692423	Fp1
009	107	01	428.0	oddball	False		
009	108	01	432.0	oddball	True	150.45497842914264	Fp2
009	109	01	436.0	oddball	True	169.60166886402212	Fp2
009	110	01	440.0	oddball	True	195.4604485816224	Fp2
009	111	01	444.0	oddball	True	217.92302611706384	Fp2
009	112	01	448.0	oddball	True	176.22418171500672	Fp2
009	113	01	452.0	oddball	True	169.46942082330395	Fp2
009	114	01	456.0	oddball	False		
009	115	01	460.0	oddball	True	162.78725759294687	Fp2
009	116	01	464.0	oddball	True	185.7517736040201	Fp2
009	117	01	468.0	oddball	False		
009	118	01	472.0	oddball	True	167.77030125505087	Fp2
009	119	01	476.0	oddball	False		
009	120	01	480.0	oddball	True	178.11512704928876	Fp2
009	121	01	484.0	oddball	True	180.26760069558205	Fp2
009	122	01	488.0	oddball	True	187.259456237464	Fp2
009	123	01	492.0	oddball	True	213.88941885429733	Fp2
009	124	01	496.0	oddball	False		
009	125	01	500.0	oddball	False		
009	126	01	504.0	oddball	False		
009	127	01	508.0	oddball	False		
009	128	01	512.0	oddball	False		
009	129	01	516.0	oddball	False		
009	130	01	520.0	oddball	False		
009	131	01	524.0	oddball	True	178.36135789765575	Fp2
009	132	01	528.0	oddball	False		
009	133	01	532.0	oddball	True	212.13996080478634	Fp2
009	134	01	536.0	oddball	False		
009	135	01	540.0	oddball	True	190.45975054434408	Fp2
009	136	01	544.0	oddball	True	156.47568087340954	Fp2
009	137	01	548.0	oddball	False		
009	138	01	552.0	oddball	True	180.86455088333113	Fp2
009	139	01	556.0	oddball	False		
009	140	01	560.0	oddball	True	189.58200022348245	TP9
009	141	01	564.0	oddball	True	183.00469933732717	Fp2
009	142	01	568.0	oddball	True	178.25155200081045	Fp2
009	143	01	572.0	task_boundary	True	188.1472790896926	Fp2
009	144	01	576.0	outside_inferred_tasks	True	151.5141064309765	Fp2
009	145	01	580.0	outside_inferred_tasks	False		
009	146	01	584.0	outside_inferred_tasks	False		
009	147	01	588.0	outside_inferred_tasks	False		
009	148	01	592.0	outside_inferred_tasks	False		
009	149	01	596.0	outside_inferred_tasks	False		
009	150	01	600.0	outside_inferred_tasks	False		
009	151	01	604.0	outside_inferred_tasks	False		
009	152	01	608.0	outside_inferred_tasks	False		
009	153	01	612.0	outside_inferred_tasks	False		
009	154	01	616.0	outside_inferred_tasks	True	128.1475254442696	TP9
009	155	01	620.0	outside_inferred_tasks	False		
009	156	01	624.0	task_boundary	False		
009	157	01	628.0	gambling	True	98.74205740538629	TP9
009	158	01	632.0	gambling	True	104.5185622078849	F7
009	159	01	636.0	gambling	False		
009	160	01	640.0	gambling	True	138.13389553308588	F7
009	161	01	644.0	gambling	True	166.96528558624541	F7
009	162	01	648.0	gambling	True	196.14800594691417	Fp2
009	163	01	652.0	gambling	True	151.95340697369443	F7
009	164	01	656.0	gambling	True	167.4741586869563	Fp2
009	165	01	660.0	gambling	True	171.7999112274732	Fp2
009	166	01	664.0	gambling	True	207.4762186387621	Fp2
009	167	01	668.0	gambling	True	198.14810900513515	Fp2
009	168	01	672.0	gambling	False		
009	169	01	676.0	gambling	True	168.4935413580494	Fp2
009	170	01	680.0	gambling	True	191.2919571680396	Fp2
009	171	01	684.0	gambling	True	183.11091193836887	Fp1
009	172	01	688.0	gambling	True	168.16976113883445	F7
009	173	01	692.0	gambling	True	161.638160186077	Fp2
009	174	01	696.0	gambling	True	163.36359752826124	Fp2
009	175	01	700.0	gambling	True	152.2508272092409	Fp2
009	176	01	704.0	gambling	True	126.30193303613696	F7
009	177	01	708.0	gambling	True	187.38996830689263	Fp2
009	178	01	712.0	gambling	True	209.8000409059891	F7
009	179	01	716.0	gambling	True	156.3897511371925	Fp2
009	180	01	720.0	gambling	True	157.83852347112776	AF8
009	181	01	724.0	gambling	True	188.45728271520758	F7
009	182	01	728.0	gambling	True	185.8437991177623	Fp1
009	183	01	732.0	gambling	True	170.28256178721867	Fp2
009	184	01	736.0	gambling	False		
009	185	01	740.0	gambling	False		
009	186	01	744.0	gambling	True	191.8467095917312	Fp2
009	187	01	748.0	gambling	True	150.07747214565558	Fp2
009	188	01	752.0	gambling	True	187.88816012566483	Fp2
009	189	01	756.0	gambling	True	173.91732728981736	Fp2
009	190	01	760.0	gambling	True	209.1398844505054	F7
009	191	01	764.0	gambling	False		
009	192	01	768.0	gambling	True	183.7920300834557	Fp2
009	193	01	772.0	gambling	True	167.8480981552245	Fp1
009	194	01	776.0	task_boundary	True	116.17917994378917	F7
009	195	01	780.0	outside_inferred_tasks	True	229.36441741234347	F7
009	196	01	784.0	outside_inferred_tasks	False		
009	197	01	788.0	outside_inferred_tasks	False		
009	198	01	792.0	outside_inferred_tasks	False		
009	199	01	796.0	outside_inferred_tasks	False		
009	200	01	800.0	outside_inferred_tasks	True	201.86394447323858	Fp2
009	201	01	804.0	outside_inferred_tasks	False		
009	202	01	808.0	outside_inferred_tasks	False		
009	203	02	0.0	outside_inferred_tasks	False		
009	204	02	4.0	outside_inferred_tasks	True	143.49574232416737	Fp2
009	205	02	8.0	outside_inferred_tasks	True	170.15546368608872	Fp2
009	206	02	12.0	outside_inferred_tasks	False		
009	207	02	16.0	outside_inferred_tasks	False		
009	208	02	20.0	outside_inferred_tasks	False		
009	209	02	24.0	outside_inferred_tasks	False		
009	210	02	28.0	outside_inferred_tasks	True	148.54143473359588	Fp1
009	211	02	32.0	outside_inferred_tasks	False		
009	212	02	36.0	outside_inferred_tasks	True	191.79804936141284	Fp1
009	213	02	40.0	outside_inferred_tasks	False		
009	214	02	44.0	outside_inferred_tasks	True	191.3193048399074	Fp2
009	215	02	48.0	outside_inferred_tasks	True	175.31460146142925	Fp2
009	216	02	52.0	outside_inferred_tasks	True	166.30968058380796	Fp2
009	217	02	56.0	outside_inferred_tasks	True	168.0512422246559	Fp2
009	218	02	60.0	outside_inferred_tasks	True	84.48427946348099	F7
009	219	02	64.0	outside_inferred_tasks	False		
009	220	02	68.0	outside_inferred_tasks	False		
009	221	02	72.0	outside_inferred_tasks	True	147.66102937165752	AF7
009	222	02	76.0	outside_inferred_tasks	False		
009	223	02	80.0	outside_inferred_tasks	False		
009	224	02	84.0	outside_inferred_tasks	False		
009	225	02	88.0	task_boundary	True	135.78388944869465	FT10
009	226	02	92.0	gameplay	True	115.3221356824545	TP9
009	227	02	96.0	gameplay	True	138.73481726160628	AF8
009	228	02	100.0	gameplay	True	134.75387530425974	TP9
009	229	02	104.0	gameplay	True	200.86825496127778	Fp2
009	230	02	108.0	gameplay	True	110.36595503334092	F7
009	231	02	112.0	gameplay	True	82.24000916532624	TP8
009	232	02	116.0	gameplay	True	107.92163821372861	TP9
009	233	02	120.0	gameplay	True	126.85161550732218	F7
009	234	02	124.0	gameplay	True	161.13188134069802	TP9
009	235	02	128.0	gameplay	True	81.44413351829137	T8
009	236	02	132.0	gameplay	True	150.53816562686316	TP9
009	237	02	136.0	gameplay	True	175.75785020182212	TP9
009	238	02	140.0	gameplay	True	145.14752924786362	TP9
009	239	02	144.0	gameplay	True	167.29701203679707	Fp2
009	240	02	148.0	gameplay	True	145.92649808184112	F7
009	241	02	152.0	gameplay	True	98.3481976905385	Fp2
009	242	02	156.0	gameplay	True	89.59658029363511	TP9
009	243	02	160.0	gameplay	True	191.57757135540734	TP9
009	244	02	164.0	gameplay	False		
009	245	02	168.0	gameplay	False		
009	246	02	172.0	gameplay	True	97.56901906017406	TP8
009	247	02	176.0	gameplay	True	159.5129466584134	TP9
009	248	02	180.0	gameplay	True	133.08774158809965	F7
009	249	02	184.0	gameplay	True	90.02944544043334	TP8
009	250	02	188.0	gameplay	True	140.7686495690788	F7
009	251	02	192.0	gameplay	True	162.1154018651424	TP9
009	252	02	196.0	gameplay	True	252.3983186464696	TP9
009	253	02	200.0	gameplay	True	176.40914485902374	Fp2
009	254	02	204.0	gameplay	True	223.59612209673222	TP9
009	255	02	208.0	gameplay	True	159.45331536587105	TP9
009	256	02	212.0	gameplay	True	200.23919265056188	Fp2
009	257	02	216.0	gameplay	False		
009	258	02	220.0	gameplay	True	149.7637286899824	TP9
009	259	02	224.0	gameplay	True	247.01247363843268	TP9
009	260	02	228.0	gameplay	True	212.95542095919367	TP9
009	261	02	232.0	gameplay	True	111.44076494608979	Fp2
009	262	02	236.0	gameplay	True	194.70005743124625	TP9
009	263	02	240.0	gameplay	False		
009	264	02	244.0	gameplay	True	180.09681654299862	TP9
009	265	02	248.0	gameplay	True	184.96709011135576	Fp2
009	266	02	252.0	gameplay	True	214.38305600213593	TP9
009	267	02	256.0	gameplay	False		
009	268	02	260.0	gameplay	True	146.77459294966218	TP9
009	269	02	264.0	gameplay	True	135.26282088275278	TP9
009	270	02	268.0	gameplay	True	140.09289895256452	TP9
009	271	02	272.0	gameplay	True	143.25969273165765	TP9
009	272	02	276.0	gameplay	True	127.35401130742206	Fp2
009	273	02	280.0	gameplay	True	177.75870475167721	TP9
009	274	02	284.0	gameplay	True	210.6459880426963	Fp2
009	275	02	288.0	gameplay	True	179.68343276692735	Fp2
009	276	02	292.0	gameplay	True	140.80881075865298	TP9
009	277	02	296.0	gameplay	False		
009	278	02	300.0	gameplay	True	200.78601014340182	Fp2
009	279	02	304.0	gameplay	True	190.29412398395104	Fp2
009	280	02	308.0	gameplay	False		
009	281	02	312.0	gameplay	False		
009	282	02	316.0	gameplay	True	121.45309430403002	F7
009	283	02	320.0	gameplay	True	193.9759208997672	Fp2
009	284	02	324.0	gameplay	True	148.20319328927442	TP9
009	285	02	328.0	gameplay	True	138.62544212508487	TP9
009	286	02	332.0	gameplay	False		
009	287	02	336.0	gameplay	True	161.31413599274583	Fp2
009	288	02	340.0	gameplay	True	120.81050459219033	FT10
009	289	02	344.0	gameplay	True	98.05066650024382	TP9
009	290	02	348.0	gameplay	True	150.8484951490171	TP9
009	291	02	352.0	gameplay	True	159.44293179646027	TP9
009	292	02	356.0	gameplay	True	84.23356228557728	TP9
009	293	02	360.0	gameplay	True	82.3935010913029	TP9
009	294	02	364.0	gameplay	True	135.39295173159212	F4
009	295	02	368.0	gameplay	True	129.27530257236077	F7
009	296	02	372.0	gameplay	False		
009	297	02	376.0	gameplay	False		
009	298	02	380.0	gameplay	True	210.4285616831033	Fp2
009	299	02	384.0	gameplay	True	213.06768756563784	Fp2
009	300	02	388.0	gameplay	True	128.49639088895466	TP9
009	301	02	392.0	gameplay	True	167.01473189373186	AF8
009	302	02	396.0	gameplay	True	138.57340967607098	AF8
009	303	02	400.0	gameplay	True	145.18434094123538	F7
009	304	02	404.0	gameplay	True	85.13804225435757	TP8
009	305	02	408.0	gameplay	True	123.89314621974178	TP9
009	306	02	412.0	gameplay	True	172.56605494253267	F7
009	307	02	416.0	gameplay	True	89.0777775952052	TP9
009	308	02	420.0	gameplay	True	143.32888374248776	F7
009	309	02	424.0	gameplay	True	177.2583460182331	Fp2
009	310	02	428.0	gameplay	True	113.03688025829379	TP9
009	311	02	432.0	gameplay	True	167.38015326077107	TP9
009	312	02	436.0	gameplay	True	126.83470511842127	TP9
009	313	02	440.0	gameplay	True	78.3935563236395	T8
009	314	02	444.0	gameplay	True	142.82672074725915	TP9
009	315	02	448.0	gameplay	True	187.71962682190335	TP9
009	316	02	452.0	gameplay	True	159.86329612178415	TP9
009	317	02	456.0	gameplay	True	206.17590278931	TP9
009	318	02	460.0	gameplay	True	166.11487150061032	Fp2
009	319	02	464.0	gameplay	True	104.04260610133724	TP9
009	320	02	468.0	gameplay	True	136.14563337501227	TP9
009	321	02	472.0	gameplay	True	116.74892014786539	TP9
009	322	02	476.0	gameplay	True	144.4106863055441	AF8
009	323	02	480.0	gameplay	True	92.96988279314182	FT10
009	324	02	484.0	gameplay	True	130.64578971186555	TP9
009	325	02	488.0	gameplay	True	197.0211062875191	TP9
009	326	02	492.0	gameplay	True	190.16804450328306	TP9
009	327	02	496.0	gameplay	True	90.49882851532588	TP8
009	328	02	500.0	gameplay	True	197.8198694563407	TP9
009	329	02	504.0	gameplay	True	129.97640187843174	TP9
009	330	02	508.0	gameplay	True	139.56515462807246	Fp1
009	331	02	512.0	gameplay	True	152.3293910574613	TP9
009	332	02	516.0	gameplay	True	156.84840734807466	F6
009	333	02	520.0	gameplay	True	143.88030951431844	Fp2
009	334	02	524.0	gameplay	True	142.47487230011632	TP9
009	335	02	528.0	gameplay	True	209.00806782060178	Fp2
009	336	02	532.0	gameplay	True	143.45861780525365	F7
009	337	02	536.0	gameplay	True	145.24140117961485	F7
009	338	02	540.0	gameplay	True	100.75256320301062	Fp2
009	339	02	544.0	gameplay	True	123.79254131408099	TP9
009	340	02	548.0	gameplay	False		
009	341	02	552.0	gameplay	True	145.3343845406526	TP9
009	342	02	556.0	gameplay	True	109.58114209218277	TP9
009	343	02	560.0	gameplay	True	146.4193340496426	TP9
009	344	02	564.0	gameplay	True	116.89298984243085	TP9
009	345	02	568.0	gameplay	True	90.0711055862304	TP8
009	346	02	572.0	gameplay	True	113.42568178956009	TP9
009	347	02	576.0	gameplay	True	153.56065707530257	F7
009	348	02	580.0	gameplay	True	150.21603350816443	AF8
009	349	02	584.0	gameplay	True	104.58943149028102	TP9
009	350	02	588.0	gameplay	True	121.55894423816868	F7
009	351	02	592.0	gameplay	True	108.54423500588842	Fp1
009	352	02	596.0	gameplay	True	314.37553330517875	FT9
009	353	02	600.0	gameplay	True	625.4487592928983	Fp2
009	354	02	604.0	gameplay	True	143.42702064574434	TP9
009	355	02	608.0	gameplay	True	139.87542684433026	F7
009	356	02	612.0	gameplay	True	151.95222813037708	TP9
009	357	02	616.0	gameplay	True	179.55843695398065	TP9
009	358	02	620.0	gameplay	True	155.18694266984036	TP9
009	359	02	624.0	gameplay	True	148.45503967991877	TP9
009	360	02	628.0	gameplay	True	150.73582047861072	TP9
009	361	02	632.0	gameplay	True	128.16160929652318	TP9
009	362	02	636.0	gameplay	True	123.81233201709534	AF8
009	363	02	640.0	gameplay	True	147.0680652776179	TP9
009	364	02	644.0	gameplay	True	142.98927659679188	F7
009	365	02	648.0	gameplay	True	112.84411979044201	TP9
009	366	02	652.0	gameplay	False		
009	367	02	656.0	gameplay	True	160.30658686629073	Fp2
009	368	02	660.0	gameplay	True	149.32276875737801	TP9
009	369	02	664.0	gameplay	True	142.43835411204557	FT10
009	370	02	668.0	gameplay	True	101.02734731545995	FT10
009	371	02	672.0	gameplay	True	90.92870113991593	TP9
009	372	02	676.0	gameplay	False		
009	373	02	680.0	gameplay	True	68.05600150431476	TP8
009	374	02	684.0	gameplay	True	92.3487088815928	F7
009	375	02	688.0	gameplay	True	163.48633534847113	TP9
009	376	02	692.0	gameplay	True	79.77820001162871	F7
009	377	02	696.0	gameplay	False		
009	378	02	700.0	gameplay	True	87.87532039973436	FT10
009	379	02	704.0	gameplay	True	172.96796760116885	F7
009	380	02	708.0	gameplay	True	77.53968223168283	TP9
009	381	02	712.0	gameplay	True	74.34643916983491	FT10
009	382	02	716.0	gameplay	True	106.9451254730034	F7
009	383	02	720.0	gameplay	True	84.80267885631804	TP9
009	384	02	724.0	gameplay	True	124.04180113419395	F7
009	385	02	728.0	gameplay	True	112.5768925968905	Fp2
009	386	02	732.0	gameplay	True	137.22739381561593	TP9
009	387	02	736.0	gameplay	True	72.59971601431104	TP9
009	388	02	740.0	gameplay	True	153.95474963258	TP9
009	389	02	744.0	gameplay	True	169.5657228773337	FC5
009	390	02	748.0	gameplay	True	184.66398190167467	F7
009	391	02	752.0	gameplay	True	142.0968052276128	TP9
009	392	02	756.0	gameplay	True	105.48781182073084	TP9
009	393	02	760.0	gameplay	True	131.54408039248693	Fp2
009	394	02	764.0	gameplay	False		
009	395	02	768.0	gameplay	True	93.55770474001498	TP9
009	396	02	772.0	gameplay	True	161.37354612451398	F7
009	397	02	776.0	gameplay	True	85.77391031726171	FT10
009	398	02	780.0	gameplay	True	149.1345211735582	F7
009	399	02	784.0	gameplay	False		
009	400	02	788.0	gameplay	True	173.7052301672708	Fp2
009	401	02	792.0	gameplay	True	196.43057180026312	Fp2
009	402	02	796.0	gameplay	True	135.52734727797545	TP9
009	403	02	800.0	gameplay	True	116.48052941980208	TP9
009	404	02	804.0	gameplay	True	145.446788471967	TP9
009	405	02	808.0	gameplay	True	132.37941327380827	TP9
009	406	02	812.0	gameplay	True	148.30541941177208	TP9
009	407	02	816.0	gameplay	True	148.09402431779876	TP9
009	408	02	820.0	gameplay	True	181.07696833534519	Fp1
009	409	02	824.0	gameplay	True	168.52670237182613	F7
009	410	02	828.0	gameplay	True	88.96867369319173	Fp2
009	411	02	832.0	gameplay	True	103.10039109316179	AF8
009	412	02	836.0	gameplay	True	183.90317468791665	AF8
009	413	02	840.0	gameplay	True	150.9375416870196	F7
009	414	02	844.0	gameplay	True	128.06468170164163	TP9
009	415	02	848.0	gameplay	True	90.32373790519922	TP9
009	416	02	852.0	gameplay	True	132.84984168976717	TP9
009	417	02	856.0	gameplay	True	122.01905419159239	TP9
009	418	02	860.0	gameplay	True	148.31618839934973	TP9
009	419	02	864.0	gameplay	True	119.71040299867038	TP9
009	420	02	868.0	gameplay	True	117.45620701206447	TP9
009	421	02	872.0	gameplay	True	109.95826703536751	TP9
009	422	02	876.0	gameplay	True	157.84241446770304	AF8
009	423	02	880.0	gameplay	True	132.45547452789174	TP9
009	424	02	884.0	gameplay	True	118.60537868229093	FT10
009	425	02	888.0	gameplay	True	145.71519079241793	F7
009	426	02	892.0	gameplay	True	119.19038172068993	TP9
009	427	02	896.0	gameplay	True	97.85482762427274	TP9
009	428	02	900.0	gameplay	True	119.58344238167203	TP9
009	429	02	904.0	gameplay	True	122.31793184121345	TP9
009	430	02	908.0	gameplay	True	110.64501544956767	TP9
009	431	02	912.0	gameplay	True	115.60329029194598	TP9
009	432	02	916.0	gameplay	True	144.93464260756855	Fp2
009	433	02	920.0	gameplay	True	136.8375545148288	F7
009	434	02	924.0	gameplay	False		
009	435	02	928.0	gameplay	True	178.19241297863087	Fp2
009	436	02	932.0	gameplay	True	139.1458431033576	TP9
009	437	02	936.0	gameplay	True	135.5515380366205	Fp2
009	438	02	940.0	gameplay	True	156.8853488277508	Fp2
009	439	02	944.0	gameplay	True	130.64597277153112	TP9
009	440	02	948.0	gameplay	True	117.07860153412783	TP9
009	441	02	952.0	gameplay	True	150.74193149805419	TP9
009	442	02	956.0	gameplay	True	142.12239428465514	F7
009	443	02	960.0	gameplay	True	106.73599985311152	TP9
009	444	02	964.0	gameplay	True	136.83092848010992	TP9
009	445	02	968.0	gameplay	True	173.59835013115938	TP9
009	446	02	972.0	gameplay	True	126.79291499965832	TP9
009	447	02	976.0	gameplay	False		
009	448	02	980.0	gameplay	True	87.44805888469712	F7
009	449	02	984.0	gameplay	True	161.49002427520523	F7
009	450	02	988.0	gameplay	True	86.47130573291277	FT10
009	451	02	992.0	gameplay	True	204.34117081029535	Fp2
009	452	02	996.0	gameplay	True	172.27588983985825	TP9
009	453	02	1000.0	gameplay	True	130.6346851792081	TP9
009	454	02	1004.0	gameplay	True	90.65464000340822	F7
009	455	02	1008.0	gameplay	True	143.0934142308072	F7
009	456	02	1012.0	gameplay	True	113.85047482205812	FT10
009	457	02	1016.0	gameplay	True	151.27477979183863	F7
009	458	02	1020.0	gameplay	True	194.61837697945933	Fp1
009	459	02	1024.0	gameplay	True	122.6650768886431	TP9
009	460	02	1028.0	gameplay	True	155.3593516385925	TP9
009	461	02	1032.0	gameplay	True	138.62962310949317	TP9
009	462	02	1036.0	gameplay	True	160.04093891502035	TP9
009	463	02	1040.0	gameplay	True	113.32216614540107	TP9
009	464	02	1044.0	gameplay	True	131.16728179146446	TP9
009	465	02	1048.0	gameplay	True	146.17275586728587	TP9
009	466	02	1052.0	gameplay	True	220.20468084345237	TP9
009	467	02	1056.0	gameplay	True	109.70397914424787	TP9
009	468	02	1060.0	gameplay	True	116.29514471674489	AF8
009	469	02	1064.0	gameplay	True	105.49976706397644	TP9
009	470	02	1068.0	gameplay	False		
009	471	02	1072.0	gameplay	True	80.20347953213681	TP9
009	472	02	1076.0	gameplay	True	170.20058791446507	F7
009	473	02	1080.0	gameplay	True	137.94573190448443	Fp2
009	474	02	1084.0	gameplay	True	103.78620886665529	TP9
009	475	02	1088.0	gameplay	True	131.3647609305824	TP9
009	476	02	1092.0	gameplay	True	188.04988800539948	Fp2
009	477	02	1096.0	gameplay	True	87.48260673432853	FT10
009	478	02	1100.0	gameplay	True	146.14631626779726	F7
009	479	02	1104.0	gameplay	True	97.70480887610668	TP9
009	480	02	1108.0	gameplay	True	122.94815421477585	F7
009	481	02	1112.0	gameplay	True	155.52125127250002	TP9
009	482	02	1116.0	gameplay	True	121.90744374583292	Fp1
009	483	02	1120.0	gameplay	True	117.75087716857718	F7
009	484	02	1124.0	gameplay	True	113.26598330998642	TP9
009	485	02	1128.0	gameplay	True	179.1594765235914	F7
009	486	02	1132.0	gameplay	True	92.60724999779745	FT10
009	487	02	1136.0	gameplay	True	115.11625637284352	TP9
009	488	02	1140.0	gameplay	True	251.6324608663716	TP9
009	489	02	1144.0	gameplay	True	165.75233032887226	TP9
009	490	02	1148.0	gameplay	True	112.35568211893413	TP9
009	491	02	1152.0	gameplay	True	156.26993143244113	TP9
009	492	02	1156.0	gameplay	True	150.58499479993355	Fp2
009	493	02	1160.0	gameplay	True	119.01813857602886	TP9
009	494	02	1164.0	gameplay	True	81.53787015898051	TP9
009	495	02	1168.0	gameplay	True	167.1793517079818	Fp2
009	496	02	1172.0	gameplay	True	104.3018033616841	F7
009	497	02	1176.0	gameplay	True	102.56994229561685	TP9
009	498	02	1180.0	gameplay	True	94.84847620558875	TP9
009	499	02	1184.0	gameplay	True	180.1918825617213	Fp1
009	500	02	1188.0	gameplay	True	131.4748837203149	T8
009	501	02	1192.0	gameplay	True	166.49632582781393	Fp2
009	502	02	1196.0	gameplay	True	163.6639705758259	TP9
009	503	02	1200.0	gameplay	True	166.08509798944868	F7
009	504	02	1204.0	gameplay	True	103.76614351937761	TP9
009	505	02	1208.0	gameplay	True	120.73986789394212	TP9
009	506	02	1212.0	gameplay	True	180.92699390116363	AF8
009	507	02	1216.0	gameplay	True	122.0612369846778	TP9
009	508	02	1220.0	gameplay	True	115.70472306364617	TP9
009	509	02	1224.0	gameplay	True	171.06172140217473	TP9
009	510	02	1228.0	gameplay	True	187.6497188199631	TP9
009	511	02	1232.0	gameplay	True	156.94540359297218	TP9
009	512	02	1236.0	gameplay	True	193.12071178562744	TP9
009	513	02	1240.0	gameplay	True	81.66828513775609	TP9
009	514	02	1244.0	gameplay	True	157.79499396586954	TP9
009	515	02	1248.0	gameplay	True	74.24138810587756	TP9
009	516	02	1252.0	gameplay	True	151.36730919107808	TP9
009	517	02	1256.0	gameplay	True	108.67940107910104	TP9
009	518	02	1260.0	gameplay	True	177.0208582491928	TP9
009	519	02	1264.0	gameplay	True	132.81610075818853	TP9
009	520	02	1268.0	gameplay	True	192.0783648331595	TP9
009	521	02	1272.0	gameplay	True	177.0579943908596	Fp2
009	522	02	1276.0	gameplay	True	93.3224865945716	TP9
009	523	02	1280.0	gameplay	True	138.62933318471536	TP9
009	524	02	1284.0	gameplay	True	138.42842063415372	TP9
009	525	02	1288.0	gameplay	True	79.65029504706585	TP9
009	526	02	1292.0	gameplay	True	135.42506741508137	F7
009	527	02	1296.0	gameplay	True	165.60243964840745	F7
009	528	02	1300.0	gameplay	True	184.27162132041985	TP9
009	529	02	1304.0	gameplay	True	162.23348188284095	TP9
009	530	02	1308.0	gameplay	True	95.10421156909014	F7
009	531	02	1312.0	gameplay	True	82.26379376070095	TP9
009	532	02	1316.0	gameplay	True	149.01956890983067	Fp1
009	533	02	1320.0	gameplay	True	109.77254455956799	F7
009	534	02	1324.0	gameplay	True	188.68918566523342	F7
009	535	02	1328.0	gameplay	True	175.89358481338783	TP9
009	536	02	1332.0	gameplay	True	189.70890004051003	TP9
009	537	02	1336.0	gameplay	True	148.2634425812155	Fp1
009	538	02	1340.0	gameplay	False		
009	539	02	1344.0	gameplay	True	151.27813307439516	TP9
009	540	02	1348.0	gameplay	True	98.99470113838497	TP9
009	541	02	1352.0	gameplay	True	164.16008322046724	Fp1
009	542	02	1356.0	gameplay	True	159.05311184464776	Fp2
009	543	02	1360.0	gameplay	True	123.74158089011303	Fp2
009	544	02	1364.0	gameplay	True	144.75348629018512	Fp2
009	545	02	1368.0	gameplay	True	122.591743090348	Fp2
009	546	02	1372.0	gameplay	True	80.66563392761162	TP9
009	547	02	1376.0	gameplay	True	76.8137605293108	TP9
009	548	02	1380.0	gameplay	True	170.3047328248923	TP9
009	549	02	1384.0	gameplay	True	163.82676280663068	Fp2
009	550	02	1388.0	gameplay	False		
009	551	02	1392.0	gameplay	True	137.28621261593398	T8
009	552	02	1396.0	gameplay	True	95.78749443761471	Fp2
009	553	02	1400.0	gameplay	True	130.61735120965585	TP9
009	554	02	1404.0	gameplay	True	135.83112853035675	Fp1
009	555	02	1408.0	gameplay	False		
009	556	02	1412.0	gameplay	True	194.58123365653228	Fp2
009	557	02	1416.0	gameplay	True	72.9253538085505	TP9
009	558	02	1420.0	gameplay	True	159.25625184649732	Fp1
009	559	02	1424.0	gameplay	True	91.43447085964038	TP9
009	560	02	1428.0	gameplay	True	95.49100086399704	TP9
009	561	02	1432.0	gameplay	True	114.88373148432166	TP9
009	562	02	1436.0	gameplay	True	139.10893206035666	TP9
009	563	02	1440.0	gameplay	True	111.58616997465417	TP9
009	564	02	1444.0	gameplay	True	164.74060379807372	Fp1
009	565	02	1448.0	gameplay	True	199.2690653689731	TP9
009	566	02	1452.0	gameplay	True	126.6038508404211	TP9
009	567	02	1456.0	gameplay	True	133.6584506982247	TP9
009	568	02	1460.0	gameplay	True	136.9172360598794	TP9
009	569	02	1464.0	gameplay	True	85.81163764112262	TP9
009	570	02	1468.0	gameplay	True	193.07963899545854	TP9
009	571	02	1472.0	gameplay	True	175.69116170121836	TP9
009	572	02	1476.0	gameplay	True	111.83728000377818	TP9
009	573	02	1480.0	gameplay	True	167.75336789710934	TP9
009	574	02	1484.0	gameplay	False		
009	575	02	1488.0	gameplay	True	174.17046301045383	Fp2
009	576	02	1492.0	gameplay	True	131.16516457909665	Fp2
009	577	02	1496.0	gameplay	True	198.44589553137598	Fp2
009	578	02	1500.0	gameplay	True	149.96761871129698	Fp1
009	579	02	1504.0	gameplay	True	118.47037468790894	FT10
009	580	02	1508.0	gameplay	True	145.5451809197726	TP9
009	581	02	1512.0	gameplay	True	239.04267820125315	TP9
009	582	02	1516.0	gameplay	True	98.26284764448376	Fp2
009	583	02	1520.0	gameplay	True	102.4811455536112	TP9
009	584	02	1524.0	gameplay	True	155.02370775650033	Fp1
009	585	02	1528.0	gameplay	True	78.49395352864113	FT10
009	586	02	1532.0	gameplay	True	177.53322544476887	Fp1
009	587	02	1536.0	gameplay	True	151.7689089529339	Fp2
009	588	02	1540.0	gameplay	True	177.57017473985974	TP9
009	589	02	1544.0	gameplay	True	197.6372371646543	F7
009	590	02	1548.0	gameplay	True	286.2518989404897	TP9
009	591	02	1552.0	gameplay	True	156.39266539538772	TP9
009	592	02	1556.0	gameplay	True	191.0104175605299	Fp2
009	593	02	1560.0	gameplay	True	132.74758872023224	TP9
009	594	02	1564.0	gameplay	True	158.71913485816913	TP9
009	595	02	1568.0	gameplay	True	112.1435620245987	TP9
009	596	02	1572.0	gameplay	True	141.97220957270738	TP9
009	597	02	1576.0	gameplay	False		
009	598	02	1580.0	gameplay	True	141.88228195351968	TP9
009	599	02	1584.0	gameplay	True	150.70831631279435	Fp1
009	600	02	1588.0	gameplay	True	165.79148790813633	Fp1
009	601	02	1592.0	gameplay	True	170.86021768264052	TP9
009	602	02	1596.0	gameplay	True	120.17908069489583	TP9
009	603	02	1600.0	gameplay	False		
009	604	02	1604.0	gameplay	True	85.29657150076343	TP9
009	605	02	1608.0	gameplay	True	84.55752547392102	TP9
009	606	02	1612.0	gameplay	True	97.89682739834251	FT10
009	607	02	1616.0	gameplay	True	137.1865743616358	Fp2
009	608	02	1620.0	gameplay	True	160.41253238542387	AF8
009	609	02	1624.0	gameplay	True	112.88356748267216	TP9
009	610	02	1628.0	gameplay	True	160.17501786376104	TP9
009	611	02	1632.0	gameplay	True	143.35061596710347	Fp2
009	612	02	1636.0	gameplay	True	143.16382563733117	T8
009	613	02	1640.0	gameplay	True	116.58302654916807	TP9
009	614	02	1644.0	gameplay	True	113.36676382244205	TP9
009	615	02	1648.0	gameplay	True	155.45905646975183	Fp2
009	616	02	1652.0	gameplay	True	87.7863614466807	AF8
009	617	02	1656.0	gameplay	True	164.61781307434475	Fp2
009	618	02	1660.0	gameplay	True	161.40880934741836	Fp2
009	619	02	1664.0	gameplay	True	130.1869541311644	TP9
009	620	02	1668.0	gameplay	True	130.94331530827043	Fp1
009	621	02	1672.0	gameplay	True	154.95307879476402	TP9
009	622	02	1676.0	gameplay	True	97.64717075503295	TP9
009	623	02	1680.0	gameplay	True	185.7153885988788	F7
009	624	02	1684.0	gameplay	True	188.38423095389206	AF8
009	625	02	1688.0	gameplay	True	125.75988734799695	TP9
009	626	02	1692.0	gameplay	True	126.0058933363763	F7
009	627	02	1696.0	gameplay	True	130.44707082914795	Fp1
009	628	02	1700.0	gameplay	True	197.84873127746945	F7
009	629	02	1704.0	gameplay	True	109.56786318060855	TP9
009	630	02	1708.0	gameplay	True	82.75471281307712	TP9
009	631	02	1712.0	gameplay	True	85.80734225433199	TP9
009	632	02	1716.0	gameplay	True	84.98840888641082	TP9
009	633	02	1720.0	gameplay	True	181.98326817646404	TP9
009	634	02	1724.0	gameplay	True	139.64158200808274	TP9
009	635	02	1728.0	gameplay	True	160.9267382494128	TP9
009	636	02	1732.0	gameplay	True	154.45612691345917	Fp2
009	637	02	1736.0	gameplay	True	123.39999739584019	TP9
009	638	02	1740.0	gameplay	True	134.63867523446652	Fp2
009	639	02	1744.0	gameplay	True	97.68328832805021	TP9
009	640	02	1748.0	gameplay	True	166.68366960200967	TP9
009	641	02	1752.0	gameplay	True	173.39234495969998	TP9
009	642	02	1756.0	gameplay	True	100.85847067993744	TP9
009	643	02	1760.0	gameplay	True	132.3740842408893	TP9
009	644	02	1764.0	gameplay	True	117.56166428658344	TP9
009	645	02	1768.0	gameplay	True	112.13125959358088	TP9
009	646	02	1772.0	gameplay	True	84.86277741997576	F4
009	647	02	1776.0	gameplay	True	76.02157761300876	TP9
009	648	02	1780.0	gameplay	True	92.9712827639349	TP9
009	649	02	1784.0	gameplay	True	153.4376483628381	TP9
009	650	02	1788.0	gameplay	True	78.36037615506137	F7
009	651	02	1792.0	gameplay	False		
009	652	02	1796.0	gameplay	True	153.88730570295442	AF8
009	653	02	1800.0	gameplay	True	89.55657360455848	TP9
009	654	02	1804.0	gameplay	True	169.24070326661993	Fp2
009	655	02	1808.0	gameplay	True	126.75697666526567	F7
009	656	02	1812.0	gameplay	True	108.14696097624416	TP9
009	657	02	1816.0	gameplay	True	78.03868460336061	TP9
009	658	02	1820.0	gameplay	True	117.0039670583316	TP9
009	659	02	1824.0	gameplay	True	100.67540726529147	TP9
009	660	02	1828.0	gameplay	False		
009	661	02	1832.0	gameplay	True	69.28338411244734	FT10
009	662	02	1836.0	gameplay	True	124.40020334116458	TP9
009	663	02	1840.0	gameplay	True	171.7855944195808	TP9
009	664	02	1844.0	gameplay	True	87.28939033985499	TP9
009	665	02	1848.0	gameplay	True	102.63848092842055	TP9
009	666	02	1852.0	gameplay	True	119.97234685796128	TP9
009	667	02	1856.0	gameplay	True	156.8600383109688	F7
009	668	02	1860.0	gameplay	True	163.25046881403912	F7
009	669	02	1864.0	gameplay	True	147.21565592002494	TP9
009	670	02	1868.0	gameplay	True	190.1219934951829	TP9
009	671	02	1872.0	gameplay	True	143.5890918242009	TP9
009	672	02	1876.0	gameplay	True	101.74362917273355	AF8
009	673	02	1880.0	gameplay	True	142.86123239748915	FT10
009	674	02	1884.0	gameplay	True	225.34486343918275	TP9
009	675	02	1888.0	gameplay	True	119.74210321143799	TP9
009	676	02	1892.0	gameplay	True	108.57141847986128	TP9
009	677	02	1896.0	gameplay	True	164.92053176571886	TP9
009	678	02	1900.0	gameplay	True	170.6964564818768	F7
009	679	02	1904.0	gameplay	True	67.3690641641398	AF8
009	680	02	1908.0	gameplay	True	162.75430636993102	TP9
009	681	02	1912.0	gameplay	True	81.33373237373873	F7
009	682	02	1916.0	gameplay	True	152.51592786605346	TP9
009	683	02	1920.0	gameplay	True	126.16437873953548	TP9
009	684	02	1924.0	gameplay	True	172.98415720099587	Fp1
009	685	02	1928.0	gameplay	True	87.88940025881264	TP9
009	686	02	1932.0	gameplay	True	82.6021612731818	F7
009	687	02	1936.0	gameplay	True	124.20870179157703	TP9
009	688	02	1940.0	gameplay	True	101.46597454997448	TP9
009	689	02	1944.0	gameplay	True	80.05349707227533	AF8
009	690	02	1948.0	gameplay	True	97.1271283441263	FT10
009	691	02	1952.0	gameplay	True	151.93769048512362	Fp2
009	692	02	1956.0	gameplay	False		
009	693	02	1960.0	gameplay	True	119.20040117033444	F7
009	694	02	1964.0	gameplay	True	166.51009323094797	Fp2
009	695	02	1968.0	gameplay	True	116.79663818377921	TP9
009	696	02	1972.0	gameplay	True	135.4569891065826	Fp1
009	697	02	1976.0	gameplay	True	221.70383405516662	TP9
009	698	02	1980.0	gameplay	True	110.6114765568788	TP9
009	699	02	1984.0	gameplay	True	175.88643604471417	AF8
009	700	02	1988.0	gameplay	True	160.1590418924769	Fp2
009	701	02	1992.0	gameplay	True	88.80253963384617	Fp2
009	702	02	1996.0	gameplay	True	197.52849889753153	F7
009	703	02	2000.0	gameplay	True	126.55898236164703	FT10
009	704	02	2004.0	gameplay	True	146.84744223799999	FT10
009	705	02	2008.0	gameplay	True	91.20915195503132	F7
010	0	01	0.0	outside_inferred_tasks	False		
010	1	01	4.0	outside_inferred_tasks	True	414.5874318162512	Fp2
010	2	01	8.0	outside_inferred_tasks	True	232.39385151664524	Fp2
010	3	01	12.0	outside_inferred_tasks	True	284.7714719061008	Fp2
010	4	01	16.0	outside_inferred_tasks	True	334.35400298639894	Fp1
010	5	01	20.0	outside_inferred_tasks	True	129.03205833836466	AF7
010	6	01	24.0	outside_inferred_tasks	True	120.29197278192255	AF7
010	7	01	28.0	outside_inferred_tasks	True	255.92193526318346	Fp2
010	8	01	32.0	outside_inferred_tasks	False		
010	9	01	36.0	outside_inferred_tasks	True	322.7021627897722	PO8
010	10	01	40.0	outside_inferred_tasks	False		
010	11	01	44.0	outside_inferred_tasks	True	146.35941679839894	F7
010	12	01	48.0	outside_inferred_tasks	True	223.101379024733	Fp2
010	13	01	52.0	outside_inferred_tasks	True	161.82795690061488	PO8
010	14	01	56.0	outside_inferred_tasks	True	247.78618555659142	Fp2
010	15	01	60.0	outside_inferred_tasks	True	196.24986201057112	AF7
010	16	01	64.0	outside_inferred_tasks	True	140.0138737600587	T7
010	17	01	68.0	outside_inferred_tasks	True	140.0827710152669	T7
010	18	01	72.0	outside_inferred_tasks	True	298.3556126553052	Fp2
010	19	01	76.0	outside_inferred_tasks	True	111.88265202838495	T7
010	20	01	80.0	outside_inferred_tasks	False		
010	21	01	84.0	outside_inferred_tasks	True	310.32475195955084	AF7
010	22	01	88.0	task_boundary	False		
010	23	01	92.0	oddball	True	282.04310526577797	AF7
010	24	01	96.0	oddball	True	195.78691057863423	P7
010	25	01	100.0	oddball	True	120.20858736474726	T7
010	26	01	104.0	oddball	True	95.61586363338432	T7
010	27	01	108.0	oddball	True	260.3859134483334	Fp2
010	28	01	112.0	oddball	True	279.90733666198963	Fp2
010	29	01	116.0	oddball	True	83.03940180407892	PO8
010	30	01	120.0	oddball	True	274.00192991111174	Fp1
010	31	01	124.0	oddball	True	299.4222215203237	Fp2
010	32	01	128.0	oddball	True	61.70571693336533	T7
010	33	01	132.0	oddball	True	273.26064595228377	Fp2
010	34	01	136.0	oddball	True	68.09576401353931	T7
010	35	01	140.0	oddball	True	259.3351202494273	Fp1
010	36	01	144.0	oddball	True	227.49817214873397	Fp2
010	37	01	148.0	oddball	True	62.2639540221305	TP10
010	38	01	152.0	oddball	True	73.31275152786066	T7
010	39	01	156.0	oddball	True	89.19023875299789	PO8
010	40	01	160.0	oddball	True	61.255239295378146	F5
010	41	01	164.0	oddball	True	355.38787012972466	Fp2
010	42	01	168.0	oddball	True	227.93534031154294	Fp2
010	43	01	172.0	oddball	True	251.7171814132046	Fp1
010	44	01	176.0	oddball	True	236.07257378588278	Fp1
010	45	01	180.0	oddball	True	273.2572284537568	Fp2
010	46	01	184.0	oddball	True	197.55152072731406	AF7
010	47	01	188.0	oddball	True	73.34901411619671	TP10
010	48	01	192.0	oddball	True	261.9625541765844	Fp2
010	49	01	196.0	oddball	True	254.8305620492825	Fp2
010	50	01	200.0	oddball	True	253.61886892541165	Fp2
010	51	01	204.0	oddball	True	288.14691096100273	Fp2
010	52	01	208.0	oddball	True	64.54434567613072	F5
010	53	01	212.0	oddball	True	292.50503870554127	Fp2
010	54	01	216.0	oddball	True	290.7404282132181	Fp2
010	55	01	220.0	oddball	True	90.75260519751433	Fp1
010	56	01	224.0	oddball	True	298.5587990139896	Fp2
010	57	01	228.0	oddball	True	75.497558422887	TP10
010	58	01	232.0	oddball	True	55.17125113050252	Fp2
010	59	01	236.0	oddball	True	285.52228832262495	Fp2
010	60	01	240.0	oddball	True	249.58625305948686	Fp2
010	61	01	244.0	oddball	True	278.18244499195015	Fp2
010	62	01	248.0	oddball	True	246.60348438901477	Fp2
010	63	01	252.0	oddball	True	78.94326573334385	Fp1
010	64	01	256.0	oddball	True	253.95461981618402	Fp2
010	65	01	260.0	oddball	True	75.72463967383649	PO8
010	66	01	264.0	oddball	True	106.8897930705416	F3
010	67	01	268.0	oddball	True	253.12094800058506	Fp2
010	68	01	272.0	oddball	True	69.2967012324279	AF8
010	69	01	276.0	oddball	True	67.9928548574561	AF7
010	70	01	280.0	oddball	True	213.68429499366476	Fp2
010	71	01	284.0	oddball	True	254.18684329931676	Fp2
010	72	01	288.0	oddball	True	307.5766824485833	Fp2
010	73	01	292.0	oddball	True	278.87052102990043	Fp2
010	74	01	296.0	oddball	True	288.77048415361236	Fp2
010	75	01	300.0	oddball	True	264.31886995006096	Fp2
010	76	01	304.0	oddball	True	241.4046434951787	Fp2
010	77	01	308.0	oddball	True	326.21655973599565	Fp2
010	78	01	312.0	oddball	True	230.8129114115357	Fp2
010	79	01	316.0	oddball	True	115.72057707767684	PO8
010	80	01	320.0	oddball	True	265.81172507785885	Fp2
010	81	01	324.0	oddball	True	363.62397693631266	TP10
010	82	01	328.0	oddball	True	277.8600191920634	Fp2
010	83	01	332.0	oddball	True	260.9902606031978	Fp2
010	84	01	336.0	oddball	True	240.91375663129358	Fp2
010	85	01	340.0	oddball	True	269.1305039419106	Fp1
010	86	01	344.0	oddball	True	255.48793752251186	Fp1
010	87	01	348.0	oddball	True	233.56764524059278	Fp2
010	88	01	352.0	oddball	True	83.0934523462384	PO8
010	89	01	356.0	oddball	True	241.03530447518847	Fp2
010	90	01	360.0	oddball	True	295.56980058432447	Fp2
010	91	01	364.0	oddball	True	87.23755812971338	Fp1
010	92	01	368.0	oddball	True	116.47972085933804	AF7
010	93	01	372.0	oddball	True	520.2236313039865	T8
010	94	01	376.0	oddball	True	274.361999012973	Fp2
010	95	01	380.0	oddball	True	241.64684263618815	Fp1
010	96	01	384.0	oddball	True	84.27843075763268	PO8
010	97	01	388.0	oddball	True	243.99983510315153	Fp1
010	98	01	392.0	oddball	True	69.94060503873132	AF7
010	99	01	396.0	oddball	True	260.7860672396532	Fp2
010	100	01	400.0	oddball	True	256.1546395488378	Fp2
010	101	01	404.0	oddball	True	231.36522613071597	Fp1
010	102	01	408.0	oddball	True	238.49643606378302	Fp1
010	103	01	412.0	oddball	True	272.30444288474615	Fp1
010	104	01	416.0	oddball	True	74.30008677331638	AF7
010	105	01	420.0	oddball	True	258.8690601541764	Fp2
010	106	01	424.0	oddball	True	230.85049016982524	Fp2
010	107	01	428.0	oddball	True	90.22037485915024	TP10
010	108	01	432.0	oddball	True	240.890338340605	Fp1
010	109	01	436.0	oddball	True	207.94507552927664	Fp1
010	110	01	440.0	oddball	True	283.14231824015087	Fp2
010	111	01	444.0	oddball	True	251.70085119048414	Fp2
010	112	01	448.0	oddball	True	99.22818345039772	F7
010	113	01	452.0	oddball	True	210.14825767463424	Fp2
010	114	01	456.0	oddball	True	210.299304229683	Fp2
010	115	01	460.0	oddball	True	230.9381746203045	Fp2
010	116	01	464.0	oddball	True	223.44921821753954	Fp2
010	117	01	468.0	oddball	True	69.40162639797327	PO8
010	118	01	472.0	oddball	True	241.68127750504053	Fp2
010	119	01	476.0	oddball	True	237.00347105268287	Fp2
010	120	01	480.0	oddball	True	251.52606535883447	Fp2
010	121	01	484.0	oddball	True	243.75575946864484	Fp2
010	122	01	488.0	oddball	True	238.91450830424847	Fp2
010	123	01	492.0	oddball	True	239.77847234586145	Fp2
010	124	01	496.0	task_boundary	False		
010	125	01	500.0	outside_inferred_tasks	True	340.94567013275014	Fp1
010	126	01	504.0	outside_inferred_tasks	False		
010	127	01	508.0	outside_inferred_tasks	False		
010	128	01	512.0	outside_inferred_tasks	False		
010	129	01	516.0	outside_inferred_tasks	True	181.81748169760445	F7
010	130	01	520.0	outside_inferred_tasks	True	350.8944389099737	Fp2
010	131	01	524.0	outside_inferred_tasks	True	341.03951180232815	Fp2
010	132	01	528.0	outside_inferred_tasks	True	226.49944248399882	AF7
010	133	01	532.0	outside_inferred_tasks	True	378.12344241988814	Fp2
010	134	01	536.0	outside_inferred_tasks	True	218.04145001242952	AF7
010	135	01	540.0	outside_inferred_tasks	False		
010	136	01	544.0	outside_inferred_tasks	False		
010	137	01	548.0	task_boundary	False		
010	138	01	552.0	gambling	True	121.35424394818382	T7
010	139	01	556.0	gambling	True	116.33759285804967	AF8
010	140	01	560.0	gambling	True	141.94541140310585	T7
010	141	01	564.0	gambling	True	299.21602594629485	AF7
010	142	01	568.0	gambling	False		
010	143	01	572.0	gambling	False		
010	144	01	576.0	gambling	True	125.07421841127488	Fp2
010	145	01	580.0	gambling	True	134.13952212707443	T7
010	146	01	584.0	gambling	True	126.61891522493382	T7
010	147	01	588.0	gambling	True	131.53343925732298	T7
010	148	01	592.0	gambling	True	115.4905163948717	T7
010	149	01	596.0	gambling	True	139.99586846375266	Fp2
010	150	01	600.0	gambling	True	277.49260651851364	Fp2
010	151	01	604.0	gambling	True	297.1534949501095	Fp2
010	152	01	608.0	gambling	True	118.34227334052257	T7
010	153	01	612.0	gambling	True	108.88267879293062	T7
010	154	01	616.0	gambling	True	101.87942104284181	T7
010	155	01	620.0	gambling	True	269.9963754183654	Fp2
010	156	01	624.0	gambling	True	125.38392233957661	T7
010	157	01	628.0	gambling	True	123.54829381507746	T7
010	158	01	632.0	gambling	True	96.01014305844132	T7
010	159	01	636.0	gambling	True	101.84347891071738	T7
010	160	01	640.0	gambling	True	108.99448745571615	T7
010	161	01	644.0	gambling	True	114.4150807623819	T7
010	162	01	648.0	gambling	True	115.97582219258126	T7
010	163	01	652.0	gambling	True	114.20594000542681	T7
010	164	01	656.0	gambling	True	263.7409432730849	Fp2
010	165	01	660.0	gambling	True	270.9068027089643	Fp2
010	166	01	664.0	gambling	True	138.13969372696658	AF8
010	167	01	668.0	gambling	True	134.3671680078111	T7
010	168	01	672.0	gambling	True	102.14775060618804	T7
010	169	01	676.0	gambling	True	241.82924994557578	Fp2
010	170	01	680.0	gambling	True	115.50377613386196	T7
010	171	01	684.0	gambling	True	118.03849377600378	T7
010	172	01	688.0	gambling	True	138.19324465187808	AF8
010	173	01	692.0	gambling	True	251.3689380180347	Fp2
010	174	01	696.0	gambling	True	105.85252739396756	T7
010	175	01	700.0	task_boundary	True	119.61585585735912	T7
010	176	01	704.0	outside_inferred_tasks	True	426.78726109763886	T8
010	177	01	708.0	outside_inferred_tasks	True	205.23535843797472	Fp2
010	178	01	712.0	outside_inferred_tasks	True	125.5905262979566	AF8
010	179	01	716.0	outside_inferred_tasks	True	307.6903296302509	Fp2
010	180	01	720.0	outside_inferred_tasks	True	358.37786757344327	AF7
010	181	01	724.0	outside_inferred_tasks	False		
010	182	01	728.0	outside_inferred_tasks	True	302.21056295721036	P7
010	183	02	0.0	outside_inferred_tasks	True	254.2855906216103	Fp2
010	184	02	4.0	outside_inferred_tasks	True	226.5119281121758	Fp2
010	185	02	8.0	outside_inferred_tasks	True	257.12982877741604	Fp2
010	186	02	12.0	outside_inferred_tasks	True	352.59956266772184	P7
010	187	02	16.0	outside_inferred_tasks	False		
010	188	02	20.0	outside_inferred_tasks	True	137.0971676874212	T7
010	189	02	24.0	outside_inferred_tasks	True	290.70255992170104	Fp1
010	190	02	28.0	outside_inferred_tasks	True	306.0045158696578	Fp2
010	191	02	32.0	outside_inferred_tasks	False		
010	192	02	36.0	outside_inferred_tasks	True	123.08179453439561	T7
010	193	02	40.0	outside_inferred_tasks	True	252.70603102050256	Fp2
010	194	02	44.0	outside_inferred_tasks	False		
010	195	02	48.0	outside_inferred_tasks	False		
010	196	02	52.0	task_boundary	True	166.64212753032365	T7
010	197	02	56.0	gameplay	True	167.9210964263448	P7
010	198	02	60.0	gameplay	True	153.12433582106814	T7
010	199	02	64.0	gameplay	True	130.05748327022636	T7
010	200	02	68.0	gameplay	True	133.51117278230078	T7
010	201	02	72.0	gameplay	True	114.83199659428887	Fp2
010	202	02	76.0	gameplay	True	121.69641076145996	T7
010	203	02	80.0	gameplay	True	150.33674581377167	Fp2
010	204	02	84.0	gameplay	True	182.85784104563828	AF7
010	205	02	88.0	gameplay	True	160.74862619000334	AF7
010	206	02	92.0	gameplay	True	175.25308180075154	AF7
010	207	02	96.0	gameplay	True	157.58083327136634	F7
010	208	02	100.0	gameplay	True	138.31315949620748	F7
010	209	02	104.0	gameplay	True	134.45494800067738	AF8
010	210	02	108.0	gameplay	True	130.30512585989578	F7
010	211	02	112.0	gameplay	True	148.40442246195917	AF7
010	212	02	116.0	gameplay	True	112.67909581917328	AF8
010	213	02	120.0	gameplay	True	127.99958376839331	F7
010	214	02	124.0	gameplay	True	120.48512237425093	Fp1
010	215	02	128.0	gameplay	True	162.251033325891	Fp2
010	216	02	132.0	gameplay	True	146.8055567854811	Fp2
010	217	02	136.0	gameplay	True	169.30647619518476	AF7
010	218	02	140.0	gameplay	True	317.459433436237	Fp2
010	219	02	144.0	gameplay	True	258.22399038233357	Fp2
010	220	02	148.0	gameplay	True	98.038036069584	Fp1
010	221	02	152.0	gameplay	True	128.0742757223179	AF7
010	222	02	156.0	gameplay	True	112.3787838983236	AF7
010	223	02	160.0	gameplay	True	137.3306194857152	AF7
010	224	02	164.0	gameplay	True	126.49326678561097	F7
010	225	02	168.0	gameplay	True	148.0204616761356	AF7
010	226	02	172.0	gameplay	True	125.94221093296365	AF7
010	227	02	176.0	gameplay	True	160.0966182735061	AF7
010	228	02	180.0	gameplay	True	142.0103641415249	AF7
010	229	02	184.0	gameplay	True	150.05795628925966	Fp2
010	230	02	188.0	gameplay	True	99.87515619798393	AF7
010	231	02	192.0	gameplay	True	87.94190942703739	AF7
010	232	02	196.0	gameplay	True	106.17790188879805	AF8
010	233	02	200.0	gameplay	True	201.17645219230423	Fp1
010	234	02	204.0	gameplay	True	133.27171677999445	Fp1
010	235	02	208.0	gameplay	True	150.92493003993627	F7
010	236	02	212.0	gameplay	True	179.67293520581967	AF7
010	237	02	216.0	gameplay	True	108.82356599053284	Fp2
010	238	02	220.0	gameplay	True	99.76054370502322	AF7
010	239	02	224.0	gameplay	True	133.58314503252538	AF7
010	240	02	228.0	gameplay	True	145.96033053785402	F7
010	241	02	232.0	gameplay	True	92.55759015824492	Fp1
010	242	02	236.0	gameplay	True	146.33911095676206	Fp1
010	243	02	240.0	gameplay	True	138.86612277470863	AF7
010	244	02	244.0	gameplay	True	176.5679927652807	Fp2
010	245	02	248.0	gameplay	True	238.39888667924416	Fp2
010	246	02	252.0	gameplay	True	172.10427434550974	AF7
010	247	02	256.0	gameplay	True	116.98392468129751	AF7
010	248	02	260.0	gameplay	True	103.27821335139156	AF7
010	249	02	264.0	gameplay	True	98.33256509459375	AF8
010	250	02	268.0	gameplay	True	152.69779163221884	AF8
010	251	02	272.0	gameplay	True	192.8077158473573	AF7
010	252	02	276.0	gameplay	True	108.66955540296034	AF7
010	253	02	280.0	gameplay	True	251.62361078262091	Fp2
010	254	02	284.0	gameplay	True	114.78289001932247	AF8
010	255	02	288.0	gameplay	True	96.72834745557796	AF8
010	256	02	292.0	gameplay	True	127.08198880332961	AF7
010	257	02	296.0	gameplay	True	128.48856338101072	Fp2
010	258	02	300.0	gameplay	True	114.18837706096994	AF8
010	259	02	304.0	gameplay	True	171.16657215366618	AF7
010	260	02	308.0	gameplay	True	96.7988508917837	AF7
010	261	02	312.0	gameplay	True	136.38332701538317	AF7
010	262	02	316.0	gameplay	True	131.95127079825326	F7
010	263	02	320.0	gameplay	True	214.58227883574529	Fp1
010	264	02	324.0	gameplay	True	155.40552479103258	AF7
010	265	02	328.0	gameplay	True	261.2731393133572	Fp2
010	266	02	332.0	gameplay	True	141.3883664127323	AF8
010	267	02	336.0	gameplay	True	244.21649103343393	Fp2
010	268	02	340.0	gameplay	True	99.56138582412338	AF8
010	269	02	344.0	gameplay	True	239.8866951265443	Fp2
010	270	02	348.0	gameplay	True	122.37693760821028	AF7
010	271	02	352.0	gameplay	True	164.6079630201115	Fp2
010	272	02	356.0	gameplay	True	100.93357424744966	AF8
010	273	02	360.0	gameplay	True	138.95188095734792	AF8
010	274	02	364.0	gameplay	True	140.364970876513	AF8
010	275	02	368.0	gameplay	True	233.96500344186157	Fp2
010	276	02	372.0	gameplay	True	154.28759327067223	AF7
010	277	02	376.0	gameplay	True	165.74311390839767	AF7
010	278	02	380.0	gameplay	True	160.64015171009308	AF7
010	279	02	384.0	gameplay	True	141.90581094964452	AF7
010	280	02	388.0	gameplay	True	146.1594120185641	F7
010	281	02	392.0	gameplay	True	131.30622453145466	AF7
010	282	02	396.0	gameplay	True	146.3784214306707	AF7
010	283	02	400.0	gameplay	True	281.76415205388804	AF7
010	284	02	404.0	gameplay	True	134.88262514940809	AF7
010	285	02	408.0	gameplay	True	151.3711237789659	AF8
010	286	02	412.0	gameplay	True	114.26622734148732	AF7
010	287	02	416.0	gameplay	True	211.0799860076454	FC6
010	288	02	420.0	gameplay	True	117.51758159285033	Fp2
010	289	02	424.0	gameplay	True	167.06816819881672	AF8
010	290	02	428.0	gameplay	True	157.3648373258109	AF7
010	291	02	432.0	gameplay	True	94.21899781382662	Fp2
010	292	02	436.0	gameplay	True	214.8918449316178	Fp2
010	293	02	440.0	gameplay	True	157.57720149650726	Fp2
010	294	02	444.0	gameplay	True	173.59572536722632	AF7
010	295	02	448.0	gameplay	True	216.7859569497544	Fp2
010	296	02	452.0	gameplay	True	116.06954173673643	AF8
010	297	02	456.0	gameplay	True	135.92789807515072	F7
010	298	02	460.0	gameplay	True	195.7612376192691	F7
010	299	02	464.0	gameplay	True	122.5322491496052	F7
010	300	02	468.0	gameplay	True	107.387111294297	AF8
010	301	02	472.0	gameplay	True	105.52880445461003	Fp2
010	302	02	476.0	gameplay	True	160.22542141914914	F7
010	303	02	480.0	gameplay	True	267.8065335160088	Fp2
010	304	02	484.0	gameplay	True	164.28562881226654	AF8
010	305	02	488.0	gameplay	True	114.80732682903381	Fp2
010	306	02	492.0	gameplay	True	130.5255010300046	AF8
010	307	02	496.0	gameplay	True	147.2791783326901	F7
010	308	02	500.0	gameplay	True	184.99790147266788	AF7
010	309	02	504.0	gameplay	True	214.55818108285655	Fp2
010	310	02	508.0	gameplay	True	129.39631247586271	AF7
010	311	02	512.0	gameplay	True	154.0045620964294	AF8
010	312	02	516.0	gameplay	True	170.00534007859352	Fp2
010	313	02	520.0	gameplay	True	209.03795543683486	AF7
010	314	02	524.0	gameplay	True	230.11311644072094	Fp2
010	315	02	528.0	gameplay	True	107.52619911664804	AF8
010	316	02	532.0	gameplay	True	156.39006767827433	AF8
010	317	02	536.0	gameplay	True	170.36367755453824	F7
010	318	02	540.0	gameplay	True	162.56603949593142	AF7
010	319	02	544.0	gameplay	True	241.73381742318392	Fp2
010	320	02	548.0	gameplay	True	191.89575914793645	AF7
010	321	02	552.0	gameplay	True	112.70638634783325	Fp2
010	322	02	556.0	gameplay	True	306.1611472765461	Fp2
010	323	02	560.0	gameplay	True	282.75409596680487	Fp2
010	324	02	564.0	gameplay	True	144.64105573770917	Fp1
010	325	02	568.0	gameplay	True	132.17962994913094	Fp2
010	326	02	572.0	gameplay	True	195.95932359455787	F7
010	327	02	576.0	gameplay	True	157.66237216006718	AF7
010	328	02	580.0	gameplay	True	136.9909704459364	AF7
010	329	02	584.0	gameplay	True	126.92018496619772	Fp1
010	330	02	588.0	gameplay	True	302.0631937236024	AF7
010	331	02	592.0	gameplay	True	143.40152709382082	AF7
010	332	02	596.0	gameplay	True	239.63780150858895	Fp2
010	333	02	600.0	gameplay	True	104.02076691487228	Fp2
010	334	02	604.0	gameplay	True	138.9782559856305	AF7
010	335	02	608.0	gameplay	True	113.43441372333186	Fp1
010	336	02	612.0	gameplay	True	201.11560385786086	AF7
010	337	02	616.0	gameplay	True	146.1297641037392	AF8
010	338	02	620.0	gameplay	True	125.39197517293465	Fp2
010	339	02	624.0	gameplay	True	142.33936647446964	AF8
010	340	02	628.0	gameplay	True	204.52897603000747	AF7
010	341	02	632.0	gameplay	True	128.74585686073559	AF7
010	342	02	636.0	gameplay	True	90.43765611287617	AF7
010	343	02	640.0	gameplay	True	290.44525091319224	AF7
010	344	02	644.0	gameplay	True	242.99961033324996	Fp2
010	345	02	648.0	gameplay	True	193.24513952581663	AF7
010	346	02	652.0	gameplay	True	218.03680743953677	Fp2
010	347	02	656.0	gameplay	True	98.49057741970067	Fp1
010	348	02	660.0	gameplay	True	263.835807254327	AF8
010	349	02	664.0	gameplay	True	116.29690126734359	AF7
010	350	02	668.0	gameplay	True	189.92964513662102	AF7
010	351	02	672.0	gameplay	True	154.10700178004757	TP10
010	352	02	676.0	gameplay	True	102.92351497422653	F7
010	353	02	680.0	gameplay	True	320.9800405979529	AF7
010	354	02	684.0	gameplay	True	160.93383000226748	AF7
010	355	02	688.0	gameplay	True	161.7761224790108	AF8
010	356	02	692.0	gameplay	True	146.7198598117265	Fp1
010	357	02	696.0	gameplay	True	159.21506458958183	AF7
010	358	02	700.0	gameplay	True	227.22441053166625	AF8
010	359	02	704.0	gameplay	True	140.68114814229074	AF8
010	360	02	708.0	gameplay	True	180.1606592150217	AF7
010	361	02	712.0	gameplay	True	119.22302968690687	AF7
010	362	02	716.0	gameplay	True	124.08044387838342	AF8
010	363	02	720.0	gameplay	True	149.70734354427333	F7
010	364	02	724.0	gameplay	True	120.88970529195458	F7
010	365	02	728.0	gameplay	True	182.05342056370543	AF7
010	366	02	732.0	gameplay	True	283.6200251031475	Fp2
010	367	02	736.0	gameplay	True	163.23701433377525	F7
010	368	02	740.0	gameplay	True	139.54594772686144	AF7
010	369	02	744.0	gameplay	True	125.26951946219597	AF7
010	370	02	748.0	gameplay	True	127.23175010457939	AF7
010	371	02	752.0	gameplay	True	243.84506917877818	AF7
010	372	02	756.0	gameplay	False		
010	373	02	760.0	gameplay	True	266.60961853727565	Fp1
010	374	02	764.0	gameplay	True	108.33177141830613	AF7
010	375	02	768.0	gameplay	True	140.58550222320827	AF7
010	376	02	772.0	gameplay	True	165.26876038357113	AF7
010	377	02	776.0	gameplay	True	289.6101677358882	Fp1
010	378	02	780.0	gameplay	True	235.32627073262722	AF7
010	379	02	784.0	gameplay	True	142.37065091830655	Fp2
010	380	02	788.0	gameplay	True	131.2297702622584	AF7
010	381	02	792.0	gameplay	True	86.71328721216626	Fp2
010	382	02	796.0	gameplay	True	120.49888961862871	Fp1
010	383	02	800.0	gameplay	True	163.49300321104604	F7
010	384	02	804.0	gameplay	True	116.69124567565484	Fp2
010	385	02	808.0	gameplay	True	161.92245416025997	AF8
010	386	02	812.0	gameplay	True	241.05759020714416	Fp2
010	387	02	816.0	gameplay	True	123.80228397329893	AF7
010	388	02	820.0	gameplay	True	114.46404629405873	AF7
010	389	02	824.0	gameplay	True	131.65804263515142	F7
010	390	02	828.0	gameplay	True	232.41262360866918	Fp2
010	391	02	832.0	gameplay	True	125.26664703276997	AF7
010	392	02	836.0	gameplay	True	95.68873963897384	Fp2
010	393	02	840.0	gameplay	True	89.36223206849309	AF7
010	394	02	844.0	gameplay	True	172.94036803145727	AF8
010	395	02	848.0	gameplay	True	164.9856105214763	Fp1
010	396	02	852.0	gameplay	True	108.83853881571929	Fp2
010	397	02	856.0	gameplay	True	96.3381841787402	T7
010	398	02	860.0	gameplay	True	122.89256256457027	AF8
010	399	02	864.0	gameplay	True	119.60410652399726	Fp2
010	400	02	868.0	gameplay	True	147.60246988715744	F7
010	401	02	872.0	gameplay	True	85.30535476345479	Fp2
010	402	02	876.0	gameplay	True	185.2876122764608	AF7
010	403	02	880.0	gameplay	True	274.1741097485212	AF7
010	404	02	884.0	gameplay	True	161.71992456895262	AF7
010	405	02	888.0	gameplay	True	117.39295928698459	F7
010	406	02	892.0	gameplay	True	139.02971985556604	AF7
010	407	02	896.0	gameplay	True	168.202704870642	AF7
010	408	02	900.0	gameplay	True	288.0966483573982	AF7
010	409	02	904.0	gameplay	True	135.84032031728103	AF8
010	410	02	908.0	gameplay	True	202.10003628238098	F7
010	411	02	912.0	gameplay	True	174.71969546962745	Fp2
010	412	02	916.0	gameplay	True	89.27484478838198	Fp2
010	413	02	920.0	gameplay	True	242.09344421299167	AF7
010	414	02	924.0	gameplay	True	134.7633739096052	AF7
010	415	02	928.0	gameplay	True	109.98051028545731	T7
010	416	02	932.0	gameplay	True	105.59299441530287	AF7
010	417	02	936.0	gameplay	True	101.90538381069186	F7
010	418	02	940.0	gameplay	True	163.68515738626624	AF8
010	419	02	944.0	gameplay	True	92.87200715538405	Fp2
010	420	02	948.0	gameplay	True	230.2126878293348	Fp2
010	421	02	952.0	gameplay	True	270.24265946798954	Fp1
010	422	02	956.0	gameplay	True	106.96060151199234	AF8
010	423	02	960.0	gameplay	True	121.28016637115894	AF7
010	424	02	964.0	gameplay	True	117.31431158614299	AF8
010	425	02	968.0	gameplay	True	144.58715779219145	AF7
010	426	02	972.0	gameplay	True	142.81507439800117	AF7
010	427	02	976.0	gameplay	True	193.74324756314908	AF7
010	428	02	980.0	gameplay	True	136.11160623154512	AF8
010	429	02	984.0	gameplay	True	243.12137552027792	AF7
010	430	02	988.0	gameplay	True	92.41217410790617	Fp1
010	431	02	992.0	gameplay	True	108.41338692647152	Fp1
010	432	02	996.0	gameplay	True	103.41194882803212	AF7
010	433	02	1000.0	gameplay	True	136.64526708575593	AF8
010	434	02	1004.0	gameplay	True	147.3413464768141	F7
010	435	02	1008.0	gameplay	True	166.03390459591	AF7
010	436	02	1012.0	gameplay	True	187.3589242298385	AF7
010	437	02	1016.0	gameplay	True	113.73325698384578	AF7
010	438	02	1020.0	gameplay	True	135.0569722973778	AF7
010	439	02	1024.0	gameplay	True	286.11350913699044	Fp2
010	440	02	1028.0	gameplay	True	161.6133950776968	AF7
010	441	02	1032.0	gameplay	True	95.078670248886	Fp1
010	442	02	1036.0	gameplay	True	102.62749830350081	AF8
010	443	02	1040.0	gameplay	True	135.4370571291936	F7
010	444	02	1044.0	gameplay	True	135.2349849572929	AF8
010	445	02	1048.0	gameplay	True	116.16308945796754	Fp2
010	446	02	1052.0	gameplay	True	142.70617618132894	AF7
010	447	02	1056.0	gameplay	True	117.76529664266816	AF7
010	448	02	1060.0	gameplay	True	155.5178294023241	AF8
010	449	02	1064.0	gameplay	True	86.14322821266238	AF8
010	450	02	1068.0	gameplay	True	264.8926917083802	AF7
010	451	02	1072.0	gameplay	True	97.97151544458835	AF8
010	452	02	1076.0	gameplay	True	87.87358821573936	Fp2
010	453	02	1080.0	gameplay	True	190.26685289637234	Fp2
010	454	02	1084.0	gameplay	True	137.5011556067564	AF7
010	455	02	1088.0	gameplay	True	106.52062197761998	Fp2
010	456	02	1092.0	gameplay	True	270.46760467153985	Fp1
010	457	02	1096.0	gameplay	True	186.2192225295961	AF8
010	458	02	1100.0	gameplay	True	290.26518934624954	Fp2
010	459	02	1104.0	gameplay	True	250.3762161587214	AF8
010	460	02	1108.0	gameplay	True	186.2918621075678	AF7
010	461	02	1112.0	gameplay	True	219.31341107851432	Fp2
010	462	02	1116.0	gameplay	True	247.00344799988972	AF7
010	463	02	1120.0	gameplay	True	116.51681867644253	F7
010	464	02	1124.0	gameplay	True	106.78202031675193	F7
010	465	02	1128.0	gameplay	True	97.06296136949724	Fp2
010	466	02	1132.0	gameplay	True	186.5628886522207	AF7
010	467	02	1136.0	gameplay	True	240.31311726589576	Fp2
010	468	02	1140.0	gameplay	True	111.84097630147403	F7
010	469	02	1144.0	gameplay	True	107.86556985078084	AF8
010	470	02	1148.0	gameplay	True	148.21707499970617	AF7
010	471	02	1152.0	gameplay	True	141.42613561152766	AF8
010	472	02	1156.0	gameplay	True	119.08421282372244	AF8
010	473	02	1160.0	gameplay	True	235.05007133573798	Fp2
010	474	02	1164.0	gameplay	True	119.84712183119855	Fp1
010	475	02	1168.0	gameplay	True	257.7901223458625	AF8
010	476	02	1172.0	gameplay	True	87.76306516054821	AF7
010	477	02	1176.0	gameplay	True	248.67183623086797	Fp2
010	478	02	1180.0	gameplay	True	130.99521596279544	AF7
010	479	02	1184.0	gameplay	True	105.71471388462226	AF8
010	480	02	1188.0	gameplay	True	122.63437624576353	AF7
010	481	02	1192.0	gameplay	True	108.43848385250718	AF8
010	482	02	1196.0	gameplay	True	83.07189163571886	T7
010	483	02	1200.0	gameplay	True	106.03326009856507	Fp2
010	484	02	1204.0	gameplay	True	93.5189246006072	AF8
010	485	02	1208.0	gameplay	True	115.06784796152546	Fp1
010	486	02	1212.0	gameplay	True	272.07612552382005	AF7
010	487	02	1216.0	gameplay	True	105.23657964824483	Fp2
010	488	02	1220.0	gameplay	True	83.88677569705014	T7
010	489	02	1224.0	gameplay	True	266.56758832613934	Fp2
010	490	02	1228.0	gameplay	True	243.2791852940787	Fp2
010	491	02	1232.0	gameplay	True	88.4996449328431	AF8
010	492	02	1236.0	gameplay	True	118.35407219109352	AF7
010	493	02	1240.0	gameplay	True	127.10749377362653	F7
010	494	02	1244.0	gameplay	True	100.90166060861704	AF8
010	495	02	1248.0	gameplay	True	191.35828345195196	AF8
010	496	02	1252.0	gameplay	True	110.62899367847996	AF8
010	497	02	1256.0	gameplay	True	258.2381740315292	Fp2
010	498	02	1260.0	gameplay	True	272.63243803874724	Fp2
010	499	02	1264.0	gameplay	True	105.79160281205625	AF7
010	500	02	1268.0	gameplay	True	265.94375576462835	Fp2
010	501	02	1272.0	gameplay	True	234.7780985467738	Fp2
010	502	02	1276.0	gameplay	True	130.3794169388803	AF7
010	503	02	1280.0	gameplay	True	238.02858676754465	Fp2
010	504	02	1284.0	gameplay	True	110.75274257238665	Fp2
010	505	02	1288.0	gameplay	True	112.14903608080076	AF7
010	506	02	1292.0	gameplay	True	138.77473029805896	AF7
010	507	02	1296.0	gameplay	True	102.57346317907611	T7
010	508	02	1300.0	gameplay	True	116.18915915388914	Fp2
010	509	02	1304.0	gameplay	True	135.88910630616797	Fp2
010	510	02	1308.0	gameplay	True	130.86981543716558	AF7
010	511	02	1312.0	gameplay	True	243.86138100447792	Fp2
010	512	02	1316.0	gameplay	True	122.63846936488868	Fp2
010	513	02	1320.0	gameplay	True	113.27540570309843	AF8
010	514	02	1324.0	gameplay	True	134.27580602838358	F7
010	515	02	1328.0	gameplay	False		
010	516	02	1332.0	gameplay	True	218.46169979091448	Fp2
010	517	02	1336.0	gameplay	True	264.8784628019929	Fp2
010	518	02	1340.0	gameplay	True	113.63162964512908	F7
010	519	02	1344.0	gameplay	True	269.628356358575	Fp2
010	520	02	1348.0	gameplay	True	140.21166206301123	Fp1
010	521	02	1352.0	gameplay	True	139.0343279989711	AF8
010	522	02	1356.0	gameplay	True	128.20318210066281	AF8
010	523	02	1360.0	gameplay	True	84.07377790838714	AF8
010	524	02	1364.0	gameplay	True	116.47613117730259	AF7
010	525	02	1368.0	gameplay	True	133.46068910672514	AF8
010	526	02	1372.0	gameplay	True	233.08434238130707	Fp1
010	527	02	1376.0	gameplay	True	94.9286877897763	AF8
010	528	02	1380.0	gameplay	True	118.68479884690731	AF8
010	529	02	1384.0	gameplay	True	113.43254441952661	AF7
010	530	02	1388.0	gameplay	True	128.80821206008164	AF7
010	531	02	1392.0	gameplay	True	128.72077897711256	AF7
010	532	02	1396.0	gameplay	True	106.11384183950304	Fp2
010	533	02	1400.0	gameplay	True	99.7095219375049	AF8
010	534	02	1404.0	gameplay	True	76.09741194917858	AF8
010	535	02	1408.0	gameplay	True	153.98798346999232	AF8
010	536	02	1412.0	gameplay	True	153.42326685060388	F7
010	537	02	1416.0	gameplay	True	262.72325070405975	Fp2
010	538	02	1420.0	gameplay	True	126.56681411544503	AF7
010	539	02	1424.0	gameplay	True	134.01821091876315	F7
010	540	02	1428.0	gameplay	True	114.94117708133598	AF7
010	541	02	1432.0	gameplay	True	205.37607504279623	Fp2
010	542	02	1436.0	gameplay	True	237.4899591346954	AF7
010	543	02	1440.0	gameplay	True	113.46829957309306	F7
010	544	02	1444.0	gameplay	True	215.53562116701087	Fp2
010	545	02	1448.0	gameplay	True	253.500449052419	Fp2
010	546	02	1452.0	gameplay	True	112.74309133272193	AF8
010	547	02	1456.0	gameplay	True	120.93493988237262	AF8
010	548	02	1460.0	gameplay	True	116.4511334985882	AF8
010	549	02	1464.0	gameplay	True	105.52960554700608	AF8
010	550	02	1468.0	gameplay	True	96.1000229267369	AF8
010	551	02	1472.0	gameplay	True	254.13066038047728	AF7
010	552	02	1476.0	gameplay	True	169.81012693955614	AF7
010	553	02	1480.0	gameplay	True	132.21058821750418	AF8
010	554	02	1484.0	gameplay	True	223.48499600245134	Fp2
010	555	02	1488.0	gameplay	True	139.53245509406085	AF7
010	556	02	1492.0	gameplay	True	166.06504781127188	AF7
010	557	02	1496.0	gameplay	True	150.5998799541756	AF7
010	558	02	1500.0	gameplay	True	154.8102794723629	AF7
010	559	02	1504.0	gameplay	True	252.6899257715515	AF7
010	560	02	1508.0	gameplay	True	532.1931442361035	TP9
010	561	02	1512.0	gameplay	True	222.5708536723796	Fp2
010	562	02	1516.0	gameplay	True	153.22517350864223	AF7
010	563	02	1520.0	gameplay	True	246.200461803679	Fp2
010	564	02	1524.0	gameplay	True	159.43696566591177	AF7
010	565	02	1528.0	gameplay	True	236.62818058382808	Fp2
010	566	02	1532.0	gameplay	True	150.4994198009423	AF7
010	567	02	1536.0	gameplay	True	260.1408000761494	Fp2
010	568	02	1540.0	gameplay	True	264.24679505336525	Fp2
010	569	02	1544.0	gameplay	True	134.34659553802723	AF7
010	570	02	1548.0	gameplay	True	99.94373295684869	AF7
010	571	02	1552.0	gameplay	True	102.3917729842847	AF7
010	572	02	1556.0	gameplay	True	178.62985567092153	TP9
010	573	02	1560.0	gameplay	True	100.28004803971618	AF7
010	574	02	1564.0	gameplay	True	207.1463426452909	Fp2
010	575	02	1568.0	gameplay	True	105.7537915224477	AF7
010	576	02	1572.0	gameplay	True	100.32697648654457	AF7
010	577	02	1576.0	gameplay	True	129.39482075231388	AF8
010	578	02	1580.0	gameplay	True	135.66240649360432	AF8
010	579	02	1584.0	gameplay	True	153.73310042397475	AF7
010	580	02	1588.0	gameplay	True	115.39783454466601	AF8
010	581	02	1592.0	gameplay	True	233.18292171116184	Fp2
010	582	02	1596.0	gameplay	True	121.44189045443798	AF7
010	583	02	1600.0	gameplay	True	105.02555052910628	AF8
010	584	02	1604.0	gameplay	True	104.68133134639649	AF7
010	585	02	1608.0	gameplay	True	127.77967817538294	F7
010	586	02	1612.0	gameplay	True	116.41308567199792	Fp2
010	587	02	1616.0	gameplay	True	133.43238030248702	Fp1
010	588	02	1620.0	gameplay	True	136.82000323314986	AF7
010	589	02	1624.0	gameplay	True	88.80122731131874	AF8
010	590	02	1628.0	gameplay	True	163.53212690496053	Fp1
010	591	02	1632.0	gameplay	True	298.294639231645	Fp1
010	592	02	1636.0	gameplay	True	221.08752756472185	Fp2
010	593	02	1640.0	gameplay	True	103.30082677821184	AF7
010	594	02	1644.0	gameplay	True	153.50430620318525	AF7
010	595	02	1648.0	gameplay	True	151.4491419606228	AF8
010	596	02	1652.0	gameplay	True	163.71250110367484	AF8
010	597	02	1656.0	gameplay	True	114.78321065570816	AF7
010	598	02	1660.0	gameplay	True	107.36221286979266	Fp1
010	599	02	1664.0	gameplay	True	218.2061647725007	Fp2
010	600	02	1668.0	gameplay	True	153.79772140447923	AF7
010	601	02	1672.0	gameplay	False		
010	602	02	1676.0	gameplay	False		
010	603	02	1680.0	gameplay	True	131.22938118702743	AF8
010	604	02	1684.0	gameplay	True	135.55174974930495	AF7
010	605	02	1688.0	gameplay	True	328.41704498736925	Fp2
010	606	02	1692.0	gameplay	True	288.9226903482439	Fp2
010	607	02	1696.0	gameplay	True	154.1326900858347	F7
010	608	02	1700.0	gameplay	True	111.43326522398706	AF8
010	609	02	1704.0	gameplay	True	127.4026373448741	Fp2
010	610	02	1708.0	gameplay	True	112.9184718495495	AF7
010	611	02	1712.0	gameplay	True	116.46250516645547	AF7
010	612	02	1716.0	gameplay	True	94.49829076403081	AF8
010	613	02	1720.0	gameplay	True	245.26873743319408	Fp1
010	614	02	1724.0	gameplay	True	212.7930866274284	Fp1
010	615	02	1728.0	gameplay	True	152.48540455051415	Fp2
010	616	02	1732.0	gameplay	True	111.46696435226485	AF8
010	617	02	1736.0	gameplay	True	252.55800553638684	Fp2
010	618	02	1740.0	gameplay	True	121.62294732690762	AF7
010	619	02	1744.0	gameplay	True	94.53459524615366	AF8
010	620	02	1748.0	gameplay	True	126.58916829354878	AF8
010	621	02	1752.0	gameplay	True	134.88778270796772	F7
010	622	02	1756.0	gameplay	True	156.06413219611855	Fp1
010	623	02	1760.0	gameplay	True	264.0424951649674	AF7
010	624	02	1764.0	gameplay	True	248.36679765271165	Fp1
010	625	02	1768.0	gameplay	True	255.57424077578943	AF7
010	626	02	1772.0	gameplay	True	200.34281101952405	Fp2
010	627	02	1776.0	gameplay	True	95.07825069279764	AF7
010	628	02	1780.0	gameplay	True	123.56929365592399	Fp2
010	629	02	1784.0	gameplay	True	163.7715525607861	Fp2
010	630	02	1788.0	gameplay	True	160.09713707534863	Fp2
010	631	02	1792.0	gameplay	True	230.5187944482171	Fp2
010	632	02	1796.0	gameplay	True	272.45358981871993	Fp2
010	633	02	1800.0	gameplay	True	140.0178256068924	AF8
010	634	02	1804.0	gameplay	True	243.24256084553127	Fp2
010	635	02	1808.0	gameplay	True	135.1696849411339	Fp2
010	636	02	1812.0	gameplay	True	127.52708400543146	AF7
010	637	02	1816.0	gameplay	True	96.043281314109	Fp2
010	638	02	1820.0	gameplay	True	115.95727510164546	AF8
010	639	02	1824.0	gameplay	True	275.9473523049248	Fp2
010	640	02	1828.0	gameplay	True	99.55369545083727	Fp2
010	641	02	1832.0	gameplay	True	302.0929099073876	Fp2
010	642	02	1836.0	gameplay	True	112.11624119128872	AF8
010	643	02	1840.0	gameplay	True	230.95548183357627	Fp2
010	644	02	1844.0	gameplay	True	101.6845204233147	AF8
010	645	02	1848.0	gameplay	True	251.86689683015757	Fp2
010	646	02	1852.0	gameplay	True	249.61441360190202	Fp2
010	647	02	1856.0	gameplay	True	85.73636221148261	AF8
010	648	02	1860.0	gameplay	True	153.64512582831514	AF7
010	649	02	1864.0	gameplay	True	146.60163832730905	AF7
010	650	02	1868.0	gameplay	True	139.90165678628037	AF8
010	651	02	1872.0	gameplay	True	197.8531487219989	AF7
010	652	02	1876.0	gameplay	True	240.69928697146588	Fp2
010	653	02	1880.0	gameplay	True	92.84765603888006	AF8
010	654	02	1884.0	gameplay	True	111.82749904072898	AF7
010	655	02	1888.0	gameplay	True	249.33642885978023	Fp2
011	0	01	0.0	outside_inferred_tasks	True	186.800895142007	AF7
011	1	01	4.0	outside_inferred_tasks	True	195.82207791392287	AF7
011	2	01	8.0	outside_inferred_tasks	True	254.09595030543892	Fp2
011	3	01	12.0	outside_inferred_tasks	True	256.1287378008557	Fp2
011	4	01	16.0	outside_inferred_tasks	False		
011	5	01	20.0	outside_inferred_tasks	False		
011	6	01	24.0	outside_inferred_tasks	False		
011	7	01	28.0	task_boundary	False		
011	8	01	32.0	oddball	False		
011	9	01	36.0	oddball	True	282.1869459891206	Fp2
011	10	01	40.0	oddball	True	182.47088581371986	Fp2
011	11	01	44.0	oddball	False		
011	12	01	48.0	oddball	True	277.93437506097007	Fp2
011	13	01	52.0	oddball	False		
011	14	01	56.0	oddball	False		
011	15	01	60.0	oddball	True	293.34256650143186	Fp2
011	16	01	64.0	oddball	False		
011	17	01	68.0	oddball	True	247.97131675864034	Fp2
011	18	01	72.0	oddball	True	278.712451189713	Fp2
011	19	01	76.0	oddball	True	248.25783828097133	Fp1
011	20	01	80.0	oddball	True	59.50415593006206	Fp1
011	21	01	84.0	oddball	True	69.989280537616	F7
011	22	01	88.0	oddball	True	65.19137559700039	Fp2
011	23	01	92.0	oddball	False		
011	24	01	96.0	oddball	True	60.68736066652403	AF7
011	25	01	100.0	oddball	True	119.2957265572655	Fp2
011	26	01	104.0	oddball	False		
011	27	01	108.0	oddball	True	263.99445697954604	Fp2
011	28	01	112.0	oddball	True	235.88379979088612	Fp1
011	29	01	116.0	oddball	True	202.28724623100706	Fp1
011	30	01	120.0	oddball	True	217.0328362761951	Fp2
011	31	01	124.0	oddball	True	271.85574660371213	Fp2
011	32	01	128.0	oddball	True	209.9777139094271	Fp2
011	33	01	132.0	oddball	True	211.36111790399212	Fp1
011	34	01	136.0	oddball	True	196.00268509343599	Fp1
011	35	01	140.0	oddball	True	256.93410376965426	Fp2
011	36	01	144.0	oddball	True	219.3902697807771	Fp2
011	37	01	148.0	oddball	False		
011	38	01	152.0	oddball	True	199.87097123037293	Fp2
011	39	01	156.0	oddball	True	90.65617732015407	Fp2
011	40	01	160.0	oddball	True	335.7119896417017	Fp2
011	41	01	164.0	oddball	True	214.88185833872262	Fp2
011	42	01	168.0	oddball	True	196.7008278070084	Fp2
011	43	01	172.0	oddball	True	255.6715462877483	Fp2
011	44	01	176.0	oddball	True	246.00021297695238	Fp2
011	45	01	180.0	oddball	True	246.5882030313703	Fp2
011	46	01	184.0	oddball	True	246.17394963035684	Fp1
011	47	01	188.0	oddball	True	269.404944361234	Fp2
011	48	01	192.0	oddball	True	223.99555909376264	Fp2
011	49	01	196.0	oddball	True	226.31003137862237	Fp2
011	50	01	200.0	oddball	True	218.61310141953277	Fp2
011	51	01	204.0	oddball	False		
011	52	01	208.0	oddball	True	77.48553450820039	Fp2
011	53	01	212.0	oddball	False		
011	54	01	216.0	oddball	True	208.24967154714395	Fp2
011	55	01	220.0	oddball	True	235.91822395855698	Fp2
011	56	01	224.0	oddball	True	214.0467065351783	Fp2
011	57	01	228.0	oddball	True	194.69765022187144	Fp1
011	58	01	232.0	oddball	True	264.20072857578316	AF8
011	59	01	236.0	oddball	True	151.86243394147158	AF8
011	60	01	240.0	oddball	False		
011	61	01	244.0	oddball	True	235.84059098069946	Fp2
011	62	01	248.0	oddball	True	174.59409284500902	Fp1
011	63	01	252.0	oddball	True	194.27553872670248	Fp1
011	64	01	256.0	oddball	True	232.91897541956536	Fp2
011	65	01	260.0	oddball	True	213.74672255242368	Fp2
011	66	01	264.0	oddball	True	234.93011060169303	Fp1
011	67	01	268.0	oddball	True	185.84189534293805	Fp1
011	68	01	272.0	oddball	True	264.32482843951027	Fp2
011	69	01	276.0	oddball	True	188.70706130376666	AF7
011	70	01	280.0	oddball	True	243.73640397644874	Fp2
011	71	01	284.0	oddball	True	284.1903067591252	Fp2
011	72	01	288.0	oddball	True	81.45784929759672	AF7
011	73	01	292.0	oddball	True	152.33516652633807	Fp1
011	74	01	296.0	oddball	True	123.93323867113689	Fp1
011	75	01	300.0	oddball	True	325.7749397770742	Fp2
011	76	01	304.0	oddball	True	123.35597582461013	Fp2
011	77	01	308.0	oddball	True	222.48252395652497	Fp1
011	78	01	312.0	oddball	True	150.0590510897268	Fp2
011	79	01	316.0	oddball	True	128.08620434171075	Fp1
011	80	01	320.0	oddball	True	204.79355955749358	Fp2
011	81	01	324.0	oddball	True	194.44957300646053	Fp1
011	82	01	328.0	oddball	True	192.09946780352834	Fp1
011	83	01	332.0	oddball	True	79.80365730184019	AF8
011	84	01	336.0	oddball	True	225.40819498206815	Fp2
011	85	01	340.0	oddball	True	210.51134816585105	Fp2
011	86	01	344.0	oddball	True	191.21362259138368	Fp2
011	87	01	348.0	oddball	True	159.2923045990885	Fp2
011	88	01	352.0	oddball	True	118.94004042547792	Fp2
011	89	01	356.0	oddball	True	195.56204545499105	Fp2
011	90	01	360.0	oddball	True	260.81391469319806	Fp2
011	91	01	364.0	oddball	True	162.42445340046962	Fp1
011	92	01	368.0	oddball	True	122.31915648546962	Fp2
011	93	01	372.0	oddball	True	147.93204087904454	Fp1
011	94	01	376.0	oddball	True	126.95209096117368	AF8
011	95	01	380.0	oddball	True	131.84005712719036	Fp1
011	96	01	384.0	oddball	True	189.25287957719775	Fp1
011	97	01	388.0	oddball	True	237.41506905946207	Fp2
011	98	01	392.0	oddball	False		
011	99	01	396.0	oddball	True	155.6065135296287	AF7
011	100	01	400.0	oddball	True	171.51879829039473	Fp1
011	101	01	404.0	oddball	True	242.84747626148933	Fp2
011	102	01	408.0	oddball	True	230.40093548135698	Fp2
011	103	01	412.0	oddball	True	131.5173908939997	Fp2
011	104	01	416.0	oddball	True	224.76068830115346	Fp2
011	105	01	420.0	oddball	True	209.09970409554884	Fp2
011	106	01	424.0	oddball	True	184.35214177105104	Fp1
011	107	01	428.0	oddball	True	227.87615161831542	Fp2
011	108	01	432.0	task_boundary	True	242.21337056253276	Fp2
011	109	01	436.0	outside_inferred_tasks	True	245.44742509125763	Fp1
011	110	01	440.0	outside_inferred_tasks	False		
011	111	01	444.0	outside_inferred_tasks	True	214.41307779151558	AF7
011	112	01	448.0	outside_inferred_tasks	False		
011	113	01	452.0	outside_inferred_tasks	True	221.47215617057512	Fp2
011	114	01	456.0	outside_inferred_tasks	True	212.7102578609739	Fp1
011	115	01	460.0	outside_inferred_tasks	False		
011	116	01	464.0	outside_inferred_tasks	False		
011	117	01	468.0	outside_inferred_tasks	True	303.6596404401027	Fp2
011	118	01	472.0	outside_inferred_tasks	False		
011	119	01	476.0	outside_inferred_tasks	True	93.62087226826034	AF7
011	120	01	480.0	outside_inferred_tasks	True	255.07977960026972	Fp2
011	121	01	484.0	outside_inferred_tasks	False		
011	122	01	488.0	outside_inferred_tasks	False		
011	123	01	492.0	outside_inferred_tasks	True	90.46281407197178	AF7
011	124	01	496.0	outside_inferred_tasks	True	254.9885092617563	Oz
011	125	01	500.0	outside_inferred_tasks	False		
011	126	01	504.0	task_boundary	True	261.2396462242726	Fp2
011	127	01	508.0	gambling	True	247.38853743343032	Fp2
011	128	01	512.0	gambling	True	133.2405886049429	AF7
011	129	01	516.0	gambling	True	233.351806025202	Fp2
011	130	01	520.0	gambling	False		
011	131	01	524.0	gambling	True	111.67473583141482	FC5
011	132	01	528.0	gambling	True	104.36158737167487	Fp2
011	133	01	532.0	gambling	True	80.51408751154462	Fp2
011	134	01	536.0	gambling	True	100.78408407508408	AF8
011	135	01	540.0	gambling	True	157.59460035423422	Fp1
011	136	01	544.0	gambling	True	79.95411279639252	AF8
011	137	01	548.0	gambling	True	218.37857750953782	Fp2
011	138	01	552.0	gambling	True	232.49135908077352	Fp2
011	139	01	556.0	gambling	True	217.15386136133884	Fp2
011	140	01	560.0	gambling	True	170.77800494856857	Fp1
011	141	01	564.0	gambling	True	221.3080782727862	Fp2
011	142	01	568.0	gambling	True	202.40748939489328	Fp2
011	143	01	572.0	gambling	True	136.390761923628	Fp2
011	144	01	576.0	gambling	True	182.35326326779665	Fp1
011	145	01	580.0	gambling	True	63.33579238008104	O1
011	146	01	584.0	gambling	True	186.79150744466924	Fp1
011	147	01	588.0	gambling	True	177.85377058413832	Fp2
011	148	01	592.0	gambling	True	241.4577019786047	Fp2
011	149	01	596.0	gambling	True	183.55496147226424	Fp1
011	150	01	600.0	gambling	True	234.18065576709776	Fp2
011	151	01	604.0	gambling	True	212.95553138275588	Fp2
011	152	01	608.0	gambling	True	232.7690504307224	Fp2
011	153	01	612.0	gambling	True	229.0552821326635	Fp2
011	154	01	616.0	gambling	True	215.6007684090959	Fp2
011	155	01	620.0	gambling	True	258.3444130769066	Fp2
011	156	01	624.0	gambling	True	219.34874304857857	Fp1
011	157	01	628.0	gambling	True	189.4904973035249	Fp2
011	158	01	632.0	gambling	True	88.37614420272047	Fp2
011	159	01	636.0	gambling	True	215.82686942777121	Fp2
011	160	01	640.0	gambling	True	182.9660869874602	Fp2
011	161	01	644.0	gambling	True	71.80962732539064	FT9
011	162	01	648.0	gambling	True	168.33339644280065	Fp2
011	163	01	652.0	gambling	True	192.39212349075794	Fp2
011	164	01	656.0	gambling	True	202.62860078349632	AF7
011	165	01	660.0	gambling	True	204.73730424130534	Fp2
011	166	01	664.0	gambling	True	244.04899541290993	Fp2
011	167	01	668.0	task_boundary	True	109.25468787044582	AF7
011	168	01	672.0	outside_inferred_tasks	False		
011	169	01	676.0	outside_inferred_tasks	False		
011	170	01	680.0	outside_inferred_tasks	False		
011	171	01	684.0	outside_inferred_tasks	False		
011	172	02	0.0	outside_inferred_tasks	True	235.73438200214696	AF7
011	173	02	4.0	outside_inferred_tasks	True	158.6526105297865	AF7
011	174	02	8.0	outside_inferred_tasks	True	222.96078456538064	AF7
011	175	02	12.0	outside_inferred_tasks	False		
011	176	02	16.0	outside_inferred_tasks	True	133.7096630576961	AF7
011	177	02	20.0	outside_inferred_tasks	True	138.91149859751934	AF8
011	178	02	24.0	outside_inferred_tasks	False		
011	179	02	28.0	outside_inferred_tasks	True	80.62749453305709	AF7
011	180	02	32.0	outside_inferred_tasks	True	185.4256815955332	AF8
011	181	02	36.0	outside_inferred_tasks	True	210.92629552075874	Fp2
011	182	02	40.0	outside_inferred_tasks	True	201.17482711827842	AF8
011	183	02	44.0	outside_inferred_tasks	True	221.11722499652012	Fp2
011	184	02	48.0	outside_inferred_tasks	True	691.8028547433818	FT8
011	185	02	52.0	outside_inferred_tasks	True	230.98347798367544	Fp2
011	186	02	56.0	outside_inferred_tasks	True	160.59136176567344	Fp2
011	187	02	60.0	outside_inferred_tasks	True	232.92180938515583	Fp2
011	188	02	64.0	outside_inferred_tasks	True	184.21404594069043	AF8
011	189	02	68.0	outside_inferred_tasks	True	270.386344169424	Fp2
011	190	02	72.0	outside_inferred_tasks	True	223.94933647858696	Fp2
011	191	02	76.0	outside_inferred_tasks	False		
011	192	02	80.0	outside_inferred_tasks	True	164.14214289633895	Fp1
011	193	02	84.0	task_boundary	False		
011	194	02	88.0	gameplay	True	147.68856774488222	AF7
011	195	02	92.0	gameplay	True	88.61641666195622	Fp2
011	196	02	96.0	gameplay	True	120.08335079848186	AF7
011	197	02	100.0	gameplay	True	127.93930404785941	AF7
011	198	02	104.0	gameplay	True	219.0336754760025	AF8
011	199	02	108.0	gameplay	True	121.51053216177276	Fp2
011	200	02	112.0	gameplay	True	132.22985439828793	FT9
011	201	02	116.0	gameplay	True	132.65703559550263	Fp2
011	202	02	120.0	gameplay	True	82.0662496433994	AF7
011	203	02	124.0	gameplay	True	139.01873738616396	AF7
011	204	02	128.0	gameplay	True	91.76301937959039	F7
011	205	02	132.0	gameplay	True	61.38362103886868	AF7
011	206	02	136.0	gameplay	True	163.24418977562556	Fp2
011	207	02	140.0	gameplay	True	78.39636392924346	Fp2
011	208	02	144.0	gameplay	True	248.27655692577434	AF7
011	209	02	148.0	gameplay	True	196.56840458947673	AF7
011	210	02	152.0	gameplay	True	79.2317159632893	AF8
011	211	02	156.0	gameplay	True	144.9424416544253	Fp1
011	212	02	160.0	gameplay	True	87.4220578152947	Fp2
011	213	02	164.0	gameplay	True	213.19422854578758	Fp2
011	214	02	168.0	gameplay	True	212.53275240693154	Fp2
011	215	02	172.0	gameplay	True	191.86763716910815	Fp2
011	216	02	176.0	gameplay	True	119.0064464701036	AF7
011	217	02	180.0	gameplay	True	99.44541909091322	AF7
011	218	02	184.0	gameplay	False		
011	219	02	188.0	gameplay	True	192.0518759024693	Fp1
011	220	02	192.0	gameplay	True	158.27463116933603	AF7
011	221	02	196.0	gameplay	True	70.02393325860216	AF7
011	222	02	200.0	gameplay	True	134.75197952226586	Fp1
011	223	02	204.0	gameplay	True	150.37612120767778	AF8
011	224	02	208.0	gameplay	True	220.99562045446876	Fp2
011	225	02	212.0	gameplay	True	101.34015238902448	AF7
011	226	02	216.0	gameplay	True	146.3466792836617	AF8
011	227	02	220.0	gameplay	True	215.9925072260865	Fp2
011	228	02	224.0	gameplay	True	108.51569716082132	Fp1
011	229	02	228.0	gameplay	True	84.10757046450794	AF8
011	230	02	232.0	gameplay	True	61.9178541805363	AF8
011	231	02	236.0	gameplay	True	193.562137166585	Fp2
011	232	02	240.0	gameplay	True	199.16698773448636	Fp2
011	233	02	244.0	gameplay	True	122.48160518872601	Fp2
011	234	02	248.0	gameplay	True	166.57815517883887	AF7
011	235	02	252.0	gameplay	True	264.2016403120419	Fp1
011	236	02	256.0	gameplay	True	170.81129036154803	Fp1
011	237	02	260.0	gameplay	True	123.84591649295014	Fp2
011	238	02	264.0	gameplay	True	81.34528713883614	AF8
011	239	02	268.0	gameplay	True	161.51454522281549	Fp2
011	240	02	272.0	gameplay	True	262.7397225752981	Fp2
011	241	02	276.0	gameplay	True	90.86682113162601	AF8
011	242	02	280.0	gameplay	True	178.8041872716984	Fp2
011	243	02	284.0	gameplay	True	154.61074769659086	AF7
011	244	02	288.0	gameplay	True	249.88985418129406	Fp2
011	245	02	292.0	gameplay	True	109.6050831231838	AF7
011	246	02	296.0	gameplay	True	246.40860273013587	Fp2
011	247	02	300.0	gameplay	True	207.55001006924738	Fp1
011	248	02	304.0	gameplay	True	133.1215016017879	Fp2
011	249	02	308.0	gameplay	True	197.2709157274852	Fp1
011	250	02	312.0	gameplay	True	147.6357037193057	AF8
011	251	02	316.0	gameplay	True	147.0403403064203	Fp2
011	252	02	320.0	gameplay	True	254.7195658662751	AF7
011	253	02	324.0	gameplay	True	159.7109066530019	Fp2
011	254	02	328.0	gameplay	False		
011	255	02	332.0	gameplay	True	171.23648799380524	Fp1
011	256	02	336.0	gameplay	True	89.33179448266843	AF8
011	257	02	340.0	gameplay	True	166.26111559783433	AF7
011	258	02	344.0	gameplay	True	130.5727077446548	AF7
011	259	02	348.0	gameplay	True	110.53980630105318	Fp2
011	260	02	352.0	gameplay	True	74.10570127143102	FT9
011	261	02	356.0	gameplay	True	69.1914614644399	AF7
011	262	02	360.0	gameplay	True	177.99801171220668	AF7
011	263	02	364.0	gameplay	True	140.2243878561651	AF8
011	264	02	368.0	gameplay	True	134.17313348305612	Fp2
011	265	02	372.0	gameplay	True	182.78131831925091	AF7
011	266	02	376.0	gameplay	True	70.12195380941795	AF8
011	267	02	380.0	gameplay	True	76.85056667528845	AF8
011	268	02	384.0	gameplay	True	166.51961492794376	Fp2
011	269	02	388.0	gameplay	True	67.07641395167909	Fp2
011	270	02	392.0	gameplay	False		
011	271	02	396.0	gameplay	True	229.82722406329583	Fp1
011	272	02	400.0	gameplay	True	87.16199091573843	AF8
011	273	02	404.0	gameplay	True	85.94786437810859	AF8
011	274	02	408.0	gameplay	True	102.61524190354606	Fp2
011	275	02	412.0	gameplay	True	140.54182765358198	Fp1
011	276	02	416.0	gameplay	True	69.97015166864496	AF8
011	277	02	420.0	gameplay	True	223.4662624193706	AF8
011	278	02	424.0	gameplay	True	73.4997976809843	Fp1
011	279	02	428.0	gameplay	True	141.03873397478608	AF8
011	280	02	432.0	gameplay	True	58.97305280512448	FT9
011	281	02	436.0	gameplay	True	151.1968379597917	Fp2
011	282	02	440.0	gameplay	True	164.36564982920004	Fp2
011	283	02	444.0	gameplay	True	210.54949915698896	Fp2
011	284	02	448.0	gameplay	True	196.97689009561964	AF8
011	285	02	452.0	gameplay	True	135.99002805795828	Fp1
011	286	02	456.0	gameplay	True	99.61161033505464	AF8
011	287	02	460.0	gameplay	False		
011	288	02	464.0	gameplay	True	104.54805347093004	AF7
011	289	02	468.0	gameplay	True	262.5661387796463	AF7
011	290	02	472.0	gameplay	True	136.22293448555175	Fp2
011	291	02	476.0	gameplay	True	182.04717206857734	AF7
011	292	02	480.0	gameplay	True	70.03677152921125	AF8
011	293	02	484.0	gameplay	True	167.27211342142058	Fp2
011	294	02	488.0	gameplay	True	151.79955264939173	Fp2
011	295	02	492.0	gameplay	True	183.7858310811019	Fp2
011	296	02	496.0	gameplay	True	187.68951732608377	Fp2
011	297	02	500.0	gameplay	True	135.96957346664874	AF8
011	298	02	504.0	gameplay	True	67.25368104715798	AF8
011	299	02	508.0	gameplay	True	256.5056376608298	Fp1
011	300	02	512.0	gameplay	False		
011	301	02	516.0	gameplay	True	62.7599218705234	F7
011	302	02	520.0	gameplay	True	165.79165978316786	AF8
011	303	02	524.0	gameplay	True	68.11081677782578	AF7
011	304	02	528.0	gameplay	True	177.267284166998	Fp2
011	305	02	532.0	gameplay	False		
011	306	02	536.0	gameplay	True	117.49045342446813	Fp2
011	307	02	540.0	gameplay	True	225.13398297697552	Fp2
011	308	02	544.0	gameplay	True	235.37334380351157	AF7
011	309	02	548.0	gameplay	True	203.12373276318965	Fp2
011	310	02	552.0	gameplay	False		
011	311	02	556.0	gameplay	True	152.3109583976943	Fp2
011	312	02	560.0	gameplay	True	218.4187272566252	Fp2
011	313	02	564.0	gameplay	False		
011	314	02	568.0	gameplay	True	170.9663463557981	Fp2
011	315	02	572.0	gameplay	True	99.04462775433778	AF8
011	316	02	576.0	gameplay	True	163.90908011970706	Fp2
011	317	02	580.0	gameplay	True	219.2709269832637	Fp2
011	318	02	584.0	gameplay	True	206.12212304682126	Fp2
011	319	02	588.0	gameplay	True	215.1569322886018	Fp1
011	320	02	592.0	gameplay	True	170.68350936137725	Fp2
011	321	02	596.0	gameplay	True	83.84340274070564	AF8
011	322	02	600.0	gameplay	True	101.185649592111	AF8
011	323	02	604.0	gameplay	True	123.83339276710036	AF8
011	324	02	608.0	gameplay	True	234.9352716843835	AF8
011	325	02	612.0	gameplay	True	138.1876102448763	Fp2
011	326	02	616.0	gameplay	True	195.87885252850555	AF7
011	327	02	620.0	gameplay	True	70.51470356411703	AF8
011	328	02	624.0	gameplay	True	140.88938112571773	Fp2
011	329	02	628.0	gameplay	True	116.71582758748445	Fp2
011	330	02	632.0	gameplay	False		
011	331	02	636.0	gameplay	True	66.31743030150372	AF7
011	332	02	640.0	gameplay	True	199.11712617907205	AF7
011	333	02	644.0	gameplay	True	230.57443169161397	AF7
011	334	02	648.0	gameplay	True	88.59072848968727	AF8
011	335	02	652.0	gameplay	True	92.61038192543762	AF7
011	336	02	656.0	gameplay	True	78.79320115554063	Fp2
011	337	02	660.0	gameplay	True	165.86252948640305	AF8
011	338	02	664.0	gameplay	True	221.94800117088545	Fp1
011	339	02	668.0	gameplay	True	205.23728124212127	Fp2
011	340	02	672.0	gameplay	True	69.65765739337405	AF7
011	341	02	676.0	gameplay	True	222.11244153866193	Fp2
011	342	02	680.0	gameplay	False		
011	343	02	684.0	gameplay	True	143.9896579919214	Fp2
011	344	02	688.0	gameplay	True	221.06211789132536	Fp2
011	345	02	692.0	gameplay	True	69.48694213893154	AF7
011	346	02	696.0	gameplay	True	176.315391124671	AF7
011	347	02	700.0	gameplay	True	232.79008818857113	Fp2
011	348	02	704.0	gameplay	True	88.80912566316641	AF8
011	349	02	708.0	gameplay	True	163.63003888278163	Fp2
011	350	02	712.0	gameplay	True	201.88237314648958	Fp2
011	351	02	716.0	gameplay	True	215.89575920728313	Fp2
011	352	02	720.0	gameplay	True	71.01815003006669	Fp2
011	353	02	724.0	gameplay	True	230.8968539692135	AF7
011	354	02	728.0	gameplay	True	61.25828917008878	AF8
011	355	02	732.0	gameplay	True	180.56027177532198	Fp2
011	356	02	736.0	gameplay	True	135.51584588933417	Fp2
011	357	02	740.0	gameplay	True	200.22163709100712	Fp1
011	358	02	744.0	gameplay	True	223.52868198880628	Fp2
011	359	02	748.0	gameplay	True	74.32963161573515	AF7
011	360	02	752.0	gameplay	True	249.90639030991227	Fp1
011	361	02	756.0	gameplay	True	264.3008605615302	Fp1
011	362	02	760.0	gameplay	True	224.84538983132245	Fp1
011	363	02	764.0	gameplay	True	99.13543298914321	AF7
011	364	02	768.0	gameplay	True	154.08784831571586	Fp2
011	365	02	772.0	gameplay	True	93.81557444626117	AF7
011	366	02	776.0	gameplay	True	185.63459729599964	AF7
011	367	02	780.0	gameplay	False		
011	368	02	784.0	gameplay	True	225.69665846577254	Fp2
011	369	02	788.0	gameplay	True	69.68402844614343	FT10
011	370	02	792.0	gameplay	True	131.6580538870595	AF7
011	371	02	796.0	gameplay	True	72.08500661357387	AF7
011	372	02	800.0	gameplay	True	207.83227870989342	Fp2
011	373	02	804.0	gameplay	True	143.9074207052885	Fp2
011	374	02	808.0	gameplay	True	267.59942169719085	Fp2
011	375	02	812.0	gameplay	True	170.60150879029703	Fp2
011	376	02	816.0	gameplay	True	170.75947915735546	Fp2
011	377	02	820.0	gameplay	True	92.9327733923924	AF7
011	378	02	824.0	gameplay	True	194.6909860498208	Fp2
011	379	02	828.0	gameplay	True	243.8344492080072	Fp2
011	380	02	832.0	gameplay	True	147.2250131015689	Fp1
011	381	02	836.0	gameplay	True	66.63300498837579	AF8
011	382	02	840.0	gameplay	True	201.23297828343917	Fp2
011	383	02	844.0	gameplay	True	201.40225910273287	Fp2
011	384	02	848.0	gameplay	True	76.19475913939661	AF7
011	385	02	852.0	gameplay	True	157.30677382404141	AF8
011	386	02	856.0	gameplay	True	169.39922657724838	Fp1
011	387	02	860.0	gameplay	True	143.7208629390465	Fp2
011	388	02	864.0	gameplay	True	135.3001591549235	Fp2
011	389	02	868.0	gameplay	True	204.94509489588046	Fp2
011	390	02	872.0	gameplay	True	216.05775036856315	Fp1
011	391	02	876.0	gameplay	True	216.78710522644596	Fp2
011	392	02	880.0	gameplay	False		
011	393	02	884.0	gameplay	True	65.5829466651796	AF8
011	394	02	888.0	gameplay	True	86.22816056013437	AF7
011	395	02	892.0	gameplay	True	198.67687927739857	Fp1
011	396	02	896.0	gameplay	True	165.75244478074225	Fp2
011	397	02	900.0	gameplay	True	209.90959135142964	Fp2
011	398	02	904.0	gameplay	True	141.8966710172261	AF8
011	399	02	908.0	gameplay	True	180.5926088940014	Fp1
011	400	02	912.0	gameplay	True	150.65822565250795	Fp2
011	401	02	916.0	gameplay	True	71.18947579559472	AF7
011	402	02	920.0	gameplay	True	221.9128642302903	Fp2
011	403	02	924.0	gameplay	True	71.17843805271411	AF7
011	404	02	928.0	gameplay	False		
011	405	02	932.0	gameplay	True	236.44952342275658	Fp1
011	406	02	936.0	gameplay	True	179.4940598889107	Fp2
011	407	02	940.0	gameplay	True	74.22107305517716	Fp2
011	408	02	944.0	gameplay	True	201.45638987627194	Fp2
011	409	02	948.0	gameplay	True	88.1339071264111	FT10
011	410	02	952.0	gameplay	True	245.5280296985777	Fp2
011	411	02	956.0	gameplay	True	230.72908711016635	Fp1
011	412	02	960.0	gameplay	True	233.87593769699845	Fp2
011	413	02	964.0	gameplay	True	178.18370018300163	Fp2
011	414	02	968.0	gameplay	True	198.5686984196821	Fp2
011	415	02	972.0	gameplay	True	66.70415097498707	Fp1
011	416	02	976.0	gameplay	True	222.60006696661654	Fp2
011	417	02	980.0	gameplay	True	228.92580346599584	Fp2
011	418	02	984.0	gameplay	True	65.2653215379962	Fp1
011	419	02	988.0	gameplay	True	78.87636160055105	AF7
011	420	02	992.0	gameplay	True	274.2694313390385	AF7
011	421	02	996.0	gameplay	True	196.02452418673462	Fp2
011	422	02	1000.0	gameplay	True	64.99965460528398	AF7
011	423	02	1004.0	gameplay	True	122.02493263621143	Fp2
011	424	02	1008.0	gameplay	True	158.51241244739842	Fp2
011	425	02	1012.0	gameplay	True	167.1938930185752	Fp2
011	426	02	1016.0	gameplay	True	130.85047296420564	Fp2
011	427	02	1020.0	gameplay	False		
011	428	02	1024.0	gameplay	True	80.92560170490373	AF8
011	429	02	1028.0	gameplay	True	179.63413970684414	Fp2
011	430	02	1032.0	gameplay	True	256.44314518430605	Fp2
011	431	02	1036.0	gameplay	True	78.33526598697877	AF7
011	432	02	1040.0	gameplay	True	141.72265566184814	Fp2
011	433	02	1044.0	gameplay	True	162.74642904364	Fp2
011	434	02	1048.0	gameplay	True	75.319190783348	FT10
011	435	02	1052.0	gameplay	True	187.19131795493135	AF7
011	436	02	1056.0	gameplay	True	83.48034653951099	AF7
011	437	02	1060.0	gameplay	True	94.60112742582419	AF7
011	438	02	1064.0	gameplay	True	192.2204126115707	Fp2
011	439	02	1068.0	gameplay	True	228.5564072149076	Fp2
011	440	02	1072.0	gameplay	True	243.74005434395215	Fp2
011	441	02	1076.0	gameplay	True	214.57097148062405	Fp1
011	442	02	1080.0	gameplay	True	187.85877197249823	Fp2
011	443	02	1084.0	gameplay	False		
011	444	02	1088.0	gameplay	True	146.8662830631206	AF7
011	445	02	1092.0	gameplay	True	218.03560199686763	Fp2
011	446	02	1096.0	gameplay	True	170.53083003079342	Fp2
011	447	02	1100.0	gameplay	True	85.9734093714972	AF7
011	448	02	1104.0	gameplay	True	185.58563579259743	Fp2
011	449	02	1108.0	gameplay	False		
011	450	02	1112.0	gameplay	False		
011	451	02	1116.0	gameplay	True	93.69028838772321	AF7
011	452	02	1120.0	gameplay	True	97.05744531959228	FT10
011	453	02	1124.0	gameplay	True	109.11573012734259	AF8
011	454	02	1128.0	gameplay	False		
011	455	02	1132.0	gameplay	False		
011	456	02	1136.0	gameplay	True	68.79602414098709	AF8
011	457	02	1140.0	gameplay	True	69.90628028286618	AF8
011	458	02	1144.0	gameplay	True	275.6584157176841	Fp2
011	459	02	1148.0	gameplay	True	68.53931030803845	Fp2
011	460	02	1152.0	gameplay	True	82.3448540393662	AF8
011	461	02	1156.0	gameplay	True	97.42701313343161	AF8
011	462	02	1160.0	gameplay	True	111.52254837022889	AF7
011	463	02	1164.0	gameplay	True	79.77145364187487	FT9
011	464	02	1168.0	gameplay	True	156.5967479352142	Fp2
011	465	02	1172.0	gameplay	True	103.31065344949309	AF8
011	466	02	1176.0	gameplay	True	87.63693600916513	AF7
011	467	02	1180.0	gameplay	True	96.69875307074115	Fp2
011	468	02	1184.0	gameplay	True	309.8972811567799	Fp2
011	469	02	1188.0	gameplay	True	84.0265309881411	AF8
011	470	02	1192.0	gameplay	True	93.38568088676527	AF7
011	471	02	1196.0	gameplay	True	83.23197535992799	AF8
011	472	02	1200.0	gameplay	True	72.63462426851919	AF7
011	473	02	1204.0	gameplay	True	142.11232733344184	Fp2
011	474	02	1208.0	gameplay	True	79.08070159071158	AF7
011	475	02	1212.0	gameplay	True	71.56577277962354	AF7
011	476	02	1216.0	gameplay	True	153.21908915278587	Fp2
011	477	02	1220.0	gameplay	True	163.57656814323224	Fp2
011	478	02	1224.0	gameplay	True	84.69351372122242	AF7
011	479	02	1228.0	gameplay	True	71.78087218287301	AF7
011	480	02	1232.0	gameplay	True	189.4984549169478	Fp2
011	481	02	1236.0	gameplay	True	65.16245252969865	FT10
011	482	02	1240.0	gameplay	True	145.35123023011533	Fp2
011	483	02	1244.0	gameplay	True	83.09235741863827	FT9
011	484	02	1248.0	gameplay	True	135.98170446595597	Fp2
011	485	02	1252.0	gameplay	True	101.93682066375932	AF7
011	486	02	1256.0	gameplay	True	85.98782703922352	AF7
011	487	02	1260.0	gameplay	True	159.7939106495217	Fp2
011	488	02	1264.0	gameplay	True	154.41719765894388	AF7
011	489	02	1268.0	gameplay	True	136.49917191405285	AF7
011	490	02	1272.0	gameplay	True	102.02385677576822	Fp2
011	491	02	1276.0	gameplay	True	72.03391818491511	AF7
011	492	02	1280.0	gameplay	True	74.3344476306267	AF8
011	493	02	1284.0	gameplay	False		
011	494	02	1288.0	gameplay	False		
011	495	02	1292.0	gameplay	False		
011	496	02	1296.0	gameplay	False		
011	497	02	1300.0	gameplay	False		
011	498	02	1304.0	gameplay	False		
011	499	02	1308.0	gameplay	True	123.52744640972473	AF7
011	500	02	1312.0	gameplay	True	91.99446837433436	AF7
011	501	02	1316.0	gameplay	True	85.73383680085881	AF8
011	502	02	1320.0	gameplay	True	111.84926950436265	AF8
011	503	02	1324.0	gameplay	False		
011	504	02	1328.0	gameplay	True	233.5772243043695	Fp2
011	505	02	1332.0	gameplay	True	116.05379829217536	AF7
011	506	02	1336.0	gameplay	False		
011	507	02	1340.0	gameplay	True	272.0294830353672	Fp2
011	508	02	1344.0	gameplay	True	153.78922243103978	AF8
011	509	02	1348.0	gameplay	True	215.8063885263149	Fp2
011	510	02	1352.0	gameplay	True	116.11181229789347	Fp2
011	511	02	1356.0	gameplay	True	101.62782259590277	Fp2
011	512	02	1360.0	gameplay	True	195.37937510382923	AF7
011	513	02	1364.0	gameplay	True	90.6423642374919	AF7
011	514	02	1368.0	gameplay	True	157.3756214418229	Fp2
011	515	02	1372.0	gameplay	True	98.65270201926519	AF8
011	516	02	1376.0	gameplay	True	69.87876877957763	FT10
011	517	02	1380.0	gameplay	True	197.11421144729238	Fp2
011	518	02	1384.0	gameplay	True	193.43107932808547	Fp1
011	519	02	1388.0	gameplay	True	215.87187900129484	Fp2
011	520	02	1392.0	gameplay	True	143.77100324221112	Fp2
011	521	02	1396.0	gameplay	False		
011	522	02	1400.0	gameplay	True	73.1953294424427	AF8
011	523	02	1404.0	gameplay	True	161.80879936748394	Fp2
011	524	02	1408.0	gameplay	True	151.08761561141432	Fp2
011	525	02	1412.0	gameplay	False		
011	526	02	1416.0	gameplay	True	83.1275403807751	Fp1
011	527	02	1420.0	gameplay	True	141.52470363455222	AF7
011	528	02	1424.0	gameplay	True	214.93443271199283	Fp2
011	529	02	1428.0	gameplay	True	60.88974365271519	AF7
011	530	02	1432.0	gameplay	True	166.10209242457728	AF7
011	531	02	1436.0	gameplay	True	86.00468413538022	FT9
011	532	02	1440.0	gameplay	True	94.56904198826189	AF7
011	533	02	1444.0	gameplay	True	157.76081453426184	AF8
011	534	02	1448.0	gameplay	True	145.5179056896038	AF7
011	535	02	1452.0	gameplay	True	220.12620864644148	Fp1
011	536	02	1456.0	gameplay	True	74.20159134230566	Fp1
011	537	02	1460.0	gameplay	True	112.48850969023104	AF8
011	538	02	1464.0	gameplay	True	130.46196355704186	AF8
011	539	02	1468.0	gameplay	True	97.15426239392818	AF7
011	540	02	1472.0	gameplay	True	105.15179411822996	Fp2
011	541	02	1476.0	gameplay	True	166.76642954555498	Fp1
011	542	02	1480.0	gameplay	True	108.70597801428524	Fp2
011	543	02	1484.0	gameplay	True	204.3892474752377	Fp2
011	544	02	1488.0	gameplay	True	79.9137513293296	AF8
011	545	02	1492.0	gameplay	True	183.1052167846424	Fp2
011	546	02	1496.0	gameplay	True	172.35964532145823	AF7
011	547	02	1500.0	gameplay	True	78.58749369731235	FT9
011	548	02	1504.0	gameplay	True	132.78805889961407	Fp2
011	549	02	1508.0	gameplay	True	186.60018891112176	Fp1
011	550	02	1512.0	gameplay	True	62.8181246440879	Fp2
011	551	02	1516.0	gameplay	True	150.8381802946415	Fp2
011	552	02	1520.0	gameplay	True	75.23604953630534	AF7
011	553	02	1524.0	gameplay	True	103.6727827208089	Fp2
011	554	02	1528.0	gameplay	True	84.97363261703065	AF7
011	555	02	1532.0	gameplay	True	82.25674215746697	AF7
011	556	02	1536.0	gameplay	True	138.44761635198861	Fp2
011	557	02	1540.0	gameplay	True	223.43964342428657	Fp1
011	558	02	1544.0	gameplay	False		
011	559	02	1548.0	gameplay	False		
011	560	02	1552.0	gameplay	True	63.518163470149915	AF8
011	561	02	1556.0	gameplay	False		
011	562	02	1560.0	gameplay	False		
011	563	02	1564.0	gameplay	False		
011	564	02	1568.0	gameplay	True	127.62778057060967	AF7
011	565	02	1572.0	gameplay	True	226.824313353187	Fp2
011	566	02	1576.0	gameplay	False		
011	567	02	1580.0	gameplay	True	219.9591099446931	Fp2
011	568	02	1584.0	gameplay	True	255.48955085045907	Fp2
011	569	02	1588.0	gameplay	False		
011	570	02	1592.0	gameplay	True	105.31116089098494	AF8
011	571	02	1596.0	gameplay	False		
011	572	02	1600.0	gameplay	True	225.25542021497722	Fp2
011	573	02	1604.0	gameplay	False		
011	574	02	1608.0	gameplay	True	157.4307895550865	AF7
011	575	02	1612.0	gameplay	True	79.85560198916643	Fp2
011	576	02	1616.0	gameplay	True	58.94041044401981	AF7
011	577	02	1620.0	gameplay	True	98.50355494913943	Fp2
011	578	02	1624.0	gameplay	True	162.67240107535102	AF7
011	579	02	1628.0	gameplay	True	137.78279839320783	AF7
011	580	02	1632.0	gameplay	True	149.55265032108173	AF8
011	581	02	1636.0	gameplay	True	74.79209505888737	Fp2
011	582	02	1640.0	gameplay	True	206.74121809114206	Fp2
011	583	02	1644.0	gameplay	True	83.81685239584719	AF7
011	584	02	1648.0	gameplay	True	190.44838668094525	Fp2
011	585	02	1652.0	gameplay	True	194.41305521093534	Fp2
011	586	02	1656.0	gameplay	True	232.35236306091255	Fp2
011	587	02	1660.0	gameplay	True	196.83529226666775	Fp2
011	588	02	1664.0	gameplay	True	82.05842951134508	AF7
011	589	02	1668.0	gameplay	True	59.8723352255284	AF8
011	590	02	1672.0	gameplay	True	216.47336910115865	Fp2
011	591	02	1676.0	gameplay	True	326.4540090569943	Fp2
011	592	02	1680.0	gameplay	True	141.78746392340733	AF7
011	593	02	1684.0	gameplay	True	117.26584230776746	AF7
011	594	02	1688.0	gameplay	False		
011	595	02	1692.0	gameplay	True	94.33900037229375	AF8
011	596	02	1696.0	gameplay	True	170.4332633143511	Fp1
011	597	02	1700.0	gameplay	True	75.36867892807085	AF8
011	598	02	1704.0	gameplay	True	82.13742803584128	FT10
011	599	02	1708.0	gameplay	False		
011	600	02	1712.0	gameplay	True	138.67623860110206	Fp2
011	601	02	1716.0	gameplay	True	143.81803832236267	Fp2
011	602	02	1720.0	gameplay	False		
011	603	02	1724.0	gameplay	True	120.68996025912661	Fp2
011	604	02	1728.0	gameplay	True	112.80065131424318	Fp2
011	605	02	1732.0	gameplay	True	277.212596162856	Fp2
011	606	02	1736.0	gameplay	False		
011	607	02	1740.0	gameplay	False		
011	608	02	1744.0	gameplay	True	104.22665387899436	Fp2
011	609	02	1748.0	gameplay	False		
011	610	02	1752.0	gameplay	True	323.5290673627224	Fp2
011	611	02	1756.0	gameplay	True	86.37637685492676	AF7
011	612	02	1760.0	gameplay	True	66.5152986835308	AF8
011	613	02	1764.0	gameplay	True	61.9445989801888	AF8
011	614	02	1768.0	gameplay	True	79.19374062542904	AF7
011	615	02	1772.0	gameplay	True	65.89766861214186	AF7
011	616	02	1776.0	gameplay	True	145.5619084130097	Fp2
011	617	02	1780.0	gameplay	True	87.15126389654262	AF7
011	618	02	1784.0	gameplay	True	60.3194044618819	AF8
011	619	02	1788.0	gameplay	True	199.50019017864088	AF7
011	620	02	1792.0	gameplay	True	72.10821506208391	AF8
011	621	02	1796.0	gameplay	True	102.62106690445695	Fp2
011	622	02	1800.0	gameplay	True	76.52047327623197	AF7
011	623	02	1804.0	gameplay	True	148.20175502095415	AF7
011	624	02	1808.0	gameplay	True	72.16327660659962	AF7
011	625	02	1812.0	gameplay	True	124.63262898433251	AF7
011	626	02	1816.0	gameplay	True	175.33322897863266	Fp2
011	627	02	1820.0	gameplay	True	250.02233819654214	Fp2
011	628	02	1824.0	gameplay	False		
011	629	02	1828.0	gameplay	True	171.88238850975029	FT10
011	630	02	1832.0	gameplay	True	235.129458662188	Fp2
011	631	02	1836.0	gameplay	True	152.69774978735296	AF7
011	632	02	1840.0	gameplay	True	140.42620824813284	AF7
011	633	02	1844.0	gameplay	True	259.509063065632	AF7
011	634	02	1848.0	gameplay	True	174.83478489069861	AF8
011	635	02	1852.0	gameplay	True	160.33984727605662	Fp2
011	636	02	1856.0	gameplay	True	95.77753790418778	AF8
011	637	02	1860.0	gameplay	True	132.1193080606687	Fp2
011	638	02	1864.0	gameplay	True	143.04661143584343	AF8
011	639	02	1868.0	gameplay	True	97.99658949081083	AF8
011	640	02	1872.0	gameplay	True	76.90909945691335	AF8
011	641	02	1876.0	gameplay	True	166.85722690416551	Fp2
011	642	02	1880.0	gameplay	False		
011	643	02	1884.0	gameplay	False		
011	644	02	1888.0	gameplay	True	71.54702363793675	AF8
011	645	02	1892.0	gameplay	True	135.0473743141677	AF7
011	646	02	1896.0	gameplay	True	277.66203634070354	Fp2
011	647	02	1900.0	gameplay	True	170.01374388636262	AF7
011	648	02	1904.0	gameplay	True	124.08824132649113	Fp2
011	649	02	1908.0	gameplay	True	70.78702139181901	Fp2
011	650	02	1912.0	gameplay	True	236.36706115662471	Fp2
011	651	02	1916.0	gameplay	True	73.88239265484037	AF8
011	652	02	1920.0	gameplay	True	175.27488663637288	Fp2
011	653	02	1924.0	gameplay	True	65.89329515480698	Fp2
011	654	02	1928.0	gameplay	True	185.26835209382534	AF7
011	655	02	1932.0	gameplay	True	178.0286783759616	Fp2
011	656	02	1936.0	gameplay	True	155.69596076758546	Fp2
011	657	02	1940.0	gameplay	True	174.0090633995715	Fp1
011	658	02	1944.0	gameplay	True	214.3090013840548	AF7
012	0	01	0.0	outside_inferred_tasks	True	85.42520115825458	AF7
012	1	01	4.0	outside_inferred_tasks	True	117.36408211385806	F7
012	2	01	8.0	outside_inferred_tasks	True	118.96195185810507	AF7
012	3	01	12.0	outside_inferred_tasks	True	106.60347319011206	AF7
012	4	01	16.0	outside_inferred_tasks	True	133.37507979703278	AF7
012	5	01	20.0	outside_inferred_tasks	True	107.52397877221081	FT10
012	6	01	24.0	outside_inferred_tasks	True	100.55738805733742	AF7
012	7	01	28.0	outside_inferred_tasks	True	171.87507575872505	Fp1
012	8	01	32.0	outside_inferred_tasks	True	109.12819820164907	Fp1
012	9	01	36.0	outside_inferred_tasks	True	183.6330410465086	Fp1
012	10	01	40.0	outside_inferred_tasks	True	172.16507280957336	Fp2
012	11	01	44.0	outside_inferred_tasks	False		
012	12	01	48.0	outside_inferred_tasks	False		
012	13	01	52.0	outside_inferred_tasks	True	120.00163997189318	AF7
012	14	01	56.0	outside_inferred_tasks	True	92.70717213473206	AF7
012	15	01	60.0	outside_inferred_tasks	True	159.49429273140686	AF7
012	16	01	64.0	outside_inferred_tasks	True	129.7807156073937	CP5
012	17	01	68.0	outside_inferred_tasks	False		
012	18	01	72.0	outside_inferred_tasks	True	175.96514845676091	PO7
012	19	01	76.0	outside_inferred_tasks	False		
012	20	01	80.0	task_boundary	False		
012	21	01	84.0	oddball	True	126.77106443368852	PO7
012	22	01	88.0	oddball	True	117.42549870368948	Fp2
012	23	01	92.0	oddball	True	128.94071164096658	Fp1
012	24	01	96.0	oddball	True	164.2561869979913	Fp2
012	25	01	100.0	oddball	True	146.09009722420686	Fp1
012	26	01	104.0	oddball	True	119.88959098683426	Fp1
012	27	01	108.0	oddball	True	137.937331679665	Fp2
012	28	01	112.0	oddball	True	72.25582674889208	PO8
012	29	01	116.0	oddball	True	80.22619231061343	PO8
012	30	01	120.0	oddball	True	134.91987185085793	Fp2
012	31	01	124.0	oddball	True	82.37715504849109	PO8
012	32	01	128.0	oddball	True	112.95168671816819	Fp1
012	33	01	132.0	oddball	True	69.46417791589795	Fp1
012	34	01	136.0	oddball	True	72.57420719503499	Fp1
012	35	01	140.0	oddball	True	60.89320550562872	T7
012	36	01	144.0	oddball	True	165.6076124259955	Fp1
012	37	01	148.0	oddball	True	155.89097181597077	F5
012	38	01	152.0	oddball	True	140.86775564820437	Fp1
012	39	01	156.0	oddball	True	77.72039013269132	Fp2
012	40	01	160.0	oddball	True	133.76235172849175	Fp2
012	41	01	164.0	oddball	True	150.49385815140957	Fp1
012	42	01	168.0	oddball	True	84.39089937265128	Fp1
012	43	01	172.0	oddball	True	112.4742504083989	Fp2
012	44	01	176.0	oddball	True	124.67892051033853	Fp1
012	45	01	180.0	oddball	True	121.33735633970853	Fp1
012	46	01	184.0	oddball	True	138.74032566433013	Fp1
012	47	01	188.0	oddball	True	113.9637905763371	Fp1
012	48	01	192.0	oddball	True	150.73865091077826	Fp1
012	49	01	196.0	oddball	True	148.91412692867289	Fp2
012	50	01	200.0	oddball	True	62.243505281861	Fp2
012	51	01	204.0	oddball	True	141.05870390188272	Fp1
012	52	01	208.0	oddball	True	120.39167001527616	Fp1
012	53	01	212.0	oddball	True	133.30678155219852	Fp2
012	54	01	216.0	oddball	True	65.40087492299024	AF7
012	55	01	220.0	oddball	True	133.53544967611515	Fp1
012	56	01	224.0	oddball	True	137.84540518967202	Fp1
012	57	01	228.0	oddball	True	153.40161863537875	Fp1
012	58	01	232.0	oddball	True	131.05794117476444	Fp1
012	59	01	236.0	oddball	True	143.38304098396478	Fp2
012	60	01	240.0	oddball	True	141.37733047258803	Fp1
012	61	01	244.0	oddball	True	68.96608529746909	AF7
012	62	01	248.0	oddball	True	148.31499072387996	Fp1
012	63	01	252.0	oddball	True	166.70831253979094	Fp1
012	64	01	256.0	oddball	True	112.25197954194623	Fp1
012	65	01	260.0	oddball	True	127.95217473455544	Fp1
012	66	01	264.0	oddball	True	141.49856919593176	AF7
012	67	01	268.0	oddball	True	136.36624512096674	Fp1
012	68	01	272.0	oddball	True	135.58570071792366	Fp1
012	69	01	276.0	oddball	True	103.18008014864127	Fp1
012	70	01	280.0	oddball	True	143.89508780118294	Fp1
012	71	01	284.0	oddball	True	169.53511001781595	Fp2
012	72	01	288.0	oddball	True	117.6604193231307	Fp1
012	73	01	292.0	oddball	True	152.50094207326026	Fp1
012	74	01	296.0	oddball	True	128.88909498047772	Fp2
012	75	01	300.0	oddball	True	148.63182410754132	Fp1
012	76	01	304.0	oddball	True	144.46358059923983	Fp1
012	77	01	308.0	oddball	True	127.64087828552513	Fp1
012	78	01	312.0	oddball	True	141.91315807966703	AF7
012	79	01	316.0	oddball	True	164.41292872328694	Fp1
012	80	01	320.0	oddball	True	138.34529461724782	Fp1
012	81	01	324.0	oddball	True	138.26100884728066	Fp2
012	82	01	328.0	oddball	True	184.93018295018106	Fp1
012	83	01	332.0	oddball	True	145.9575383281616	Fp2
012	84	01	336.0	oddball	True	110.65092436662898	Fp1
012	85	01	340.0	oddball	True	157.32844873015867	F6
012	86	01	344.0	oddball	True	146.47758839840728	Fp1
012	87	01	348.0	oddball	True	168.64776554371565	Fp1
012	88	01	352.0	oddball	True	59.00337578341566	PO7
012	89	01	356.0	oddball	True	125.48804817817184	Fp1
012	90	01	360.0	oddball	True	147.34600422469327	Fp1
012	91	01	364.0	oddball	True	115.1316944658949	Fp1
012	92	01	368.0	oddball	True	145.80466043606955	Fp1
012	93	01	372.0	oddball	True	141.72317471121647	Fp2
012	94	01	376.0	oddball	True	120.21269208061089	Fp1
012	95	01	380.0	oddball	True	126.8412929231637	Fp1
012	96	01	384.0	oddball	True	149.53856612593577	Fp1
012	97	01	388.0	oddball	True	150.2645833764712	Fp1
012	98	01	392.0	oddball	True	145.13914051130536	Fp1
012	99	01	396.0	oddball	True	189.85831400854758	Fp2
012	100	01	400.0	oddball	True	140.8506274112137	Fp1
012	101	01	404.0	oddball	True	147.37029607645803	Fp1
012	102	01	408.0	oddball	True	145.8304324375356	Fp1
012	103	01	412.0	oddball	True	125.35995073725836	Fp2
012	104	01	416.0	oddball	True	145.18809823682133	Fp1
012	105	01	420.0	oddball	True	182.83718068891488	Fp2
012	106	01	424.0	oddball	True	173.65517381945952	Fp1
012	107	01	428.0	oddball	True	219.81770229909733	Fp1
012	108	01	432.0	oddball	True	175.1092867157989	Fp2
012	109	01	436.0	oddball	True	107.16854444302263	Fp1
012	110	01	440.0	oddball	True	152.55120039516825	Fp2
012	111	01	444.0	oddball	True	118.26152755137952	Fp1
012	112	01	448.0	oddball	True	125.12032467801802	Fp2
012	113	01	452.0	oddball	True	161.81001604321978	Fp1
012	114	01	456.0	oddball	True	175.6300998107354	Fp1
012	115	01	460.0	oddball	True	186.3105843021154	Fp2
012	116	01	464.0	oddball	True	179.47133971925018	Fp1
012	117	01	468.0	oddball	True	164.67284352785936	Fp1
012	118	01	472.0	oddball	True	137.66158639850624	Fp1
012	119	01	476.0	oddball	True	57.48507490510299	AF7
012	120	01	480.0	oddball	True	149.12888690607545	Fp2
012	121	01	484.0	oddball	True	126.69092904170788	Fp1
012	122	01	488.0	task_boundary	False		
012	123	01	492.0	outside_inferred_tasks	True	186.42994636372057	Fp1
012	124	01	496.0	outside_inferred_tasks	True	157.63561590172037	Fp1
012	125	01	500.0	outside_inferred_tasks	False		
012	126	01	504.0	outside_inferred_tasks	True	192.6876902158564	Fp1
012	127	01	508.0	outside_inferred_tasks	True	219.40869088184598	AF7
012	128	01	512.0	outside_inferred_tasks	False		
012	129	01	516.0	outside_inferred_tasks	True	270.1389533675409	Fp1
012	130	01	520.0	outside_inferred_tasks	True	243.98063636944394	AF7
012	131	01	524.0	outside_inferred_tasks	False		
012	132	01	528.0	outside_inferred_tasks	True	136.59482931232517	F7
012	133	01	532.0	outside_inferred_tasks	False		
012	134	01	536.0	outside_inferred_tasks	True	203.24599392048754	Fp2
012	135	01	540.0	task_boundary	True	305.1305608991186	Fp1
012	136	01	544.0	gambling	False		
012	137	01	548.0	gambling	False		
012	138	01	552.0	gambling	False		
012	139	01	556.0	gambling	False		
012	140	01	560.0	gambling	False		
012	141	01	564.0	gambling	False		
012	142	01	568.0	gambling	False		
012	143	01	572.0	gambling	True	136.55914277706492	Fp2
012	144	01	576.0	gambling	True	157.6700320915243	Fp2
012	145	01	580.0	gambling	True	191.1656834513447	Fp1
012	146	01	584.0	gambling	True	159.059215301162	AF8
012	147	01	588.0	gambling	True	159.24415538803567	Fp1
012	148	01	592.0	gambling	True	173.60207698975898	AF8
012	149	01	596.0	gambling	True	173.98214279412548	AF8
012	150	01	600.0	gambling	False		
012	151	01	604.0	gambling	True	164.35787913587967	AF8
012	152	01	608.0	gambling	True	156.85745949309802	Fp2
012	153	01	612.0	gambling	True	173.87898198851198	Fp1
012	154	01	616.0	gambling	True	176.22199188763366	AF8
012	155	01	620.0	gambling	True	130.2488364258956	Fp2
012	156	01	624.0	gambling	True	190.67391117546333	AF8
012	157	01	628.0	gambling	True	218.13330026612752	Fp1
012	158	01	632.0	gambling	True	122.85569738681613	Fp1
012	159	01	636.0	gambling	True	153.5990446842663	AF7
012	160	01	640.0	gambling	True	192.46224163044195	AF7
012	161	01	644.0	gambling	True	179.14609468582168	AF8
012	162	01	648.0	gambling	True	152.1776347030886	Fp1
012	163	01	652.0	gambling	True	217.22557024897333	Fp1
012	164	01	656.0	gambling	False		
012	165	01	660.0	gambling	True	142.5134274725573	Fp2
012	166	01	664.0	gambling	True	159.28913835162155	Fp1
012	167	01	668.0	gambling	True	141.858481922872	AF8
012	168	01	672.0	gambling	True	217.77022510509178	Fp1
012	169	01	676.0	gambling	True	148.52093080830232	Fp2
012	170	01	680.0	gambling	True	69.37327174514138	AF7
012	171	01	684.0	gambling	True	154.78219565994334	Fp2
012	172	01	688.0	gambling	True	195.90306788370742	Fp1
012	173	01	692.0	gambling	True	159.0700753649016	Fp2
012	174	01	696.0	gambling	True	190.47024468893187	Fp2
012	175	01	700.0	gambling	True	142.1949611534851	Fp1
012	176	01	704.0	gambling	True	136.82937618336788	Fp2
012	177	01	708.0	gambling	True	167.8108324621858	Fp1
012	178	01	712.0	gambling	True	140.27992979795252	Fp2
012	179	01	716.0	gambling	True	148.23467597268387	Fp1
012	180	01	720.0	gambling	True	147.87838720710687	Fp2
012	181	01	724.0	gambling	True	148.1453397415586	AF8
012	182	01	728.0	task_boundary	True	158.98504219183803	F7
012	183	01	732.0	outside_inferred_tasks	True	117.65858820480214	AF7
012	184	01	736.0	outside_inferred_tasks	True	298.3093253199646	TP10
012	185	02	0.0	outside_inferred_tasks	True	172.21572837244437	Fp1
012	186	02	4.0	outside_inferred_tasks	False		
012	187	02	8.0	outside_inferred_tasks	True	250.7894432997964	Fp1
012	188	02	12.0	outside_inferred_tasks	False		
012	189	02	16.0	outside_inferred_tasks	True	172.33281656323368	PO7
012	190	02	20.0	outside_inferred_tasks	True	238.3386071234194	Fp1
012	191	02	24.0	outside_inferred_tasks	True	255.19483886985546	Fp1
012	192	02	28.0	outside_inferred_tasks	True	182.09626736072912	PO7
012	193	02	32.0	outside_inferred_tasks	True	122.03480110256073	AF7
012	194	02	36.0	outside_inferred_tasks	True	188.3577607913204	Fp1
012	195	02	40.0	outside_inferred_tasks	False		
012	196	02	44.0	outside_inferred_tasks	False		
012	197	02	48.0	outside_inferred_tasks	False		
012	198	02	52.0	outside_inferred_tasks	False		
012	199	02	56.0	outside_inferred_tasks	True	80.51298886856925	AF7
012	200	02	60.0	outside_inferred_tasks	False		
012	201	02	64.0	outside_inferred_tasks	True	142.09653463391942	Fp1
012	202	02	68.0	outside_inferred_tasks	True	76.28512937345988	AF7
012	203	02	72.0	outside_inferred_tasks	True	216.52558063538496	F7
012	204	02	76.0	outside_inferred_tasks	True	209.6475369132781	PO7
012	205	02	80.0	outside_inferred_tasks	True	127.5427432502247	AF7
012	206	02	84.0	outside_inferred_tasks	True	156.45256394047084	Fp1
012	207	02	88.0	outside_inferred_tasks	False		
012	208	02	92.0	outside_inferred_tasks	True	185.59326116707913	AF8
012	209	02	96.0	outside_inferred_tasks	False		
012	210	02	100.0	outside_inferred_tasks	False		
012	211	02	104.0	task_boundary	True	224.17179836940167	AF7
012	212	02	108.0	gameplay	True	138.93010687838768	AF7
012	213	02	112.0	gameplay	True	120.10414092605626	AF8
012	214	02	116.0	gameplay	True	113.79710738661883	Fp1
012	215	02	120.0	gameplay	True	144.14657178294533	AF7
012	216	02	124.0	gameplay	True	119.26798223128961	AF7
012	217	02	128.0	gameplay	True	133.83934748325913	F7
012	218	02	132.0	gameplay	True	110.46243247535097	Fp1
012	219	02	136.0	gameplay	True	95.24713106651787	AF8
012	220	02	140.0	gameplay	True	136.53492681981834	T8
012	221	02	144.0	gameplay	True	177.04672593740534	Fp2
012	222	02	148.0	gameplay	True	80.00477203479907	AF8
012	223	02	152.0	gameplay	True	116.71562539451271	F7
012	224	02	156.0	gameplay	True	105.16027409589813	AF8
012	225	02	160.0	gameplay	True	128.8639559634158	Fp1
012	226	02	164.0	gameplay	True	101.62293609045268	AF8
012	227	02	168.0	gameplay	True	102.62917297316028	Fp2
012	228	02	172.0	gameplay	True	124.96089136355967	F7
012	229	02	176.0	gameplay	True	131.5228915116596	F7
012	230	02	180.0	gameplay	True	136.4332653688509	Fp1
012	231	02	184.0	gameplay	True	131.57658740339747	F7
012	232	02	188.0	gameplay	True	102.88246882707563	AF8
012	233	02	192.0	gameplay	True	116.36250263421535	AF8
012	234	02	196.0	gameplay	True	108.74161113544935	AF7
012	235	02	200.0	gameplay	True	124.39618645165514	AF7
012	236	02	204.0	gameplay	True	126.6077457187426	AF7
012	237	02	208.0	gameplay	True	91.16051462916661	AF7
012	238	02	212.0	gameplay	True	215.93231140466438	F6
012	239	02	216.0	gameplay	True	110.19927573920909	Fp2
012	240	02	220.0	gameplay	True	190.4036021613001	Fp1
012	241	02	224.0	gameplay	True	126.61546679024934	Fp2
012	242	02	228.0	gameplay	True	124.14042260479373	AF8
012	243	02	232.0	gameplay	True	78.4864577334131	AF7
012	244	02	236.0	gameplay	True	104.19715468241615	AF7
012	245	02	240.0	gameplay	True	83.15798931624535	AF7
012	246	02	244.0	gameplay	True	144.5686488330739	FT8
012	247	02	248.0	gameplay	True	102.00051483924697	F7
012	248	02	252.0	gameplay	True	91.45463537147397	Fp2
012	249	02	256.0	gameplay	True	161.31486078324028	Fp1
012	250	02	260.0	gameplay	True	126.98824274680157	Fp2
012	251	02	264.0	gameplay	True	84.25336825235271	Fp1
012	252	02	268.0	gameplay	True	145.19886332460064	Fp1
012	253	02	272.0	gameplay	True	62.073621613993446	F8
012	254	02	276.0	gameplay	True	188.33458685680412	Fp2
012	255	02	280.0	gameplay	True	89.9598958423351	AF7
012	256	02	284.0	gameplay	True	154.60606354613117	AF7
012	257	02	288.0	gameplay	True	117.30167731425115	Fp1
012	258	02	292.0	gameplay	True	103.0759695083042	Fp1
012	259	02	296.0	gameplay	True	96.365758630159	AF7
012	260	02	300.0	gameplay	True	102.19970295145158	Fp2
012	261	02	304.0	gameplay	True	118.06116073434433	FT10
012	262	02	308.0	gameplay	True	170.99817619803673	Fp2
012	263	02	312.0	gameplay	True	142.05226483662327	Fp1
012	264	02	316.0	gameplay	True	171.0641780144438	Fp1
012	265	02	320.0	gameplay	True	87.678497045352	Fp1
012	266	02	324.0	gameplay	True	123.70162184243652	AF7
012	267	02	328.0	gameplay	True	123.61812541298978	AF8
012	268	02	332.0	gameplay	True	224.6779704760036	Fp1
012	269	02	336.0	gameplay	True	172.7270426450442	Fp1
012	270	02	340.0	gameplay	True	121.10494196499924	Fp1
012	271	02	344.0	gameplay	True	110.6387326929506	Fp2
012	272	02	348.0	gameplay	True	75.89435937342522	Fp1
012	273	02	352.0	gameplay	True	160.61246457668796	Fp2
012	274	02	356.0	gameplay	True	183.71236371337469	AF7
012	275	02	360.0	gameplay	True	136.87812016542856	AF7
012	276	02	364.0	gameplay	True	104.07056785984817	AF7
012	277	02	368.0	gameplay	True	119.30318047633514	AF7
012	278	02	372.0	gameplay	True	118.65236255068943	Fp1
012	279	02	376.0	gameplay	True	91.72655447422146	AF8
012	280	02	380.0	gameplay	True	82.72582038972453	AF7
012	281	02	384.0	gameplay	True	122.37441603310255	Fp1
012	282	02	388.0	gameplay	True	109.08063104081121	AF7
012	283	02	392.0	gameplay	True	199.80138363137817	Fp2
012	284	02	396.0	gameplay	True	91.43656136687706	AF8
012	285	02	400.0	gameplay	True	90.85528163643657	Fp1
012	286	02	404.0	gameplay	True	110.2332570238182	AF7
012	287	02	408.0	gameplay	True	117.53368730838392	FT10
012	288	02	412.0	gameplay	True	86.30547309717139	AF8
012	289	02	416.0	gameplay	True	98.40653599515078	AF8
012	290	02	420.0	gameplay	True	108.6159663958599	AF8
012	291	02	424.0	gameplay	True	101.24808854871515	AF8
012	292	02	428.0	gameplay	True	90.79763392493736	AF7
012	293	02	432.0	gameplay	True	96.62926849041898	Fp1
012	294	02	436.0	gameplay	True	101.54146178418611	AF8
012	295	02	440.0	gameplay	True	110.64517191405743	AF7
012	296	02	444.0	gameplay	True	93.74600183355679	AF7
012	297	02	448.0	gameplay	True	103.95290737155919	AF8
012	298	02	452.0	gameplay	True	214.83708122896402	T8
012	299	02	456.0	gameplay	True	113.96340144293175	T8
012	300	02	460.0	gameplay	True	132.83819542820726	Fp2
012	301	02	464.0	gameplay	True	113.94146692373359	Fp2
012	302	02	468.0	gameplay	True	119.41889541513312	FT10
012	303	02	472.0	gameplay	True	108.61478406600615	AF8
012	304	02	476.0	gameplay	True	90.52589385793637	AF8
012	305	02	480.0	gameplay	True	156.40741321860241	Fp1
012	306	02	484.0	gameplay	True	124.48882652908493	F7
012	307	02	488.0	gameplay	True	111.80514876578084	AF7
012	308	02	492.0	gameplay	True	97.09740814007382	Fp2
012	309	02	496.0	gameplay	True	99.86765259293803	AF8
012	310	02	500.0	gameplay	True	179.7731014676098	Fp1
012	311	02	504.0	gameplay	True	132.70160249492818	AF8
012	312	02	508.0	gameplay	True	117.53067745509888	AF8
012	313	02	512.0	gameplay	True	92.2392727717309	AF7
012	314	02	516.0	gameplay	True	96.99350705576055	AF8
012	315	02	520.0	gameplay	True	109.32766696383818	Fp2
012	316	02	524.0	gameplay	True	172.24166825538018	P6
012	317	02	528.0	gameplay	True	168.20452844023947	Fp1
012	318	02	532.0	gameplay	True	175.8629452517911	Fp2
012	319	02	536.0	gameplay	True	107.7648198591249	Fp1
012	320	02	540.0	gameplay	True	126.33456013467506	F7
012	321	02	544.0	gameplay	True	141.90373190491064	F7
012	322	02	548.0	gameplay	True	89.1954057993843	F7
012	323	02	552.0	gameplay	True	113.58488436738803	AF8
012	324	02	556.0	gameplay	True	98.66405848368159	Fp1
012	325	02	560.0	gameplay	True	121.81461684311604	AF8
012	326	02	564.0	gameplay	True	97.1774098388366	AF7
012	327	02	568.0	gameplay	True	131.51646393039593	AF8
012	328	02	572.0	gameplay	True	144.81308313140025	F5
012	329	02	576.0	gameplay	True	149.7075802227794	Fp2
012	330	02	580.0	gameplay	True	124.58488450378103	Fp2
012	331	02	584.0	gameplay	True	106.62861232041637	Fp1
012	332	02	588.0	gameplay	True	128.88336537743191	AF8
012	333	02	592.0	gameplay	True	110.32199825602999	AF7
012	334	02	596.0	gameplay	True	97.79727913473661	AF7
012	335	02	600.0	gameplay	True	140.79056899478766	AF7
012	336	02	604.0	gameplay	True	76.86408213440691	Fp1
012	337	02	608.0	gameplay	True	104.39758277201578	AF8
012	338	02	612.0	gameplay	True	82.49423952264034	Fp1
012	339	02	616.0	gameplay	True	114.15257979622949	AF8
012	340	02	620.0	gameplay	True	174.19416001840762	Fp1
012	341	02	624.0	gameplay	True	79.99659521904472	F7
012	342	02	628.0	gameplay	True	77.89751412789983	Fp2
012	343	02	632.0	gameplay	True	90.19313398947578	F7
012	344	02	636.0	gameplay	True	122.86297561046186	F8
012	345	02	640.0	gameplay	True	68.78333640462307	Fp2
012	346	02	644.0	gameplay	True	100.03739522548247	AF8
012	347	02	648.0	gameplay	True	112.75719806395684	AF8
012	348	02	652.0	gameplay	True	97.92315266132435	AF7
012	349	02	656.0	gameplay	True	80.20561578919524	F7
012	350	02	660.0	gameplay	True	90.60620856427101	Fp1
012	351	02	664.0	gameplay	True	136.68271227158448	AF7
012	352	02	668.0	gameplay	True	128.2430875281175	AF8
012	353	02	672.0	gameplay	True	137.8594433101751	AF8
012	354	02	676.0	gameplay	True	180.35609398632116	Fp1
012	355	02	680.0	gameplay	True	80.3613793788474	AF7
012	356	02	684.0	gameplay	True	104.8417890081821	AF8
012	357	02	688.0	gameplay	True	119.51222203704421	F7
012	358	02	692.0	gameplay	True	75.15660839987277	AF8
012	359	02	696.0	gameplay	True	111.9578321172788	AF8
012	360	02	700.0	gameplay	True	111.11570323504196	AF7
012	361	02	704.0	gameplay	True	107.558963536655	Fp1
012	362	02	708.0	gameplay	True	227.5548166464804	Fp1
012	363	02	712.0	gameplay	False		
012	364	02	716.0	gameplay	True	141.04511980624795	AF7
012	365	02	720.0	gameplay	True	123.98558805316382	AF8
012	366	02	724.0	gameplay	True	87.34723258553957	FT10
012	367	02	728.0	gameplay	True	219.30897463334944	Fp1
012	368	02	732.0	gameplay	True	184.79328864931523	Fp2
012	369	02	736.0	gameplay	True	87.71510668393132	F7
012	370	02	740.0	gameplay	True	91.89533969238673	AF7
012	371	02	744.0	gameplay	True	74.43296802749185	FT10
012	372	02	748.0	gameplay	True	94.23945980840818	Fp2
012	373	02	752.0	gameplay	True	87.69368340740843	Fp1
012	374	02	756.0	gameplay	True	110.60756277010161	Fp1
012	375	02	760.0	gameplay	True	93.39766677161965	Fp2
012	376	02	764.0	gameplay	False		
012	377	02	768.0	gameplay	True	170.8881108224652	Fp2
012	378	02	772.0	gameplay	True	106.66034677568159	F7
012	379	02	776.0	gameplay	True	83.033324853331	AF8
012	380	02	780.0	gameplay	True	77.06960466669965	Fp1
012	381	02	784.0	gameplay	True	138.21619773979674	F7
012	382	02	788.0	gameplay	True	92.10283640236334	F7
012	383	02	792.0	gameplay	True	117.75354748632618	F7
012	384	02	796.0	gameplay	True	102.95941885769312	Fp2
012	385	02	800.0	gameplay	True	114.93975805213272	AF8
012	386	02	804.0	gameplay	True	109.12092563059463	Fp2
012	387	02	808.0	gameplay	True	80.6600168101554	F7
012	388	02	812.0	gameplay	True	83.6853902185701	AF7
012	389	02	816.0	gameplay	True	96.33367519333012	AF8
012	390	02	820.0	gameplay	True	139.07585486560475	AF7
012	391	02	824.0	gameplay	True	128.4137952671973	F8
012	392	02	828.0	gameplay	True	91.1195447169916	Fp1
012	393	02	832.0	gameplay	True	214.97179350762462	Fp1
012	394	02	836.0	gameplay	True	185.0237267803831	Fp1
012	395	02	840.0	gameplay	True	92.1252858830867	AF7
012	396	02	844.0	gameplay	True	77.38651649222017	Fp2
012	397	02	848.0	gameplay	True	94.56804634066022	Fp2
012	398	02	852.0	gameplay	True	104.62992460844089	AF7
012	399	02	856.0	gameplay	True	76.96512406972556	AF7
012	400	02	860.0	gameplay	True	124.06838193630264	F7
012	401	02	864.0	gameplay	True	169.46657533234293	AF7
012	402	02	868.0	gameplay	True	119.70463903434272	AF7
012	403	02	872.0	gameplay	True	113.05165458000057	AF8
012	404	02	876.0	gameplay	True	95.78611723724218	AF7
012	405	02	880.0	gameplay	True	117.76234405949434	AF7
012	406	02	884.0	gameplay	True	116.42336242839552	AF8
012	407	02	888.0	gameplay	True	90.79092744861646	Fp1
012	408	02	892.0	gameplay	True	165.39381004178608	AF8
012	409	02	896.0	gameplay	True	125.71071584707667	Fp1
012	410	02	900.0	gameplay	True	123.84756435338923	Fp2
012	411	02	904.0	gameplay	True	129.01060816035303	AF8
012	412	02	908.0	gameplay	False		
012	413	02	912.0	gameplay	True	166.59734674166725	AF8
012	414	02	916.0	gameplay	True	90.15719212888061	AF7
012	415	02	920.0	gameplay	True	164.3982540623059	AF8
012	416	02	924.0	gameplay	False		
012	417	02	928.0	gameplay	True	57.036680005826234	AF7
012	418	02	932.0	gameplay	True	138.610839517027	AF8
012	419	02	936.0	gameplay	True	157.5868983002713	Fp1
012	420	02	940.0	gameplay	True	110.11821711750216	Fp1
012	421	02	944.0	gameplay	True	122.73701455786302	Fp1
012	422	02	948.0	gameplay	True	114.19929106284691	AF7
012	423	02	952.0	gameplay	True	101.19836008813611	F7
012	424	02	956.0	gameplay	True	86.41083883814562	AF8
012	425	02	960.0	gameplay	True	110.75340996691345	Fp2
012	426	02	964.0	gameplay	True	186.32308178822015	AF8
012	427	02	968.0	gameplay	True	128.32794165084908	AF8
012	428	02	972.0	gameplay	True	73.95273376884249	Fp1
012	429	02	976.0	gameplay	True	90.27013387319073	AF7
012	430	02	980.0	gameplay	True	217.1286461316569	Fp1
012	431	02	984.0	gameplay	True	113.99314465811524	F7
012	432	02	988.0	gameplay	True	109.92522784522923	F7
012	433	02	992.0	gameplay	True	199.7653651704801	Fp1
012	434	02	996.0	gameplay	True	105.3527905789049	AF7
012	435	02	1000.0	gameplay	True	104.4545476794777	AF7
012	436	02	1004.0	gameplay	True	101.63654295064183	F7
012	437	02	1008.0	gameplay	True	169.11911736590045	AF8
012	438	02	1012.0	gameplay	True	96.78482406383918	AF7
012	439	02	1016.0	gameplay	False		
012	440	02	1020.0	gameplay	True	134.94409142182548	F7
012	441	02	1024.0	gameplay	True	98.71562559907242	AF7
012	442	02	1028.0	gameplay	True	123.31996124287582	Fp1
012	443	02	1032.0	gameplay	True	135.77677526784558	AF7
012	444	02	1036.0	gameplay	True	144.05621291164886	Fp2
012	445	02	1040.0	gameplay	True	178.96205488087045	Fp2
012	446	02	1044.0	gameplay	False		
012	447	02	1048.0	gameplay	False		
012	448	02	1052.0	gameplay	True	106.8991392115602	AF8
012	449	02	1056.0	gameplay	True	173.54456670838584	Fp2
012	450	02	1060.0	gameplay	True	190.87242063827642	Fp1
012	451	02	1064.0	gameplay	True	115.2213741524947	AF8
012	452	02	1068.0	gameplay	True	99.96243639939854	Fp1
012	453	02	1072.0	gameplay	True	161.11609624437096	AF8
012	454	02	1076.0	gameplay	True	87.07198314585366	AF7
012	455	02	1080.0	gameplay	True	164.00949054639864	Fp1
012	456	02	1084.0	gameplay	True	140.01626532242355	AF8
012	457	02	1088.0	gameplay	True	206.48741866416637	Fp1
012	458	02	1092.0	gameplay	True	144.78077657468666	Fp1
012	459	02	1096.0	gameplay	True	91.06677224377042	F7
012	460	02	1100.0	gameplay	True	121.28993957515365	AF7
012	461	02	1104.0	gameplay	True	90.79164865471394	AF7
012	462	02	1108.0	gameplay	True	102.9808194398738	AF7
012	463	02	1112.0	gameplay	True	96.0678899892652	Fp1
012	464	02	1116.0	gameplay	True	160.60481229752824	F5
012	465	02	1120.0	gameplay	True	80.88370487284087	AF7
012	466	02	1124.0	gameplay	True	151.32450448172887	Fp2
012	467	02	1128.0	gameplay	False		
012	468	02	1132.0	gameplay	True	153.89664408881777	FC6
012	469	02	1136.0	gameplay	True	100.22878619474243	Fp2
012	470	02	1140.0	gameplay	True	53.660718807117476	Fp1
012	471	02	1144.0	gameplay	True	107.49429494910937	AF7
012	472	02	1148.0	gameplay	True	145.78331740646675	AF8
012	473	02	1152.0	gameplay	True	149.4296372659667	AF8
012	474	02	1156.0	gameplay	True	85.51599476098315	F7
012	475	02	1160.0	gameplay	True	78.70288822173791	AF7
012	476	02	1164.0	gameplay	True	81.48038075421694	AF8
012	477	02	1168.0	gameplay	True	138.24308742962697	AF7
012	478	02	1172.0	gameplay	True	70.82663333232266	AF8
012	479	02	1176.0	gameplay	True	91.47317861742414	AF7
012	480	02	1180.0	gameplay	True	126.83092848975511	Fp1
012	481	02	1184.0	gameplay	True	142.03296618053866	AF8
012	482	02	1188.0	gameplay	True	159.18145726083935	Fp1
012	483	02	1192.0	gameplay	True	167.5128474661592	Fp2
012	484	02	1196.0	gameplay	True	127.72425450263236	PO8
012	485	02	1200.0	gameplay	False		
012	486	02	1204.0	gameplay	True	138.7247539402195	Fp1
012	487	02	1208.0	gameplay	True	125.1625250084932	AF8
012	488	02	1212.0	gameplay	True	131.60096315794965	Fp1
012	489	02	1216.0	gameplay	True	172.98589638948494	Fp1
012	490	02	1220.0	gameplay	True	114.68859834931312	Fp2
012	491	02	1224.0	gameplay	True	84.93034345784162	Fp1
012	492	02	1228.0	gameplay	True	109.82947869689299	AF7
012	493	02	1232.0	gameplay	True	100.70021411280061	AF7
012	494	02	1236.0	gameplay	True	90.9433285552636	AF7
012	495	02	1240.0	gameplay	True	82.02790435289965	AF8
012	496	02	1244.0	gameplay	True	85.69606567915021	AF7
012	497	02	1248.0	gameplay	True	158.9150654750336	Fp1
012	498	02	1252.0	gameplay	True	91.86947990950621	AF7
012	499	02	1256.0	gameplay	True	87.06713089842572	AF8
012	500	02	1260.0	gameplay	True	166.41680869419724	Fp1
012	501	02	1264.0	gameplay	True	97.3807751132649	AF8
012	502	02	1268.0	gameplay	True	99.73997855229175	FT7
012	503	02	1272.0	gameplay	True	76.26157929966632	F7
012	504	02	1276.0	gameplay	True	71.29325854621982	F8
012	505	02	1280.0	gameplay	True	108.33292357271027	AF7
012	506	02	1284.0	gameplay	True	111.0620267653262	Fp1
012	507	02	1288.0	gameplay	True	169.53132582146893	AF8
012	508	02	1292.0	gameplay	True	88.4766997193723	AF8
012	509	02	1296.0	gameplay	True	67.2358092728489	AF8
012	510	02	1300.0	gameplay	True	85.1272447875795	AF8
012	511	02	1304.0	gameplay	True	87.94892475585094	AF8
012	512	02	1308.0	gameplay	True	102.62705775421814	AF7
012	513	02	1312.0	gameplay	True	70.95024087816479	AF8
012	514	02	1316.0	gameplay	True	121.01538817502679	AF8
012	515	02	1320.0	gameplay	True	154.9946628138633	Fp2
012	516	02	1324.0	gameplay	False		
012	517	02	1328.0	gameplay	True	213.22450965958214	Fp1
012	518	02	1332.0	gameplay	False		
012	519	02	1336.0	gameplay	True	132.33748970852	AF7
012	520	02	1340.0	gameplay	True	153.08670389997158	Fp2
012	521	02	1344.0	gameplay	True	93.47471216436475	FT10
012	522	02	1348.0	gameplay	True	89.52073268279145	FT10
012	523	02	1352.0	gameplay	True	186.17892416878448	Fp1
012	524	02	1356.0	gameplay	True	91.3529432112339	AF7
012	525	02	1360.0	gameplay	True	110.35065831240725	AF8
012	526	02	1364.0	gameplay	True	304.28395764560025	Fp1
012	527	02	1368.0	gameplay	True	777.8972146399158	AF7
012	528	02	1372.0	gameplay	True	487.6624897693281	Fp1
012	529	02	1376.0	gameplay	True	74.50941261463767	AF7
012	530	02	1380.0	gameplay	True	102.55695504032984	AF7
012	531	02	1384.0	gameplay	True	125.94762776285765	Fp1
012	532	02	1388.0	gameplay	True	124.8797755194996	Fp1
012	533	02	1392.0	gameplay	True	123.10182927281234	Fp1
012	534	02	1396.0	gameplay	True	127.35478185682669	AF7
012	535	02	1400.0	gameplay	True	128.3439097684823	Fp1
012	536	02	1404.0	gameplay	True	107.6103857720338	Fp1
012	537	02	1408.0	gameplay	True	100.94266108610833	AF8
012	538	02	1412.0	gameplay	True	138.22116429984086	Fp2
012	539	02	1416.0	gameplay	True	240.36334158661703	F5
012	540	02	1420.0	gameplay	True	171.2011100886166	Fp1
012	541	02	1424.0	gameplay	False		
012	542	02	1428.0	gameplay	False		
012	543	02	1432.0	gameplay	False		
012	544	02	1436.0	gameplay	True	168.11368533531686	AF7
012	545	02	1440.0	gameplay	True	211.91229196463635	Fp2
012	546	02	1444.0	gameplay	True	247.36108296707883	Fp1
012	547	02	1448.0	gameplay	True	112.36593211998812	Fp2
012	548	02	1452.0	gameplay	True	133.95307889048505	AF8
012	549	02	1456.0	gameplay	True	175.81071412803095	Fp2
012	550	02	1460.0	gameplay	False		
012	551	02	1464.0	gameplay	True	167.58564697198855	AF8
012	552	02	1468.0	gameplay	True	75.04380011503437	F7
012	553	02	1472.0	gameplay	True	108.85621238507709	Fp1
012	554	02	1476.0	gameplay	True	166.92229787660546	Fp1
012	555	02	1480.0	gameplay	True	160.1165271551381	Fp2
012	556	02	1484.0	gameplay	True	127.41483284294034	F7
012	557	02	1488.0	gameplay	False		
012	558	02	1492.0	gameplay	True	168.52403990326687	AF7
012	559	02	1496.0	gameplay	False		
012	560	02	1500.0	gameplay	True	574.0914216185645	Fp1
012	561	02	1504.0	gameplay	True	629.4905226870227	Fp1
012	562	02	1508.0	gameplay	True	130.38524221309245	Fp1
013	0	01	0.0	outside_inferred_tasks	True	399.72463109487	Fp2
013	1	01	4.0	outside_inferred_tasks	False		
013	2	01	8.0	outside_inferred_tasks	False		
013	3	01	12.0	task_boundary	False		
013	4	01	16.0	oddball	False		
013	5	01	20.0	oddball	True	158.62217307684227	Fp2
013	6	01	24.0	oddball	True	204.1487383331602	Fp1
013	7	01	28.0	oddball	False		
013	8	01	32.0	oddball	True	135.51428946502702	Fp2
013	9	01	36.0	oddball	True	68.32920244208982	AF7
013	10	01	40.0	oddball	True	128.04165435538832	Fp2
013	11	01	44.0	oddball	True	139.59084863977012	Fp2
013	12	01	48.0	oddball	True	196.01200058596135	Fp1
013	13	01	52.0	oddball	True	135.7437854670054	Fp2
013	14	01	56.0	oddball	True	249.22006921370365	F8
013	15	01	60.0	oddball	False		
013	16	01	64.0	oddball	True	202.76308352404007	FT9
013	17	01	68.0	oddball	True	213.9747308089417	AF7
013	18	01	72.0	oddball	True	234.96560590923653	Fp2
013	19	01	76.0	oddball	True	125.63995705194462	AF7
013	20	01	80.0	oddball	True	155.6621203735381	Fp1
013	21	01	84.0	oddball	True	60.2868784458631	Fp1
013	22	01	88.0	oddball	True	172.97225889682463	AF7
013	23	01	92.0	oddball	True	64.85405525870759	FT7
013	24	01	96.0	oddball	True	67.92019065097129	F7
013	25	01	100.0	oddball	True	71.32145864390952	AF7
013	26	01	104.0	oddball	True	78.88550349620971	FT7
013	27	01	108.0	oddball	True	142.62576243347047	Fp2
013	28	01	112.0	oddball	True	213.49467406528882	AF7
013	29	01	116.0	oddball	False		
013	30	01	120.0	oddball	True	166.09972719767447	FT7
013	31	01	124.0	oddball	False		
013	32	01	128.0	oddball	False		
013	33	01	132.0	oddball	True	183.62055170922693	AF8
013	34	01	136.0	oddball	True	293.70094226780344	AF8
013	35	01	140.0	oddball	True	66.01975047431411	Fp1
013	36	01	144.0	oddball	True	215.36042731030915	Fp1
013	37	01	148.0	oddball	True	210.95341448773286	AF7
013	38	01	152.0	oddball	True	161.63325066625632	AF8
013	39	01	156.0	oddball	True	162.08501008026863	FT7
013	40	01	160.0	oddball	True	183.6749529607272	AF8
013	41	01	164.0	oddball	True	172.199832452656	FT7
013	42	01	168.0	oddball	True	99.79941912082384	AF8
013	43	01	172.0	oddball	True	66.1467817328716	AF8
013	44	01	176.0	oddball	True	48.78147684183245	AF7
013	45	01	180.0	oddball	True	178.99522714020657	Fp2
013	46	01	184.0	oddball	True	198.89588505861786	Fp2
013	47	01	188.0	oddball	True	233.17571211510517	TP9
013	48	01	192.0	oddball	True	194.74961051180915	AF8
013	49	01	196.0	oddball	True	209.27166672618773	AF8
013	50	01	200.0	oddball	False		
013	51	01	204.0	oddball	True	180.07555691779567	Fp2
013	52	01	208.0	oddball	True	77.35490015206699	Fp2
013	53	01	212.0	oddball	True	166.32668646659525	Fp2
013	54	01	216.0	oddball	True	162.48329117392632	Fp1
013	55	01	220.0	oddball	True	61.93070966448158	FT7
013	56	01	224.0	oddball	True	161.46562919160593	Fp1
013	57	01	228.0	oddball	True	146.5293230846348	Fp2
013	58	01	232.0	oddball	True	147.0261074272755	Fp2
013	59	01	236.0	oddball	True	152.4397731597957	Fp2
013	60	01	240.0	oddball	True	78.83106210560784	AF7
013	61	01	244.0	oddball	True	149.16327604941236	Fp2
013	62	01	248.0	oddball	True	177.23137630382982	Fp2
013	63	01	252.0	oddball	True	194.49080598568165	Fp1
013	64	01	256.0	oddball	False		
013	65	01	260.0	oddball	True	150.40364418075808	FT8
013	66	01	264.0	oddball	True	176.752833967904	Fp2
013	67	01	268.0	oddball	True	179.50163597021282	Fp2
013	68	01	272.0	oddball	False		
013	69	01	276.0	oddball	True	152.15377779638874	AF8
013	70	01	280.0	oddball	True	173.72968241319782	AF8
013	71	01	284.0	oddball	True	154.76950024697197	AF8
013	72	01	288.0	oddball	True	179.82576320415345	Fp2
013	73	01	292.0	oddball	True	196.885764597101	Fp2
013	74	01	296.0	oddball	True	151.71964990346484	Fp2
013	75	01	300.0	oddball	True	57.52998528080463	F2
013	76	01	304.0	oddball	True	82.5364225559873	AF8
013	77	01	308.0	oddball	True	181.01708178040406	Fp2
013	78	01	312.0	oddball	True	75.97089560534698	F7
013	79	01	316.0	oddball	True	111.66526575794369	Fp2
013	80	01	320.0	oddball	True	92.51063712282205	Fp2
013	81	01	324.0	oddball	True	122.7580258920648	F8
013	82	01	328.0	oddball	True	71.50161349830702	T7
013	83	01	332.0	oddball	False		
013	84	01	336.0	oddball	False		
013	85	01	340.0	oddball	True	109.28751360215185	Fp2
013	86	01	344.0	oddball	True	211.12754783205682	Fp2
013	87	01	348.0	oddball	True	209.62828787894	Fp2
013	88	01	352.0	oddball	True	168.69040835166342	Fp2
013	89	01	356.0	oddball	True	167.43844202418092	Fp2
013	90	01	360.0	oddball	False		
013	91	01	364.0	oddball	False		
013	92	01	368.0	oddball	True	142.94154321111884	Fp1
013	93	01	372.0	oddball	False		
013	94	01	376.0	oddball	False		
013	95	01	380.0	oddball	True	181.0918232444437	Fp2
013	96	01	384.0	oddball	True	219.48015925033116	Fp2
013	97	01	388.0	oddball	True	121.01569704921602	AF7
013	98	01	392.0	oddball	True	165.8135503295323	Fp2
013	99	01	396.0	oddball	True	119.92574849176651	Fp2
013	100	01	400.0	oddball	True	69.35192851000403	AF8
013	101	01	404.0	oddball	True	159.19789460124625	AF7
013	102	01	408.0	task_boundary	True	308.1354208927658	AF7
013	103	01	412.0	outside_inferred_tasks	True	245.5326301885008	AF8
013	104	01	416.0	outside_inferred_tasks	True	154.28247034886928	AF8
013	105	01	420.0	outside_inferred_tasks	True	249.31766810795625	Fp1
013	106	01	424.0	outside_inferred_tasks	True	276.48915007830976	Fp1
013	107	01	428.0	outside_inferred_tasks	False		
013	108	01	432.0	outside_inferred_tasks	False		
013	109	01	436.0	outside_inferred_tasks	False		
013	110	01	440.0	outside_inferred_tasks	False		
013	111	01	444.0	outside_inferred_tasks	False		
013	112	01	448.0	outside_inferred_tasks	False		
013	113	01	452.0	outside_inferred_tasks	True	162.0230862856311	AF7
013	114	01	456.0	outside_inferred_tasks	True	204.4491952350748	AF7
013	115	01	460.0	task_boundary	False		
013	116	01	464.0	gambling	True	206.34467625098205	Fp2
013	117	01	468.0	gambling	False		
013	118	01	472.0	gambling	True	163.1985087545213	AF7
013	119	01	476.0	gambling	True	108.48609887625089	AF7
013	120	01	480.0	gambling	True	177.5933754507578	AF7
013	121	01	484.0	gambling	True	79.61167698225877	T8
013	122	01	488.0	gambling	True	181.89656399411484	Fp2
013	123	01	492.0	gambling	True	217.7748177702992	Fp2
013	124	01	496.0	gambling	True	202.2239604365587	Fp2
013	125	01	500.0	gambling	True	152.76134459800778	Fp2
013	126	01	504.0	gambling	True	254.37613628439573	Fp2
013	127	01	508.0	gambling	True	227.80174231131937	Fp2
013	128	01	512.0	gambling	True	133.86193062852854	AF8
013	129	01	516.0	gambling	True	176.80763984463303	AF8
013	130	01	520.0	gambling	True	197.30377921596573	Fp2
013	131	01	524.0	gambling	True	170.44575847961426	Fp2
013	132	01	528.0	gambling	True	163.92264897400608	Fp2
013	133	01	532.0	gambling	True	174.49998018203192	Fp2
013	134	01	536.0	gambling	True	216.08705841774687	Fp2
013	135	01	540.0	gambling	True	233.17182875029442	Fp2
013	136	01	544.0	gambling	True	187.92696357358585	Fp2
013	137	01	548.0	gambling	True	211.56308685616966	Fp2
013	138	01	552.0	gambling	True	220.85312581091483	Fp2
013	139	01	556.0	gambling	True	255.5202936556044	AF8
013	140	01	560.0	gambling	False		
013	141	01	564.0	gambling	True	228.2043909401037	Fp2
013	142	01	568.0	gambling	True	250.0155324862888	Fp2
013	143	01	572.0	gambling	True	199.8066249944162	Fp2
013	144	01	576.0	gambling	True	196.11412777291287	Fp2
013	145	01	580.0	gambling	True	193.63479560136287	Fp2
013	146	01	584.0	gambling	True	176.39097542556866	Fp2
013	147	01	588.0	task_boundary	True	214.3043856108279	Fp2
013	148	01	592.0	outside_inferred_tasks	True	119.08079483770315	FT9
013	149	01	596.0	outside_inferred_tasks	False		
013	150	01	600.0	outside_inferred_tasks	False		
013	151	01	604.0	outside_inferred_tasks	False		
013	152	02	0.0	outside_inferred_tasks	True	224.6333421120847	Fp2
013	153	02	4.0	outside_inferred_tasks	False		
013	154	02	8.0	outside_inferred_tasks	True	160.79075969068555	Fp2
013	155	02	12.0	outside_inferred_tasks	True	200.5945086009988	Fp2
013	156	02	16.0	outside_inferred_tasks	True	163.4859042760345	Fp2
013	157	02	20.0	outside_inferred_tasks	True	200.8214526807094	Fp2
013	158	02	24.0	outside_inferred_tasks	True	243.53654423588642	Fp2
013	159	02	28.0	outside_inferred_tasks	True	202.59225026296798	Fp2
013	160	02	32.0	outside_inferred_tasks	True	177.33882838177018	AF7
013	161	02	36.0	outside_inferred_tasks	True	173.24706233234173	AF7
013	162	02	40.0	outside_inferred_tasks	False		
013	163	02	44.0	outside_inferred_tasks	True	199.90331993739665	O2
013	164	02	48.0	outside_inferred_tasks	True	222.10318687674308	O2
013	165	02	52.0	outside_inferred_tasks	True	201.18572955571176	AF8
013	166	02	56.0	outside_inferred_tasks	True	173.9820399203462	Fp2
013	167	02	60.0	outside_inferred_tasks	True	172.2283396919797	Fp1
013	168	02	64.0	outside_inferred_tasks	False		
013	169	02	68.0	outside_inferred_tasks	True	274.43144170486386	Fp1
013	170	02	72.0	outside_inferred_tasks	True	247.4803155920795	Fp1
013	171	02	76.0	outside_inferred_tasks	False		
013	172	02	80.0	task_boundary	True	185.74246188344426	FT9
013	173	02	84.0	gameplay	False		
013	174	02	88.0	gameplay	True	238.43652289222618	AF8
013	175	02	92.0	gameplay	True	199.9842676695048	FT9
013	176	02	96.0	gameplay	True	183.94238227334398	AF8
013	177	02	100.0	gameplay	True	257.9744561454001	AF8
013	178	02	104.0	gameplay	True	114.38409776634951	AF8
013	179	02	108.0	gameplay	True	223.44219921355415	FT9
013	180	02	112.0	gameplay	True	145.89643063447292	FT9
013	181	02	116.0	gameplay	True	139.21143695029522	AF8
013	182	02	120.0	gameplay	True	129.7621913740624	Fp2
013	183	02	124.0	gameplay	True	187.16507682585257	Fp2
013	184	02	128.0	gameplay	True	133.18086585906016	Fp2
013	185	02	132.0	gameplay	True	118.07179612562297	FT9
013	186	02	136.0	gameplay	True	155.8581463869369	AF8
013	187	02	140.0	gameplay	True	149.84548908613635	Fp2
013	188	02	144.0	gameplay	True	76.15748208936353	F8
013	189	02	148.0	gameplay	True	217.88000431961976	Fp2
013	190	02	152.0	gameplay	True	178.18753749111988	AF8
013	191	02	156.0	gameplay	True	147.38474988306257	F8
013	192	02	160.0	gameplay	True	223.15799650880393	Fp2
013	193	02	164.0	gameplay	True	197.4415734399229	AF8
013	194	02	168.0	gameplay	True	158.61819406544367	FT9
013	195	02	172.0	gameplay	True	253.86015255442283	AF8
013	196	02	176.0	gameplay	True	146.29057280688872	AF8
013	197	02	180.0	gameplay	True	247.49095865017856	Fp2
013	198	02	184.0	gameplay	True	257.2631827980954	AF8
013	199	02	188.0	gameplay	True	154.908301834307	AF8
013	200	02	192.0	gameplay	True	152.95494039602497	Fp2
013	201	02	196.0	gameplay	True	244.47217478560427	AF8
013	202	02	200.0	gameplay	True	110.02076694315113	AF8
013	203	02	204.0	gameplay	True	272.7960809224818	AF8
013	204	02	208.0	gameplay	False		
013	205	02	212.0	gameplay	True	204.84535164989853	Fp2
013	206	02	216.0	gameplay	True	143.01781051500544	Fp1
013	207	02	220.0	gameplay	True	106.62646062135015	FT9
013	208	02	224.0	gameplay	True	146.8317179146433	AF8
013	209	02	228.0	gameplay	False		
013	210	02	232.0	gameplay	True	193.56374322277776	AF8
013	211	02	236.0	gameplay	True	211.81365913078733	Fp2
013	212	02	240.0	gameplay	True	114.39380233916461	AF8
013	213	02	244.0	gameplay	True	117.29079781709994	AF8
013	214	02	248.0	gameplay	True	201.3682931033473	AF8
013	215	02	252.0	gameplay	True	187.0921167338614	AF8
013	216	02	256.0	gameplay	True	213.54606565465934	Fp2
013	217	02	260.0	gameplay	True	166.8984750912437	AF8
013	218	02	264.0	gameplay	True	83.05438972493415	AF8
013	219	02	268.0	gameplay	True	170.88299522693578	AF8
013	220	02	272.0	gameplay	True	201.98923448692565	AF8
013	221	02	276.0	gameplay	True	142.345519669757	Fp2
013	222	02	280.0	gameplay	True	190.00183812073462	Fp2
013	223	02	284.0	gameplay	True	112.70740104539307	AF8
013	224	02	288.0	gameplay	True	135.79360931416727	AF8
013	225	02	292.0	gameplay	True	130.01744798166663	AF8
013	226	02	296.0	gameplay	True	129.03893619714754	FT9
013	227	02	300.0	gameplay	True	116.2947881025501	AF8
013	228	02	304.0	gameplay	True	235.2826456692871	AF8
013	229	02	308.0	gameplay	True	259.62561744179055	AF8
013	230	02	312.0	gameplay	True	189.97273964755925	AF7
013	231	02	316.0	gameplay	True	245.02530611379441	Fp2
013	232	02	320.0	gameplay	True	78.77619151493842	AF8
013	233	02	324.0	gameplay	True	172.39043769337928	Fp2
013	234	02	328.0	gameplay	True	136.56304878991966	AF7
013	235	02	332.0	gameplay	True	230.9604563602006	AF8
013	236	02	336.0	gameplay	True	218.91379871395716	AF8
013	237	02	340.0	gameplay	True	175.5475192877299	Fp2
013	238	02	344.0	gameplay	True	209.93113650758855	Fp2
013	239	02	348.0	gameplay	True	180.34018647515663	Fp1
013	240	02	352.0	gameplay	True	120.22352570248849	AF8
013	241	02	356.0	gameplay	True	134.21712856585094	AF8
013	242	02	360.0	gameplay	True	195.68402052559256	AF8
013	243	02	364.0	gameplay	True	202.86612653465883	FT9
013	244	02	368.0	gameplay	False		
013	245	02	372.0	gameplay	True	125.35801290674975	AF8
013	246	02	376.0	gameplay	True	97.24061561856509	AF8
013	247	02	380.0	gameplay	True	200.22738587114475	AF8
013	248	02	384.0	gameplay	True	81.50819765854892	F7
013	249	02	388.0	gameplay	True	78.5735090722467	AF7
013	250	02	392.0	gameplay	True	164.87703310914247	Fp2
013	251	02	396.0	gameplay	False		
013	252	02	400.0	gameplay	True	78.07123156994362	AF8
013	253	02	404.0	gameplay	True	103.23387875468985	Fp2
013	254	02	408.0	gameplay	True	179.26460976894973	Fp2
013	255	02	412.0	gameplay	True	175.78374071453175	Fp1
013	256	02	416.0	gameplay	True	166.86991844808168	Fp1
013	257	02	420.0	gameplay	True	109.10044071376629	AF8
013	258	02	424.0	gameplay	True	85.53451136799347	AF8
013	259	02	428.0	gameplay	False		
013	260	02	432.0	gameplay	True	112.71192896004993	AF8
013	261	02	436.0	gameplay	True	89.87278721695391	AF8
013	262	02	440.0	gameplay	True	184.66857091385893	F8
013	263	02	444.0	gameplay	False		
013	264	02	448.0	gameplay	False		
013	265	02	452.0	gameplay	True	165.86518815060754	Fp1
013	266	02	456.0	gameplay	True	128.89594624118538	Fp2
013	267	02	460.0	gameplay	True	93.760310892811	TP9
013	268	02	464.0	gameplay	True	175.6280283817476	Fp2
013	269	02	468.0	gameplay	True	111.36408203170505	Fp2
013	270	02	472.0	gameplay	True	135.20090086715607	AF8
013	271	02	476.0	gameplay	True	239.04664550294268	AF8
013	272	02	480.0	gameplay	True	223.9592966859941	Fp2
013	273	02	484.0	gameplay	True	147.34447051925133	AF8
013	274	02	488.0	gameplay	True	116.12462968694692	AF8
013	275	02	492.0	gameplay	True	165.2260587120055	Fp2
013	276	02	496.0	gameplay	True	196.56774060357932	Fp2
013	277	02	500.0	gameplay	True	96.82972679763434	Fp2
013	278	02	504.0	gameplay	True	105.13022968957003	AF8
013	279	02	508.0	gameplay	False		
013	280	02	512.0	gameplay	True	175.4587777891049	FT9
013	281	02	516.0	gameplay	False		
013	282	02	520.0	gameplay	True	115.81368622024952	AF7
013	283	02	524.0	gameplay	True	81.93086614503636	AF8
013	284	02	528.0	gameplay	True	276.97775993601476	AF8
013	285	02	532.0	gameplay	True	99.19599513978912	F8
013	286	02	536.0	gameplay	False		
013	287	02	540.0	gameplay	True	245.7217708111582	Fp2
013	288	02	544.0	gameplay	True	80.71469856025989	AF8
013	289	02	548.0	gameplay	True	164.60923723991823	Fp2
013	290	02	552.0	gameplay	False		
013	291	02	556.0	gameplay	True	220.22662305172054	Fp2
013	292	02	560.0	gameplay	True	248.92583447720332	Fp2
013	293	02	564.0	gameplay	True	230.26812724361994	Fp2
013	294	02	568.0	gameplay	True	125.55978744284982	Fp2
013	295	02	572.0	gameplay	False		
013	296	02	576.0	gameplay	True	108.1399610725898	Fp2
013	297	02	580.0	gameplay	True	212.0950005006326	AF8
013	298	02	584.0	gameplay	True	197.37779552590322	Fp2
013	299	02	588.0	gameplay	True	227.17128674003197	Fp2
013	300	02	592.0	gameplay	True	90.20277000757726	Fp2
013	301	02	596.0	gameplay	True	116.80153629208128	AF8
013	302	02	600.0	gameplay	True	162.84063118056383	Fp2
013	303	02	604.0	gameplay	True	88.56876349727845	AF8
013	304	02	608.0	gameplay	True	84.98625542354017	AF8
013	305	02	612.0	gameplay	True	154.3015208973353	F8
013	306	02	616.0	gameplay	False		
013	307	02	620.0	gameplay	True	151.2436441243664	Fp2
013	308	02	624.0	gameplay	True	103.21505342108179	AF8
013	309	02	628.0	gameplay	True	90.76639729822588	F8
013	310	02	632.0	gameplay	True	113.05815475225864	Fp2
013	311	02	636.0	gameplay	True	73.1663358558561	AF7
013	312	02	640.0	gameplay	True	135.93020599841816	Fp2
013	313	02	644.0	gameplay	False		
013	314	02	648.0	gameplay	False		
013	315	02	652.0	gameplay	True	268.28197414109036	Fp2
013	316	02	656.0	gameplay	False		
013	317	02	660.0	gameplay	True	104.70746967918937	F8
013	318	02	664.0	gameplay	True	181.78142874865947	Fp2
013	319	02	668.0	gameplay	True	102.07702617676333	FT9
013	320	02	672.0	gameplay	True	93.8405759125385	AF8
013	321	02	676.0	gameplay	True	126.42627307289717	FT9
013	322	02	680.0	gameplay	True	210.042453315837	Fp2
013	323	02	684.0	gameplay	True	233.99034458343752	Fp2
013	324	02	688.0	gameplay	True	117.43620654732624	AF8
013	325	02	692.0	gameplay	True	107.00415006662905	Fp2
013	326	02	696.0	gameplay	True	182.06199602913955	AF8
013	327	02	700.0	gameplay	True	205.82166244014314	Fp2
013	328	02	704.0	gameplay	True	141.05810132122838	AF8
013	329	02	708.0	gameplay	True	215.70600838190933	Fp2
013	330	02	712.0	gameplay	True	228.09243699545718	AF8
013	331	02	716.0	gameplay	True	201.4936178066637	Fp2
013	332	02	720.0	gameplay	True	224.1360199762634	Fp2
013	333	02	724.0	gameplay	True	203.09606488157175	Fp2
013	334	02	728.0	gameplay	True	105.0458294925925	F8
013	335	02	732.0	gameplay	True	164.52307472443013	Fp2
013	336	02	736.0	gameplay	True	147.5576016277855	AF8
013	337	02	740.0	gameplay	False		
013	338	02	744.0	gameplay	False		
013	339	02	748.0	gameplay	True	136.8844982940931	F8
013	340	02	752.0	gameplay	True	248.9086067179625	AF8
013	341	02	756.0	gameplay	True	120.7253413765888	Fp2
013	342	02	760.0	gameplay	True	219.08267159581237	AF8
013	343	02	764.0	gameplay	True	250.2159033459789	AF8
013	344	02	768.0	gameplay	True	109.42647517460193	AF8
013	345	02	772.0	gameplay	True	253.82287544411525	AF8
013	346	02	776.0	gameplay	True	67.16822233628619	F8
013	347	02	780.0	gameplay	True	143.43450115698897	AF8
013	348	02	784.0	gameplay	True	125.89665570746274	AF8
013	349	02	788.0	gameplay	False		
013	350	02	792.0	gameplay	True	93.71441235248565	AF8
013	351	02	796.0	gameplay	True	193.17873340284632	AF8
013	352	02	800.0	gameplay	True	178.72293425340243	AF8
013	353	02	804.0	gameplay	True	213.221450190903	Fp1
013	354	02	808.0	gameplay	True	91.4237591248376	AF8
013	355	02	812.0	gameplay	True	145.93587838349703	Fp2
013	356	02	816.0	gameplay	True	93.203674176445	F8
013	357	02	820.0	gameplay	True	82.56664637335535	Fp1
013	358	02	824.0	gameplay	True	197.1650500655184	Fp2
013	359	02	828.0	gameplay	True	72.16651143810181	FT9
013	360	02	832.0	gameplay	True	102.54003513600291	AF8
013	361	02	836.0	gameplay	True	130.42828344980106	Fp2
013	362	02	840.0	gameplay	True	162.71714344841226	Fp2
013	363	02	844.0	gameplay	False		
013	364	02	848.0	gameplay	False		
013	365	02	852.0	gameplay	True	82.82144900566878	F8
013	366	02	856.0	gameplay	True	174.971141247487	AF7
013	367	02	860.0	gameplay	True	118.31937000012903	F8
013	368	02	864.0	gameplay	True	156.62033433244153	Fp2
013	369	02	868.0	gameplay	True	189.21647195188837	Fp2
013	370	02	872.0	gameplay	True	84.09397484556864	Fp2
013	371	02	876.0	gameplay	True	167.71755173421354	Fp2
013	372	02	880.0	gameplay	True	151.1613688485919	FC4
013	373	02	884.0	gameplay	True	109.54758050412073	AF8
013	374	02	888.0	gameplay	True	204.34598893633043	Fp2
013	375	02	892.0	gameplay	True	125.64146372132754	F8
013	376	02	896.0	gameplay	False		
013	377	02	900.0	gameplay	True	161.9673535334852	AF7
013	378	02	904.0	gameplay	True	262.12218805509156	Fp2
013	379	02	908.0	gameplay	True	114.67278252710278	Fp1
013	380	02	912.0	gameplay	True	216.578307595193	Fp2
013	381	02	916.0	gameplay	True	144.98716720738636	AF7
013	382	02	920.0	gameplay	True	116.27177785567184	AF8
013	383	02	924.0	gameplay	True	171.20486374379954	Fp1
013	384	02	928.0	gameplay	True	170.19538079763794	AF8
013	385	02	932.0	gameplay	True	151.63193472333595	AF8
013	386	02	936.0	gameplay	True	67.2693784276788	AF8
013	387	02	940.0	gameplay	True	196.51208440614897	Fp2
013	388	02	944.0	gameplay	True	183.1288141933308	Fp2
013	389	02	948.0	gameplay	True	185.64419493027017	AF7
013	390	02	952.0	gameplay	True	211.1084892981307	Fp2
013	391	02	956.0	gameplay	True	162.449702786218	Fp2
013	392	02	960.0	gameplay	True	219.74582981284487	Fp2
013	393	02	964.0	gameplay	True	195.54918615322404	FT9
013	394	02	968.0	gameplay	True	180.2503466935386	FT9
013	395	02	972.0	gameplay	True	188.01445326231413	Fp2
013	396	02	976.0	gameplay	True	162.17947725142287	AF8
013	397	02	980.0	gameplay	True	218.40257206023378	AF8
013	398	02	984.0	gameplay	True	113.11857202690037	Fp2
013	399	02	988.0	gameplay	False		
013	400	02	992.0	gameplay	True	137.16664089901326	AF8
013	401	02	996.0	gameplay	True	154.28207346395257	AF8
013	402	02	1000.0	gameplay	True	178.5938792351014	Fp2
013	403	02	1004.0	gameplay	True	166.05866194145653	AF8
013	404	02	1008.0	gameplay	True	86.80931066489228	AF8
013	405	02	1012.0	gameplay	True	82.02174742576844	AF8
013	406	02	1016.0	gameplay	True	122.3626170553976	AF8
013	407	02	1020.0	gameplay	True	62.804576743332895	Fp2
013	408	02	1024.0	gameplay	True	110.19119233432662	F8
013	409	02	1028.0	gameplay	True	104.41451229621032	AF8
013	410	02	1032.0	gameplay	True	112.16063288136974	AF8
013	411	02	1036.0	gameplay	True	182.59705685844327	AF8
013	412	02	1040.0	gameplay	True	145.78873772258393	Fp2
013	413	02	1044.0	gameplay	True	158.57735412980364	AF8
013	414	02	1048.0	gameplay	True	143.7615696229765	Fp2
013	415	02	1052.0	gameplay	False		
013	416	02	1056.0	gameplay	True	260.29829343110254	Fp2
013	417	02	1060.0	gameplay	True	188.07093763647947	Fp2
013	418	02	1064.0	gameplay	True	127.9750477241141	AF8
013	419	02	1068.0	gameplay	True	252.8573601264538	FC4
013	420	02	1072.0	gameplay	True	196.2732234053249	Fp2
013	421	02	1076.0	gameplay	True	93.31450257516245	AF8
013	422	02	1080.0	gameplay	True	85.3086431205135	AF8
013	423	02	1084.0	gameplay	True	93.65562040488776	F8
013	424	02	1088.0	gameplay	True	84.15642350189788	F8
013	425	02	1092.0	gameplay	True	201.2683485100345	Fp2
013	426	02	1096.0	gameplay	True	182.5364487348968	Fp2
013	427	02	1100.0	task_boundary	True	198.3694832522426	Fp2
013	428	02	1104.0	outside_inferred_tasks	True	147.31129035347942	Fp1
013	429	02	1108.0	outside_inferred_tasks	True	182.80956999900044	Fp2
013	430	02	1112.0	outside_inferred_tasks	True	106.6591603050689	Fp1
013	431	02	1116.0	outside_inferred_tasks	True	189.99219071111713	Fp2
013	432	02	1120.0	outside_inferred_tasks	True	168.06555121043303	AF8
013	433	02	1124.0	outside_inferred_tasks	True	146.43478717576104	Fp2
013	434	02	1128.0	task_boundary	True	111.38844642460765	Fp2
013	435	02	1132.0	gameplay	True	163.9665600531405	AF8
013	436	02	1136.0	gameplay	True	146.2746159911161	Fp2
013	437	02	1140.0	gameplay	True	113.05540426360653	AF8
013	438	02	1144.0	gameplay	True	148.46913110190806	FT7
013	439	02	1148.0	gameplay	True	143.178321670964	Fp2
013	440	02	1152.0	gameplay	True	97.98903249868386	FT7
013	441	02	1156.0	gameplay	True	169.9000927804025	AF7
013	442	02	1160.0	gameplay	True	193.1245112097671	AF8
013	443	02	1164.0	gameplay	True	100.86417747575756	Fp2
013	444	02	1168.0	gameplay	True	122.11935400269458	Fp1
013	445	02	1172.0	gameplay	True	84.85424786147959	Fp1
013	446	02	1176.0	gameplay	True	188.55729626857655	Fp2
013	447	02	1180.0	gameplay	False		
013	448	02	1184.0	gameplay	True	101.94537332601745	AF8
013	449	02	1188.0	gameplay	True	126.18146097515346	AF8
013	450	02	1192.0	gameplay	True	84.95991501065808	F8
013	451	02	1196.0	gameplay	True	149.42748984373787	AF8
013	452	02	1200.0	gameplay	True	75.82275756207946	AF8
013	453	02	1204.0	gameplay	True	73.57624407328069	F8
013	454	02	1208.0	gameplay	True	174.80737260588927	Fp2
013	455	02	1212.0	gameplay	False		
013	456	02	1216.0	gameplay	True	122.32213558563551	Fp2
013	457	02	1220.0	gameplay	True	158.72708096776478	Fp1
013	458	02	1224.0	gameplay	True	232.2774728531685	Fp1
013	459	02	1228.0	gameplay	True	127.92377428450314	AF7
013	460	02	1232.0	gameplay	True	129.0535885139596	AF8
013	461	02	1236.0	gameplay	True	88.7416494518904	FT9
013	462	02	1240.0	gameplay	False		
013	463	02	1244.0	gameplay	True	141.63265563839997	Fp2
013	464	02	1248.0	gameplay	True	173.67089409563997	Fp2
013	465	02	1252.0	gameplay	True	145.2377010999175	Fp2
013	466	02	1256.0	gameplay	False		
013	467	02	1260.0	gameplay	True	203.1225964147528	Fp2
013	468	02	1264.0	gameplay	True	154.8897167036615	Fp1
013	469	02	1268.0	gameplay	True	177.45034742497268	Fp2
013	470	02	1272.0	gameplay	True	114.54190798145885	AF8
013	471	02	1276.0	gameplay	True	86.9556844609497	AF8
013	472	02	1280.0	gameplay	True	77.09421518664551	Fp2
013	473	02	1284.0	gameplay	True	101.21482817029522	Fp2
013	474	02	1288.0	gameplay	True	96.14510327012954	F8
013	475	02	1292.0	gameplay	True	215.54615732443744	Fp2
013	476	02	1296.0	gameplay	False		
013	477	02	1300.0	gameplay	True	217.2476306360189	Fp2
013	478	02	1304.0	gameplay	False		
013	479	02	1308.0	gameplay	True	178.44490784015076	AF8
013	480	02	1312.0	gameplay	True	227.0111839389787	Fp2
013	481	02	1316.0	gameplay	True	195.63367770225085	Fp1
013	482	02	1320.0	gameplay	True	143.88326989751747	AF8
013	483	02	1324.0	gameplay	True	100.09470331200595	AF8
013	484	02	1328.0	gameplay	True	142.13300668349893	Fp2
013	485	02	1332.0	gameplay	True	105.77797282458668	AF8
013	486	02	1336.0	gameplay	True	193.19773063027105	Fp2
013	487	02	1340.0	gameplay	True	206.2878262265965	AF8
013	488	02	1344.0	gameplay	True	177.15268648753047	Fp2
013	489	02	1348.0	gameplay	True	211.8122707487443	AF8
013	490	02	1352.0	gameplay	True	200.4974437195682	Fp2
013	491	02	1356.0	gameplay	True	79.1946925078835	FT9
013	492	02	1360.0	gameplay	True	127.9846798728397	Fp2
013	493	02	1364.0	gameplay	True	63.56100832624037	TP9
013	494	02	1368.0	gameplay	True	107.33577313260933	AF8
013	495	02	1372.0	gameplay	False		
013	496	02	1376.0	gameplay	True	217.03898958213648	AF8
013	497	02	1380.0	gameplay	True	210.3357308806066	Fp2
013	498	02	1384.0	gameplay	True	214.53113115347574	Fp2
013	499	02	1388.0	gameplay	True	195.1437983748502	Fp2
013	500	02	1392.0	gameplay	True	64.07789594268347	TP9
013	501	02	1396.0	gameplay	True	121.23806738310482	F8
013	502	02	1400.0	gameplay	True	174.22832056321243	Fp1
013	503	02	1404.0	gameplay	False		
013	504	02	1408.0	gameplay	True	254.09856358452294	AF8
013	505	02	1412.0	gameplay	True	134.4806400665585	AF8
013	506	02	1416.0	gameplay	True	85.54201871352358	AF8
013	507	02	1420.0	gameplay	True	161.08676697741643	Fp2
013	508	02	1424.0	gameplay	True	219.51723404517028	AF8
013	509	02	1428.0	gameplay	True	221.97320130930964	Fp2
013	510	02	1432.0	gameplay	True	228.86092327867854	Fp2
013	511	02	1436.0	gameplay	True	125.73797958023057	FT9
013	512	02	1440.0	gameplay	True	118.7698094183488	AF8
013	513	02	1444.0	gameplay	True	135.79758054317543	AF8
013	514	02	1448.0	gameplay	True	113.5902095020654	AF8
013	515	02	1452.0	gameplay	True	240.5120310690733	AF8
013	516	02	1456.0	gameplay	True	178.3210290580888	Fp2
013	517	02	1460.0	gameplay	True	181.7709385732291	Fp2
013	518	02	1464.0	gameplay	False		
013	519	02	1468.0	gameplay	True	181.26909953158452	Fp2
013	520	02	1472.0	gameplay	True	86.57734658809804	AF7
013	521	02	1476.0	gameplay	True	170.84115557524802	Fp2
013	522	02	1480.0	gameplay	True	75.09736234300824	TP9
013	523	02	1484.0	gameplay	True	85.40043995033791	AF8
013	524	02	1488.0	gameplay	False		
013	525	02	1492.0	gameplay	False		
013	526	02	1496.0	gameplay	True	216.2019992520789	Fp2
013	527	02	1500.0	gameplay	True	151.03448475882902	Fp1
013	528	02	1504.0	gameplay	True	229.5082545609827	AF8
013	529	02	1508.0	gameplay	True	138.28957714561835	AF8
013	530	02	1512.0	gameplay	True	78.36873606189741	Fp2
013	531	02	1516.0	gameplay	True	227.05555649746037	Fp1
013	532	02	1520.0	gameplay	True	193.4931712534824	AF8
013	533	02	1524.0	gameplay	True	217.49578808914566	Fp2
013	534	02	1528.0	gameplay	True	117.4947697274462	Fp1
013	535	02	1532.0	gameplay	True	214.0807872056736	Fp2
013	536	02	1536.0	gameplay	True	108.78407824282469	PO8
013	537	02	1540.0	gameplay	True	68.53867143152445	AF8
013	538	02	1544.0	gameplay	True	121.77458158748824	Fp1
013	539	02	1548.0	gameplay	False		
013	540	02	1552.0	gameplay	True	172.9096827361862	Fp2
013	541	02	1556.0	gameplay	False		
013	542	02	1560.0	gameplay	True	97.45822877339845	AF7
013	543	02	1564.0	gameplay	True	71.9166601202358	AF8
013	544	02	1568.0	gameplay	True	233.7314715329385	Fp2
013	545	02	1572.0	gameplay	True	73.48913549535824	FT9
013	546	02	1576.0	gameplay	True	144.7111202896186	AF8
013	547	02	1580.0	gameplay	True	111.02873592442951	Fp2
013	548	02	1584.0	gameplay	True	111.34611107167014	AF8
013	549	02	1588.0	gameplay	True	150.81880911263391	T8
013	550	02	1592.0	gameplay	True	127.92347684987583	AF8
013	551	02	1596.0	gameplay	False		
013	552	02	1600.0	gameplay	True	79.09643905624296	FT9
013	553	02	1604.0	gameplay	True	109.07564514128508	AF8
013	554	02	1608.0	gameplay	True	216.30736468605372	Fp2
013	555	02	1612.0	gameplay	True	100.85764667499984	AF8
013	556	02	1616.0	gameplay	True	170.67580738545203	Fp2
013	557	02	1620.0	gameplay	True	125.08258396874322	F8
013	558	02	1624.0	gameplay	True	181.45192291800743	AF7
013	559	02	1628.0	gameplay	True	170.6931148716733	Fp2
013	560	02	1632.0	gameplay	True	112.71041455624331	F8
013	561	02	1636.0	gameplay	True	187.89072757628418	Fp2
013	562	02	1640.0	gameplay	True	191.67417869704508	Fp2
013	563	02	1644.0	gameplay	True	182.07328765703332	Fp2
013	564	02	1648.0	gameplay	True	176.43757596913457	AF8
013	565	02	1652.0	gameplay	False		
013	566	02	1656.0	gameplay	True	151.28701742948726	Fp1
013	567	02	1660.0	gameplay	True	193.2046696554287	Fp2
013	568	02	1664.0	gameplay	True	217.19095943061433	Fp2
013	569	02	1668.0	gameplay	True	232.51915282958302	Fp2
013	570	02	1672.0	gameplay	True	255.55391601964263	Fp2
013	571	02	1676.0	gameplay	False		
013	572	02	1680.0	gameplay	False		
013	573	02	1684.0	gameplay	True	241.92694797741447	AF8
013	574	02	1688.0	gameplay	True	120.65704691939101	AF8
013	575	02	1692.0	gameplay	True	125.77945682711695	Fp2
013	576	02	1696.0	gameplay	False		
013	577	02	1700.0	gameplay	False		
013	578	02	1704.0	gameplay	False		
013	579	02	1708.0	gameplay	True	267.65072562385956	Fp2
013	580	02	1712.0	gameplay	True	101.42926394564957	FT9
013	581	02	1716.0	gameplay	True	198.6998515807889	Fp2
013	582	02	1720.0	gameplay	False		
013	583	02	1724.0	gameplay	True	213.31932769069397	Fp2
013	584	02	1728.0	gameplay	True	174.34905965782073	Fp2
013	585	02	1732.0	gameplay	True	216.27253671617336	Fp2
013	586	02	1736.0	gameplay	True	255.38657308518756	Fp1
013	587	02	1740.0	gameplay	True	118.42662403082228	AF8
013	588	02	1744.0	gameplay	True	210.90410573828052	AF8
013	589	02	1748.0	gameplay	True	201.6032136871406	Fp2
013	590	02	1752.0	gameplay	True	110.1958691392227	Fp1
013	591	02	1756.0	gameplay	True	223.59939520808837	Fp1
013	592	02	1760.0	gameplay	True	204.77188807218664	Fp2
013	593	02	1764.0	gameplay	True	242.61136573634707	Fp2
013	594	02	1768.0	gameplay	True	235.80783016135288	Fp1
013	595	02	1772.0	gameplay	True	196.54649312356844	Fp2
013	596	02	1776.0	gameplay	True	160.41566813871802	Fp1
013	597	02	1780.0	gameplay	True	174.92864563830324	Fp2
013	598	02	1784.0	gameplay	True	140.41999405716322	Fp2
013	599	02	1788.0	gameplay	True	122.92962232920404	Fp2
013	600	02	1792.0	gameplay	True	192.5146669148572	Fp2
013	601	02	1796.0	gameplay	True	152.56962558029855	AF8
013	602	02	1800.0	gameplay	True	203.4276654291383	Fp2
013	603	02	1804.0	gameplay	True	208.75508832295867	Fp2
013	604	02	1808.0	gameplay	True	143.11885426513587	F8
013	605	02	1812.0	gameplay	True	235.89365716662246	Fp2
013	606	02	1816.0	gameplay	True	148.54079398869658	F8
013	607	02	1820.0	gameplay	True	87.53920717691483	F8
013	608	02	1824.0	gameplay	True	214.1867022584028	Fp2
013	609	02	1828.0	gameplay	True	116.69819609006065	AF8
013	610	02	1832.0	gameplay	True	91.53000229342946	AF7
013	611	02	1836.0	gameplay	True	185.7759128036899	Fp2
013	612	02	1840.0	gameplay	True	238.1934196890856	Fp2
013	613	02	1844.0	gameplay	True	165.35591863434172	AF8
013	614	02	1848.0	gameplay	True	186.3283802224363	Fp1
013	615	02	1852.0	gameplay	True	79.90874071192549	F8
014	0	01	0.0	outside_inferred_tasks	False		
014	1	01	4.0	task_boundary	False		
014	2	01	8.0	oddball	False		
014	3	01	12.0	oddball	False		
014	4	01	16.0	oddball	False		
014	5	01	20.0	oddball	True	225.48367650624303	Fp2
014	6	01	24.0	oddball	True	230.74092397073963	Fp2
014	7	01	28.0	oddball	False		
014	8	01	32.0	oddball	True	202.94143242511325	Fp2
014	9	01	36.0	oddball	True	226.3564909776973	Fp2
014	10	01	40.0	oddball	True	220.20025161082904	Fp2
014	11	01	44.0	oddball	False		
014	12	01	48.0	oddball	False		
014	13	01	52.0	oddball	True	220.02942193040528	Fp2
014	14	01	56.0	oddball	True	249.80433230814384	AF8
014	15	01	60.0	oddball	True	227.15485734046803	Fp2
014	16	01	64.0	oddball	True	223.2446400524814	Fp2
014	17	01	68.0	oddball	True	237.16554919051035	Fp2
014	18	01	72.0	oddball	False		
014	19	01	76.0	oddball	True	252.4013742890804	AF8
014	20	01	80.0	oddball	False		
014	21	01	84.0	oddball	False		
014	22	01	88.0	oddball	True	193.09846061474	Fp2
014	23	01	92.0	oddball	True	211.58393413981085	AF8
014	24	01	96.0	oddball	True	224.74161892559349	Fp2
014	25	01	100.0	oddball	True	204.2153088180118	Fp2
014	26	01	104.0	oddball	True	241.57725484283011	AF8
014	27	01	108.0	oddball	False		
014	28	01	112.0	oddball	True	199.88166731012979	Fp2
014	29	01	116.0	oddball	True	246.33605920438055	AF8
014	30	01	120.0	oddball	True	219.2545541729853	AF8
014	31	01	124.0	oddball	True	238.69897424928936	AF8
014	32	01	128.0	oddball	True	246.41706795579313	AF7
014	33	01	132.0	oddball	True	221.62417928029635	AF8
014	34	01	136.0	oddball	True	227.77107588632518	AF8
014	35	01	140.0	oddball	True	206.18625194725257	AF8
014	36	01	144.0	oddball	True	210.25355852088353	Fp2
014	37	01	148.0	oddball	False		
014	38	01	152.0	oddball	True	193.14083834451796	Fp2
014	39	01	156.0	oddball	True	244.72459704944313	AF7
014	40	01	160.0	oddball	False		
014	41	01	164.0	oddball	True	229.4126580701786	AF8
014	42	01	168.0	oddball	False		
014	43	01	172.0	oddball	True	230.30172261515804	AF8
014	44	01	176.0	oddball	True	221.0823667103185	AF8
014	45	01	180.0	oddball	True	192.1244769815312	Fp2
014	46	01	184.0	oddball	True	220.09032803755989	AF8
014	47	01	188.0	oddball	True	194.63127461592404	Fp2
014	48	01	192.0	oddball	True	204.33923655798742	AF7
014	49	01	196.0	oddball	False		
014	50	01	200.0	oddball	True	216.5226589580884	AF8
014	51	01	204.0	oddball	True	230.45617603574905	AF7
014	52	01	208.0	oddball	False		
014	53	01	212.0	oddball	False		
014	54	01	216.0	oddball	False		
014	55	01	220.0	oddball	True	201.95369265041458	Fp2
014	56	01	224.0	oddball	True	217.63673340874288	AF8
014	57	01	228.0	oddball	False		
014	58	01	232.0	oddball	True	224.29288792215215	AF7
014	59	01	236.0	oddball	True	221.1146500744978	AF8
014	60	01	240.0	oddball	True	189.22427708699124	Fp2
014	61	01	244.0	oddball	True	192.66070889468193	Fp2
014	62	01	248.0	oddball	True	218.618285441614	AF8
014	63	01	252.0	oddball	True	235.8861497660178	AF8
014	64	01	256.0	oddball	True	176.85676926615193	AF7
014	65	01	260.0	oddball	False		
014	66	01	264.0	oddball	True	198.31918303357824	AF8
014	67	01	268.0	oddball	True	249.66709083259553	AF8
014	68	01	272.0	oddball	True	206.94876050780348	Fp2
014	69	01	276.0	oddball	True	225.24821762104466	AF8
014	70	01	280.0	oddball	False		
014	71	01	284.0	oddball	True	194.61145363445246	Fp2
014	72	01	288.0	oddball	True	206.92588770324284	AF8
014	73	01	292.0	oddball	True	211.5279384142462	Fp2
014	74	01	296.0	oddball	False		
014	75	01	300.0	oddball	False		
014	76	01	304.0	oddball	True	203.36168632892455	AF7
014	77	01	308.0	oddball	True	264.4993507893311	C6
014	78	01	312.0	oddball	True	232.73099471827035	FC3
014	79	01	316.0	oddball	True	195.53791021788405	AF7
014	80	01	320.0	oddball	True	216.66102935397262	AF7
014	81	01	324.0	oddball	False		
014	82	01	328.0	oddball	False		
014	83	01	332.0	oddball	True	187.1523852127732	AF8
014	84	01	336.0	oddball	False		
014	85	01	340.0	oddball	True	205.53191310209704	AF8
014	86	01	344.0	oddball	False		
014	87	01	348.0	oddball	True	161.70449021268362	Fp2
014	88	01	352.0	oddball	True	199.9972831868095	Fp2
014	89	01	356.0	oddball	True	216.81381958146113	TP7
014	90	01	360.0	oddball	True	181.07059419510642	AF7
014	91	01	364.0	oddball	True	205.49245413506213	AF7
014	92	01	368.0	oddball	True	432.72502041488207	TP7
014	93	01	372.0	oddball	True	222.1018784721556	AF7
014	94	01	376.0	oddball	True	177.29159852755163	Fp2
014	95	01	380.0	oddball	True	211.2837596257904	AF8
014	96	01	384.0	oddball	True	194.72329261494644	AF7
014	97	01	388.0	oddball	True	196.6357224858886	AF7
014	98	01	392.0	oddball	True	210.55187149849138	AF8
014	99	01	396.0	oddball	True	206.28790217245253	AF7
014	100	01	400.0	oddball	True	139.35847811930182	AF7
014	101	01	404.0	oddball	True	184.30128443880236	Fp2
014	102	01	408.0	oddball	True	210.09376827043258	AF8
014	103	01	412.0	task_boundary	False		
014	104	01	416.0	outside_inferred_tasks	False		
014	105	01	420.0	outside_inferred_tasks	False		
014	106	01	424.0	outside_inferred_tasks	False		
014	107	01	428.0	outside_inferred_tasks	False		
014	108	01	432.0	outside_inferred_tasks	False		
014	109	01	436.0	outside_inferred_tasks	False		
014	110	01	440.0	outside_inferred_tasks	False		
014	111	01	444.0	outside_inferred_tasks	False		
014	112	01	448.0	outside_inferred_tasks	False		
014	113	01	452.0	outside_inferred_tasks	False		
014	114	01	456.0	outside_inferred_tasks	False		
014	115	01	460.0	task_boundary	False		
014	116	01	464.0	task_boundary	False		
014	117	01	468.0	outside_inferred_tasks	False		
014	118	01	472.0	outside_inferred_tasks	False		
014	119	01	476.0	outside_inferred_tasks	False		
014	120	01	480.0	outside_inferred_tasks	False		
014	121	01	484.0	outside_inferred_tasks	False		
014	122	01	488.0	outside_inferred_tasks	False		
014	123	01	492.0	outside_inferred_tasks	False		
014	124	01	496.0	outside_inferred_tasks	False		
014	125	01	500.0	outside_inferred_tasks	False		
014	126	01	504.0	outside_inferred_tasks	False		
014	127	01	508.0	outside_inferred_tasks	False		
014	128	01	512.0	outside_inferred_tasks	False		
014	129	01	516.0	task_boundary	False		
014	130	01	520.0	gambling	False		
014	131	01	524.0	gambling	False		
014	132	01	528.0	gambling	False		
014	133	01	532.0	gambling	True	230.12771903342434	AF7
014	134	01	536.0	gambling	False		
014	135	01	540.0	gambling	False		
014	136	01	544.0	gambling	False		
014	137	01	548.0	gambling	False		
014	138	01	552.0	gambling	False		
014	139	01	556.0	gambling	False		
014	140	01	560.0	gambling	False		
014	141	01	564.0	gambling	False		
014	142	01	568.0	gambling	False		
014	143	01	572.0	gambling	False		
014	144	01	576.0	gambling	False		
014	145	01	580.0	gambling	False		
014	146	01	584.0	gambling	False		
014	147	01	588.0	gambling	False		
014	148	01	592.0	gambling	False		
014	149	01	596.0	gambling	True	285.6999048041426	AF8
014	150	01	600.0	gambling	False		
014	151	01	604.0	gambling	False		
014	152	01	608.0	gambling	False		
014	153	01	612.0	gambling	False		
014	154	01	616.0	gambling	False		
014	155	01	620.0	gambling	False		
014	156	01	624.0	gambling	True	261.47902633652745	AF8
014	157	01	628.0	gambling	False		
014	158	01	632.0	gambling	True	253.83885896803443	Fp2
014	159	01	636.0	gambling	False		
014	160	01	640.0	gambling	False		
014	161	01	644.0	gambling	False		
014	162	01	648.0	gambling	False		
014	163	01	652.0	task_boundary	False		
014	164	01	656.0	outside_inferred_tasks	False		
014	165	02	0.0	outside_inferred_tasks	False		
014	166	02	4.0	outside_inferred_tasks	False		
014	167	02	8.0	outside_inferred_tasks	False		
014	168	02	12.0	outside_inferred_tasks	False		
014	169	02	16.0	outside_inferred_tasks	False		
014	170	02	20.0	outside_inferred_tasks	False		
014	171	02	24.0	outside_inferred_tasks	False		
014	172	02	28.0	outside_inferred_tasks	False		
014	173	02	32.0	outside_inferred_tasks	False		
014	174	02	36.0	outside_inferred_tasks	False		
014	175	02	40.0	outside_inferred_tasks	False		
014	176	02	44.0	outside_inferred_tasks	False		
014	177	02	48.0	outside_inferred_tasks	False		
014	178	02	52.0	outside_inferred_tasks	False		
014	179	02	56.0	outside_inferred_tasks	False		
014	180	02	60.0	outside_inferred_tasks	False		
014	181	02	64.0	outside_inferred_tasks	False		
014	182	02	68.0	outside_inferred_tasks	False		
014	183	02	72.0	task_boundary	False		
014	184	02	76.0	gameplay	False		
014	185	02	80.0	gameplay	False		
014	186	02	84.0	gameplay	False		
014	187	02	88.0	gameplay	False		
014	188	02	92.0	gameplay	False		
014	189	02	96.0	gameplay	False		
014	190	02	100.0	gameplay	False		
014	191	02	104.0	gameplay	False		
014	192	02	108.0	gameplay	False		
014	193	02	112.0	gameplay	False		
014	194	02	116.0	gameplay	False		
014	195	02	120.0	gameplay	False		
014	196	02	124.0	gameplay	True	175.4079891933231	AF7
014	197	02	128.0	gameplay	False		
014	198	02	132.0	gameplay	False		
014	199	02	136.0	gameplay	False		
014	200	02	140.0	gameplay	False		
014	201	02	144.0	gameplay	False		
014	202	02	148.0	gameplay	False		
014	203	02	152.0	gameplay	False		
014	204	02	156.0	gameplay	True	128.28202029504436	AF7
014	205	02	160.0	gameplay	False		
014	206	02	164.0	gameplay	True	117.1022469190534	Fp2
014	207	02	168.0	gameplay	False		
014	208	02	172.0	gameplay	False		
014	209	02	176.0	gameplay	False		
014	210	02	180.0	gameplay	False		
014	211	02	184.0	gameplay	False		
014	212	02	188.0	gameplay	True	192.06432679611362	Fp2
014	213	02	192.0	gameplay	True	232.05800593719528	Fp2
014	214	02	196.0	gameplay	False		
014	215	02	200.0	gameplay	False		
014	216	02	204.0	gameplay	True	227.02875081109121	Fp2
014	217	02	208.0	gameplay	True	242.28495714256997	Fp2
014	218	02	212.0	gameplay	False		
014	219	02	216.0	gameplay	False		
014	220	02	220.0	gameplay	False		
014	221	02	224.0	gameplay	False		
014	222	02	228.0	gameplay	True	111.3158871911345	T7
014	223	02	232.0	gameplay	True	174.86695803290783	Fp2
014	224	02	236.0	gameplay	False		
014	225	02	240.0	gameplay	False		
014	226	02	244.0	gameplay	False		
014	227	02	248.0	gameplay	True	138.55280284885728	AF7
014	228	02	252.0	gameplay	False		
014	229	02	256.0	gameplay	False		
014	230	02	260.0	gameplay	True	170.31790126889163	C5
014	231	02	264.0	gameplay	False		
014	232	02	268.0	gameplay	False		
014	233	02	272.0	gameplay	False		
014	234	02	276.0	gameplay	False		
014	235	02	280.0	gameplay	False		
014	236	02	284.0	gameplay	False		
014	237	02	288.0	gameplay	False		
014	238	02	292.0	gameplay	True	110.51945855370353	AF8
014	239	02	296.0	gameplay	False		
014	240	02	300.0	gameplay	False		
014	241	02	304.0	gameplay	False		
014	242	02	308.0	gameplay	False		
014	243	02	312.0	gameplay	False		
014	244	02	316.0	gameplay	False		
014	245	02	320.0	gameplay	True	134.62005582760622	AF8
014	246	02	324.0	gameplay	True	239.7909194115374	Fp2
014	247	02	328.0	gameplay	False		
014	248	02	332.0	gameplay	False		
014	249	02	336.0	gameplay	False		
014	250	02	340.0	gameplay	False		
014	251	02	344.0	gameplay	True	137.4485164401889	TP7
014	252	02	348.0	gameplay	False		
014	253	02	352.0	gameplay	False		
014	254	02	356.0	gameplay	True	247.76489959369883	AF7
014	255	02	360.0	gameplay	True	230.77484816675255	Fp2
014	256	02	364.0	gameplay	True	218.5595847474108	Fp2
014	257	02	368.0	gameplay	False		
014	258	02	372.0	gameplay	True	139.88908360902977	Fp2
014	259	02	376.0	gameplay	False		
014	260	02	380.0	gameplay	False		
014	261	02	384.0	gameplay	True	235.62042962839294	AF7
014	262	02	388.0	gameplay	False		
014	263	02	392.0	gameplay	False		
014	264	02	396.0	gameplay	True	195.7286675605816	AF7
014	265	02	400.0	gameplay	False		
014	266	02	404.0	gameplay	False		
014	267	02	408.0	gameplay	False		
014	268	02	412.0	gameplay	False		
014	269	02	416.0	gameplay	True	227.52086947991944	AF7
014	270	02	420.0	gameplay	True	182.36470762888877	AF7
014	271	02	424.0	gameplay	False		
014	272	02	428.0	gameplay	False		
014	273	02	432.0	gameplay	False		
014	274	02	436.0	gameplay	False		
014	275	02	440.0	gameplay	False		
014	276	02	444.0	gameplay	False		
014	277	02	448.0	gameplay	False		
014	278	02	452.0	gameplay	False		
014	279	02	456.0	gameplay	False		
014	280	02	460.0	gameplay	False		
014	281	02	464.0	gameplay	False		
014	282	02	468.0	gameplay	False		
014	283	02	472.0	gameplay	True	94.68524915343558	AF8
014	284	02	476.0	gameplay	True	231.4236518442343	Fp2
014	285	02	480.0	gameplay	False		
014	286	02	484.0	gameplay	True	223.1209176175285	Fp2
014	287	02	488.0	gameplay	False		
014	288	02	492.0	gameplay	False		
014	289	02	496.0	gameplay	False		
014	290	02	500.0	gameplay	True	131.16509214177358	AF8
014	291	02	504.0	gameplay	True	219.16680512536072	Fp2
014	292	02	508.0	gameplay	True	180.21273759774994	Fp2
014	293	02	512.0	gameplay	True	221.09535149640732	Fp2
014	294	02	516.0	gameplay	True	203.15765706151103	Fp2
014	295	02	520.0	gameplay	False		
014	296	02	524.0	gameplay	True	176.836783949301	FT9
014	297	02	528.0	gameplay	False		
014	298	02	532.0	gameplay	True	235.546233385685	Fp2
014	299	02	536.0	gameplay	False		
014	300	02	540.0	gameplay	False		
014	301	02	544.0	gameplay	True	223.02997138018608	Fp2
014	302	02	548.0	gameplay	False		
014	303	02	552.0	gameplay	True	244.77618736178368	Fp2
014	304	02	556.0	gameplay	True	140.13082087716242	AF8
014	305	02	560.0	gameplay	True	111.58351854888001	AF8
014	306	02	564.0	gameplay	False		
014	307	02	568.0	gameplay	True	201.3024246398175	AF7
014	308	02	572.0	gameplay	True	233.04624909488933	AF8
014	309	02	576.0	gameplay	False		
014	310	02	580.0	gameplay	True	215.46044877565276	Fp2
014	311	02	584.0	gameplay	True	99.97652405694559	PO7
014	312	02	588.0	gameplay	True	123.30610245700157	AF7
014	313	02	592.0	gameplay	False		
014	314	02	596.0	gameplay	True	132.54081317394753	FC5
014	315	02	600.0	gameplay	False		
014	316	02	604.0	gameplay	True	132.24217950838943	AF8
014	317	02	608.0	gameplay	True	100.6578213879457	Fp2
014	318	02	612.0	gameplay	True	117.06280882927807	AF7
014	319	02	616.0	gameplay	True	107.59773233564758	T8
014	320	02	620.0	gameplay	True	112.51035278929425	T8
014	321	02	624.0	gameplay	True	202.62890219413327	Fp2
014	322	02	628.0	gameplay	False		
014	323	02	632.0	gameplay	True	97.32999024578069	PO7
014	324	02	636.0	gameplay	True	166.47362486246675	AF8
014	325	02	640.0	gameplay	True	150.6307028204787	Fp2
014	326	02	644.0	gameplay	True	151.30206274942913	AF7
014	327	02	648.0	gameplay	True	122.89162784957975	T8
014	328	02	652.0	gameplay	False		
014	329	02	656.0	gameplay	True	115.59632850188211	AF8
014	330	02	660.0	gameplay	True	88.40443786103594	PO7
014	331	02	664.0	gameplay	True	122.72724492715001	AF8
014	332	02	668.0	gameplay	True	184.2317728097033	AF7
014	333	02	672.0	gameplay	True	121.69396942468893	F7
014	334	02	676.0	gameplay	False		
014	335	02	680.0	gameplay	True	105.78911170610687	T8
014	336	02	684.0	gameplay	True	112.63958708766525	AF8
014	337	02	688.0	gameplay	False		
014	338	02	692.0	gameplay	True	144.19428205366444	AF7
014	339	02	696.0	gameplay	True	104.33198912699619	AF8
014	340	02	700.0	gameplay	False		
014	341	02	704.0	gameplay	True	187.47636380897868	AF8
014	342	02	708.0	gameplay	True	141.06050449538336	FC5
014	343	02	712.0	gameplay	True	124.23708328273793	AF8
014	344	02	716.0	gameplay	True	108.804389758697	T8
014	345	02	720.0	gameplay	True	129.06246135422478	Fp2
014	346	02	724.0	gameplay	True	192.67216828310265	Fp2
014	347	02	728.0	gameplay	False		
014	348	02	732.0	gameplay	True	215.24750465040333	AF8
014	349	02	736.0	gameplay	True	124.8204992318065	F7
014	350	02	740.0	gameplay	False		
014	351	02	744.0	gameplay	True	126.68156394867846	AF8
014	352	02	748.0	gameplay	True	165.34281111914308	AF7
014	353	02	752.0	gameplay	True	161.1012492375164	AF8
014	354	02	756.0	gameplay	True	118.94406870506083	AF7
014	355	02	760.0	gameplay	True	121.41086921246429	T8
014	356	02	764.0	gameplay	True	100.55712482032642	T8
014	357	02	768.0	gameplay	True	190.8974108126783	AF7
014	358	02	772.0	gameplay	False		
014	359	02	776.0	gameplay	True	149.7180933939131	AF8
014	360	02	780.0	gameplay	True	141.80289794783204	AF7
014	361	02	784.0	gameplay	True	179.83984717660124	AF7
014	362	02	788.0	gameplay	True	189.06272096246772	AF8
014	363	02	792.0	gameplay	True	102.701491948027	T8
014	364	02	796.0	gameplay	True	182.46610210039114	AF7
014	365	02	800.0	gameplay	True	131.26542616692058	AF8
014	366	02	804.0	gameplay	True	103.51332446044665	P8
014	367	02	808.0	gameplay	False		
014	368	02	812.0	gameplay	True	108.59767889111603	PO7
014	369	02	816.0	gameplay	True	111.98282594822645	AF8
014	370	02	820.0	gameplay	True	93.55293620612005	P8
014	371	02	824.0	gameplay	True	231.38143855615934	AF8
014	372	02	828.0	gameplay	False		
014	373	02	832.0	gameplay	True	101.99583797763293	T8
014	374	02	836.0	gameplay	False		
014	375	02	840.0	gameplay	True	92.2793195094368	PO7
014	376	02	844.0	gameplay	True	100.37451144123648	C5
014	377	02	848.0	gameplay	True	191.15266389884695	AF8
014	378	02	852.0	gameplay	False		
014	379	02	856.0	gameplay	False		
014	380	02	860.0	gameplay	True	100.45735906002903	C5
014	381	02	864.0	gameplay	False		
014	382	02	868.0	gameplay	True	203.89408810404063	AF7
014	383	02	872.0	gameplay	True	124.85022321566132	T7
014	384	02	876.0	gameplay	False		
014	385	02	880.0	gameplay	True	119.76773420101958	T7
014	386	02	884.0	gameplay	True	136.17396886502152	AF8
014	387	02	888.0	gameplay	True	122.43338753566293	AF8
014	388	02	892.0	gameplay	False		
014	389	02	896.0	gameplay	False		
014	390	02	900.0	gameplay	True	138.31979719791323	AF8
014	391	02	904.0	gameplay	False		
014	392	02	908.0	gameplay	False		
014	393	02	912.0	gameplay	True	134.30753668699873	AF8
014	394	02	916.0	gameplay	True	98.86096167026422	T8
014	395	02	920.0	gameplay	True	168.34353231158508	AF7
014	396	02	924.0	gameplay	True	164.7325701277312	AF7
014	397	02	928.0	gameplay	False		
014	398	02	932.0	gameplay	True	267.4471733286276	AF7
014	399	02	936.0	gameplay	True	97.92126804735322	AF7
014	400	02	940.0	gameplay	True	163.01819970742932	AF7
014	401	02	944.0	gameplay	True	112.95162534874831	Fp2
014	402	02	948.0	gameplay	True	83.58113453919562	AF7
014	403	02	952.0	gameplay	True	123.21499978775802	AF8
014	404	02	956.0	gameplay	True	92.05181480140547	T8
014	405	02	960.0	gameplay	True	92.16300934979513	C5
014	406	02	964.0	gameplay	True	127.0708271051689	F8
014	407	02	968.0	gameplay	False		
014	408	02	972.0	gameplay	False		
014	409	02	976.0	gameplay	False		
014	410	02	980.0	gameplay	True	100.42026871277575	Fp2
014	411	02	984.0	gameplay	False		
014	412	02	988.0	gameplay	True	162.37554491586755	F7
014	413	02	992.0	gameplay	True	235.87073076996896	Fp2
014	414	02	996.0	gameplay	True	244.260436332973	F8
014	415	02	1000.0	gameplay	False		
014	416	02	1004.0	gameplay	True	135.30731149629446	AF8
014	417	02	1008.0	gameplay	True	116.85990112560705	AF8
014	418	02	1012.0	gameplay	True	197.97363246155413	Fp2
014	419	02	1016.0	gameplay	True	94.89709823641398	AF7
014	420	02	1020.0	gameplay	True	218.65506695433265	Fp2
014	421	02	1024.0	gameplay	True	97.14736911543038	AF8
014	422	02	1028.0	gameplay	True	147.1776958031861	Fp2
014	423	02	1032.0	gameplay	True	173.2369686770679	AF7
014	424	02	1036.0	gameplay	True	156.8339877912867	AF8
014	425	02	1040.0	gameplay	True	103.22646678913522	AF8
014	426	02	1044.0	gameplay	True	123.84481025450744	AF8
014	427	02	1048.0	gameplay	True	204.3461414110199	AF7
014	428	02	1052.0	gameplay	False		
014	429	02	1056.0	gameplay	True	237.4352563197007	AF8
014	430	02	1060.0	gameplay	True	196.05943257340587	AF8
014	431	02	1064.0	gameplay	True	110.41165517120236	T8
014	432	02	1068.0	gameplay	True	234.78362996299867	Fp2
014	433	02	1072.0	gameplay	True	122.36472673391846	AF8
014	434	02	1076.0	gameplay	False		
014	435	02	1080.0	gameplay	True	93.81606655222684	T8
014	436	02	1084.0	gameplay	False		
014	437	02	1088.0	gameplay	True	120.17034489331321	C5
014	438	02	1092.0	gameplay	True	216.94341989564896	Fp2
014	439	02	1096.0	gameplay	False		
014	440	02	1100.0	gameplay	True	203.22298007949433	Fp2
014	441	02	1104.0	gameplay	True	147.52561155651838	AF8
014	442	02	1108.0	gameplay	True	106.49085591840186	AF8
014	443	02	1112.0	gameplay	True	232.64023558027398	AF8
014	444	02	1116.0	gameplay	True	128.66077012562195	AF7
014	445	02	1120.0	gameplay	True	82.62270708444598	T8
014	446	02	1124.0	gameplay	True	119.44351931159007	AF7
014	447	02	1128.0	gameplay	True	168.3000522586394	Fp2
014	448	02	1132.0	gameplay	True	130.9833027132292	AF7
014	449	02	1136.0	gameplay	True	177.34935702041892	AF7
014	450	02	1140.0	gameplay	True	148.48370723605984	F7
014	451	02	1144.0	gameplay	True	137.67723056308657	AF8
014	452	02	1148.0	gameplay	True	126.1976963539813	AF7
014	453	02	1152.0	gameplay	True	131.54950284796092	F8
014	454	02	1156.0	gameplay	True	83.40159585278225	Fp2
014	455	02	1160.0	gameplay	False		
014	456	02	1164.0	gameplay	True	197.214610387238	Fp2
014	457	02	1168.0	gameplay	True	109.62474803430598	AF8
014	458	02	1172.0	gameplay	True	96.10175677272754	AF8
014	459	02	1176.0	gameplay	True	114.73764387167257	Fp2
014	460	02	1180.0	gameplay	True	120.8613964812294	PO7
014	461	02	1184.0	gameplay	False		
014	462	02	1188.0	gameplay	False		
014	463	02	1192.0	gameplay	True	215.53897800523916	FC6
014	464	02	1196.0	gameplay	True	123.89703329944912	AF7
014	465	02	1200.0	gameplay	True	96.08474321734734	AF8
014	466	02	1204.0	gameplay	True	239.76258760445089	AF8
014	467	02	1208.0	gameplay	True	256.35058531275087	AF8
014	468	02	1212.0	gameplay	True	120.09906360720078	AF8
014	469	02	1216.0	gameplay	True	88.87908910859673	AF7
014	470	02	1220.0	gameplay	False		
014	471	02	1224.0	gameplay	True	236.78653694584352	Fp2
014	472	02	1228.0	gameplay	True	106.8696553761764	AF8
014	473	02	1232.0	gameplay	True	157.48982588061833	AF7
014	474	02	1236.0	gameplay	True	97.51383560215613	AF8
014	475	02	1240.0	gameplay	True	118.84604240970353	AF7
014	476	02	1244.0	gameplay	True	154.10581929987745	AF8
014	477	02	1248.0	gameplay	False		
014	478	02	1252.0	gameplay	False		
014	479	02	1256.0	gameplay	True	106.00344823493984	T7
014	480	02	1260.0	gameplay	True	113.49569669243033	AF8
014	481	02	1264.0	gameplay	True	187.47283888800808	AF8
014	482	02	1268.0	gameplay	True	231.99239623308532	AF8
014	483	02	1272.0	gameplay	True	112.27319319133532	AF7
014	484	02	1276.0	gameplay	True	216.82626650482493	Fp2
014	485	02	1280.0	gameplay	True	117.00963181041129	AF7
014	486	02	1284.0	gameplay	True	216.05451548563153	Fp2
014	487	02	1288.0	gameplay	True	91.83755851312682	Fp2
014	488	02	1292.0	gameplay	True	161.78958845525295	AF8
014	489	02	1296.0	gameplay	True	162.79641687294153	AF7
014	490	02	1300.0	gameplay	True	160.89981021983166	AF7
014	491	02	1304.0	gameplay	False		
014	492	02	1308.0	gameplay	True	124.96188305012095	Fp2
014	493	02	1312.0	gameplay	True	77.79707505637805	PO7
014	494	02	1316.0	gameplay	False		
014	495	02	1320.0	gameplay	True	127.03708212761957	AF7
014	496	02	1324.0	gameplay	True	84.9249379865123	AF8
014	497	02	1328.0	gameplay	True	94.08791325108417	AF8
014	498	02	1332.0	gameplay	True	186.59032408856592	AF8
014	499	02	1336.0	gameplay	False		
014	500	02	1340.0	gameplay	True	90.03809335654775	AF8
014	501	02	1344.0	gameplay	True	195.2950205757819	Fp2
014	502	02	1348.0	gameplay	True	80.16635117409776	PO7
014	503	02	1352.0	gameplay	True	225.98130035312002	AF8
014	504	02	1356.0	gameplay	True	161.05126913440589	AF7
014	505	02	1360.0	gameplay	True	159.64702945879887	AF7
014	506	02	1364.0	gameplay	True	134.8850857869284	F8
014	507	02	1368.0	gameplay	False		
014	508	02	1372.0	gameplay	True	100.52245683896132	AF8
014	509	02	1376.0	gameplay	True	200.39806325044694	Fp2
014	510	02	1380.0	gameplay	True	110.72306034179677	T8
014	511	02	1384.0	gameplay	True	233.9789992731423	Fp2
014	512	02	1388.0	gameplay	True	110.37442751115358	T8
014	513	02	1392.0	gameplay	True	205.75591995968196	AF7
014	514	02	1396.0	gameplay	False		
014	515	02	1400.0	gameplay	True	146.29906051494387	AF8
014	516	02	1404.0	gameplay	False		
014	517	02	1408.0	gameplay	False		
014	518	02	1412.0	gameplay	True	255.66554951120148	Fp2
014	519	02	1416.0	gameplay	True	112.93585941690338	Fp2
014	520	02	1420.0	gameplay	True	93.15330472636633	AF8
014	521	02	1424.0	gameplay	True	128.04023352330012	AF8
014	522	02	1428.0	gameplay	False		
014	523	02	1432.0	gameplay	True	160.7367817888282	AF7
014	524	02	1436.0	gameplay	True	219.60115786286366	Fp2
014	525	02	1440.0	gameplay	False		
014	526	02	1444.0	gameplay	False		
014	527	02	1448.0	gameplay	True	88.83946220523124	AF8
014	528	02	1452.0	gameplay	True	135.01135967106285	AF8
014	529	02	1456.0	gameplay	True	137.32741117249245	AF8
014	530	02	1460.0	gameplay	False		
014	531	02	1464.0	gameplay	False		
014	532	02	1468.0	gameplay	True	110.13381169204281	AF8
014	533	02	1472.0	gameplay	True	80.73125067641347	T8
014	534	02	1476.0	gameplay	True	163.76732581252716	Fp2
014	535	02	1480.0	gameplay	True	142.09860553075717	AF8
014	536	02	1484.0	gameplay	True	97.61856818799315	AF8
014	537	02	1488.0	gameplay	True	150.61879688483944	Fp2
014	538	02	1492.0	gameplay	True	106.12284057261826	AF8
014	539	02	1496.0	gameplay	False		
014	540	02	1500.0	gameplay	True	212.63555100665621	Fp2
014	541	02	1504.0	gameplay	True	106.08239718626531	Fp2
014	542	02	1508.0	gameplay	False		
014	543	02	1512.0	gameplay	True	102.07712531407033	AF8
014	544	02	1516.0	gameplay	True	122.48808266711787	AF7
014	545	02	1520.0	gameplay	False		
014	546	02	1524.0	gameplay	False		
014	547	02	1528.0	gameplay	True	94.18600814607427	PO7
014	548	02	1532.0	gameplay	True	93.13758064571493	T8
014	549	02	1536.0	gameplay	True	96.82402010110074	T8
014	550	02	1540.0	gameplay	True	103.37917680104728	Fp2
014	551	02	1544.0	gameplay	True	94.16318475941317	AF8
014	552	02	1548.0	gameplay	True	111.53138693465391	AF7
014	553	02	1552.0	gameplay	False		
014	554	02	1556.0	gameplay	True	128.53624311761783	Fp2
014	555	02	1560.0	gameplay	True	84.990936113419	T8
014	556	02	1564.0	gameplay	True	109.69390836559947	T8
014	557	02	1568.0	gameplay	True	93.78064705692931	PO7
014	558	02	1572.0	gameplay	False		
014	559	02	1576.0	gameplay	True	240.53084135202243	AF7
014	560	02	1580.0	gameplay	True	161.08193558604646	AF7
014	561	02	1584.0	gameplay	True	202.83744012322182	AF7
014	562	02	1588.0	gameplay	False		
014	563	02	1592.0	gameplay	True	250.05999670910973	AF8
014	564	02	1596.0	gameplay	True	91.18536734277065	T8
014	565	02	1600.0	gameplay	True	199.066802762218	AF8
014	566	02	1604.0	gameplay	True	91.28084166264229	AF7
014	567	02	1608.0	gameplay	False		
014	568	02	1612.0	gameplay	True	240.2919265696504	Fp2
014	569	02	1616.0	gameplay	True	122.48884557902636	AF8
014	570	02	1620.0	gameplay	True	95.3791043791893	T8
014	571	02	1624.0	gameplay	True	106.6225240090119	T8
014	572	02	1628.0	gameplay	True	193.41637755794963	Fp2
014	573	02	1632.0	gameplay	True	97.7214734571402	T8
014	574	02	1636.0	gameplay	True	208.75650698738204	Fp2
014	575	02	1640.0	gameplay	True	119.30188723237333	AF8
014	576	02	1644.0	gameplay	True	108.42130637056934	P8
014	577	02	1648.0	gameplay	True	191.6479066974884	Fp2
014	578	02	1652.0	gameplay	True	101.93100323798221	PO7
014	579	02	1656.0	gameplay	True	209.8987458743038	AF8
014	580	02	1660.0	gameplay	True	114.7145344703837	T8
014	581	02	1664.0	gameplay	True	96.86807225432672	P8
014	582	02	1668.0	gameplay	True	117.59523744162975	F8
014	583	02	1672.0	gameplay	True	97.01886341382281	T8
014	584	02	1676.0	gameplay	False		
014	585	02	1680.0	gameplay	False		
014	586	02	1684.0	gameplay	True	228.1962459687056	AF7
014	587	02	1688.0	gameplay	True	121.18253283722335	AF8
014	588	02	1692.0	gameplay	True	133.62742968805023	AF8
014	589	02	1696.0	gameplay	True	101.24714633634713	PO7
014	590	02	1700.0	gameplay	False		
014	591	02	1704.0	gameplay	True	203.4926519156509	Fp2
014	592	02	1708.0	gameplay	True	104.0431250119228	PO7
014	593	02	1712.0	gameplay	True	116.96768915545412	AF8
014	594	02	1716.0	gameplay	True	110.53944750436142	AF8
014	595	02	1720.0	gameplay	True	105.52360891095589	AF8
014	596	02	1724.0	gameplay	True	100.55734234979766	PO7
014	597	02	1728.0	gameplay	True	155.5809207783374	AF8
014	598	02	1732.0	gameplay	True	117.9883953958046	AF8
014	599	02	1736.0	gameplay	True	143.18500863482683	F7
014	600	02	1740.0	gameplay	False		
014	601	02	1744.0	gameplay	True	129.03255429225362	AF8
014	602	02	1748.0	gameplay	True	182.96585036178243	AF7
014	603	02	1752.0	gameplay	True	186.80651793256908	AF8
014	604	02	1756.0	gameplay	True	120.41770913030312	PO7
014	605	02	1760.0	gameplay	True	114.99009674940822	PO7
014	606	02	1764.0	gameplay	False		
014	607	02	1768.0	gameplay	True	110.06175960489526	PO7
014	608	02	1772.0	gameplay	True	110.42565118746221	T8
014	609	02	1776.0	gameplay	True	104.50754511499686	PO7
014	610	02	1780.0	gameplay	True	101.85783357112219	T8
014	611	02	1784.0	gameplay	True	99.97998408119133	T8
014	612	02	1788.0	gameplay	True	98.8319662116901	T8
014	613	02	1792.0	gameplay	True	138.59680143225629	Fp2
014	614	02	1796.0	gameplay	True	139.74820664357446	F7
014	615	02	1800.0	gameplay	True	190.26658597869687	Fp2
014	616	02	1804.0	gameplay	True	200.36993767622474	Fp2
014	617	02	1808.0	gameplay	True	198.07701446257292	Fp2
014	618	02	1812.0	gameplay	True	108.40599407269704	PO7
014	619	02	1816.0	gameplay	True	195.73535882864513	Fp2
014	620	02	1820.0	gameplay	False		
014	621	02	1824.0	gameplay	True	106.02215931972844	T8
014	622	02	1828.0	gameplay	True	185.2221216641602	AF7
014	623	02	1832.0	gameplay	True	189.1960901426423	Fp2
014	624	02	1836.0	gameplay	True	113.51152776360206	T8
014	625	02	1840.0	gameplay	False		
014	626	02	1844.0	gameplay	False		
014	627	02	1848.0	gameplay	True	215.8362499373456	Fp2
014	628	02	1852.0	gameplay	True	195.90909538392197	AF8
014	629	02	1856.0	gameplay	True	111.13782467738059	P8
014	630	02	1860.0	gameplay	False		
014	631	02	1864.0	gameplay	True	160.890353568784	AF8
014	632	02	1868.0	gameplay	True	108.65909933139054	T8
014	633	02	1872.0	gameplay	False		
014	634	02	1876.0	gameplay	False		
014	635	02	1880.0	gameplay	True	119.89640389445543	T8
014	636	02	1884.0	gameplay	False		
014	637	02	1888.0	gameplay	False		
014	638	02	1892.0	gameplay	True	120.19600269936646	T8
014	639	02	1896.0	gameplay	True	173.9215197324858	AF7
014	640	02	1900.0	gameplay	True	181.90737106758687	Fp2
014	641	02	1904.0	gameplay	False		
014	642	02	1908.0	gameplay	False		
014	643	02	1912.0	gameplay	False		
014	644	02	1916.0	gameplay	True	102.50521069052098	T8
014	645	02	1920.0	gameplay	True	115.8508755762873	PO7
014	646	02	1924.0	gameplay	True	190.15460142460677	Fp2
014	647	02	1928.0	gameplay	True	129.08868378548843	T7
014	648	02	1932.0	gameplay	True	207.58566996027915	Fp2
014	649	02	1936.0	gameplay	True	130.1082532965924	AF7
014	650	02	1940.0	gameplay	True	184.8911166723188	Fp2
014	651	02	1944.0	gameplay	False		
014	652	02	1948.0	gameplay	True	137.27894178879563	AF8
014	653	02	1952.0	gameplay	True	185.0270687039024	AF7
014	654	02	1956.0	gameplay	True	141.08731055596795	AF8
014	655	02	1960.0	gameplay	True	187.91621353997593	Fp2
014	656	02	1964.0	gameplay	False		
014	657	02	1968.0	gameplay	True	191.94311861429588	Fp2
014	658	02	1972.0	gameplay	True	190.05709783260806	AF7
014	659	02	1976.0	gameplay	False		
014	660	02	1980.0	gameplay	True	113.43918961422243	T8
014	661	02	1984.0	gameplay	True	187.85079913805689	Fp2
014	662	02	1988.0	gameplay	True	107.76651363067077	T8
014	663	02	1992.0	gameplay	True	201.01844738384347	Fp2
014	664	02	1996.0	gameplay	True	97.72198842075011	T8
014	665	02	2000.0	gameplay	True	134.79429999918244	AF7
014	666	02	2004.0	gameplay	True	131.86421176403374	AF8
014	667	02	2008.0	gameplay	True	182.16766301169142	Fp2
014	668	02	2012.0	gameplay	True	98.03046772517534	PO7
014	669	02	2016.0	gameplay	True	149.2305220936252	AF8
014	670	02	2020.0	gameplay	True	212.31208354258433	Fp2
014	671	02	2024.0	gameplay	True	164.11605786392602	AF8
014	672	02	2028.0	gameplay	True	181.37547993401103	AF7
014	673	02	2032.0	task_boundary	True	292.758635950402	FC4
015	0	01	0.0	outside_inferred_tasks	True	197.33989671184344	Fp1
015	1	01	4.0	outside_inferred_tasks	True	202.18540882531096	F6
015	2	01	8.0	outside_inferred_tasks	False		
015	3	01	12.0	outside_inferred_tasks	True	126.749595255263	AF7
015	4	01	16.0	outside_inferred_tasks	True	176.50482913992042	Fp1
015	5	01	20.0	outside_inferred_tasks	True	205.69281716073257	AF8
015	6	01	24.0	outside_inferred_tasks	True	124.03522461965788	AF7
015	7	01	28.0	outside_inferred_tasks	True	176.02902564594714	Fp1
015	8	01	32.0	outside_inferred_tasks	False		
015	9	01	36.0	outside_inferred_tasks	True	147.80281022499858	F6
015	10	01	40.0	outside_inferred_tasks	True	147.25849872757036	Fp2
015	11	01	44.0	outside_inferred_tasks	True	161.41870091959242	AF7
015	12	01	48.0	task_boundary	True	211.18407401815924	AF8
015	13	01	52.0	oddball	True	272.16535880440597	Fp2
015	14	01	56.0	oddball	True	236.54186909054684	Fp1
015	15	01	60.0	oddball	True	276.8924939279779	Fp2
015	16	01	64.0	oddball	True	245.5470770464205	Fp2
015	17	01	68.0	oddball	True	220.60806980838177	Fp1
015	18	01	72.0	oddball	True	252.26151223697542	Fp2
015	19	01	76.0	oddball	True	167.5899080346879	Fp1
015	20	01	80.0	oddball	False		
015	21	01	84.0	oddball	True	295.97059566139785	Fp2
015	22	01	88.0	oddball	True	222.0376311147696	Fp1
015	23	01	92.0	oddball	True	170.74355643996284	Fp1
015	24	01	96.0	oddball	True	245.07037290175225	Fp2
015	25	01	100.0	oddball	True	214.1576114134201	Fp2
015	26	01	104.0	oddball	True	78.3247106436299	PO8
015	27	01	108.0	oddball	True	239.39815066349854	Fp1
015	28	01	112.0	oddball	True	117.08807356319201	Fp1
015	29	01	116.0	oddball	True	171.64105183966004	Fp1
015	30	01	120.0	oddball	True	102.83740978897222	PO8
015	31	01	124.0	oddball	True	246.30867659818654	Fp2
015	32	01	128.0	oddball	True	66.7995985668941	PO8
015	33	01	132.0	oddball	False		
015	34	01	136.0	oddball	True	237.67054298004524	Fp2
015	35	01	140.0	oddball	True	82.81601699706705	PO8
015	36	01	144.0	oddball	True	64.3900315565905	TP9
015	37	01	148.0	oddball	True	169.1794714701246	Fp1
015	38	01	152.0	oddball	True	82.12179156346433	PO8
015	39	01	156.0	oddball	True	244.75639672790385	Fp2
015	40	01	160.0	oddball	True	210.5546106369621	Fp2
015	41	01	164.0	oddball	True	91.67521446524792	PO8
015	42	01	168.0	oddball	True	213.34833860440617	Fp2
015	43	01	172.0	oddball	True	159.1017183818055	Fp1
015	44	01	176.0	oddball	True	229.08969045104507	Fp2
015	45	01	180.0	oddball	True	110.00248693468994	Fp1
015	46	01	184.0	oddball	True	78.91968124587162	PO8
015	47	01	188.0	oddball	True	182.37829907434062	Fp1
015	48	01	192.0	oddball	True	84.25692350366688	PO8
015	49	01	196.0	oddball	True	247.7023274787771	Fp2
015	50	01	200.0	oddball	True	155.35280575363794	Fp1
015	51	01	204.0	oddball	True	75.3875425765742	PO8
015	52	01	208.0	oddball	True	213.1871826427921	Fp2
015	53	01	212.0	oddball	True	205.537917450034	Fp2
015	54	01	216.0	oddball	True	222.70968590880128	Fp2
015	55	01	220.0	oddball	True	88.19111217343583	PO8
015	56	01	224.0	oddball	True	210.99311420983415	Fp2
015	57	01	228.0	oddball	True	64.01280581009074	Fp2
015	58	01	232.0	oddball	True	256.47178194714996	Fp1
015	59	01	236.0	oddball	True	61.4923227887914	PO8
015	60	01	240.0	oddball	True	97.7932927256854	O2
015	61	01	244.0	oddball	True	79.60494774745459	FT9
015	62	01	248.0	oddball	True	274.44509794178174	Fp2
015	63	01	252.0	oddball	True	200.5358921713992	Fp2
015	64	01	256.0	oddball	True	65.06141460074953	PO8
015	65	01	260.0	oddball	True	84.03756879689355	PO8
015	66	01	264.0	oddball	True	88.03935603344559	PO8
015	67	01	268.0	oddball	True	74.12093519260044	PO7
015	68	01	272.0	oddball	True	243.65514306446025	Fp2
015	69	01	276.0	oddball	True	74.94699268409636	PO8
015	70	01	280.0	oddball	True	215.0971482388746	Fp1
015	71	01	284.0	oddball	True	390.6276691711002	AF8
015	72	01	288.0	oddball	True	227.85709740519238	Fp2
015	73	01	292.0	oddball	True	110.92007222886949	Fp1
015	74	01	296.0	oddball	True	131.1538254944894	Fp1
015	75	01	300.0	oddball	True	103.49800087385735	PO8
015	76	01	304.0	oddball	True	195.35885581086436	TP9
015	77	01	308.0	oddball	True	80.59115960891195	POz
015	78	01	312.0	oddball	True	229.6321597031386	Fp2
015	79	01	316.0	oddball	True	76.07149878814283	POz
015	80	01	320.0	oddball	True	85.4040600957506	PO8
015	81	01	324.0	oddball	True	53.50584781937988	PO8
015	82	01	328.0	oddball	True	89.37398130513802	FT7
015	83	01	332.0	oddball	True	75.30996684582905	O2
015	84	01	336.0	oddball	True	220.58160312373224	Fp2
015	85	01	340.0	oddball	True	323.683974510176	Fp2
015	86	01	344.0	oddball	True	264.4622416000825	Fp2
015	87	01	348.0	oddball	True	122.93815572476902	Fp1
015	88	01	352.0	oddball	True	93.603911965473	O2
015	89	01	356.0	oddball	True	216.29157191992826	Fp2
015	90	01	360.0	oddball	True	209.91356212594877	Fp1
015	91	01	364.0	oddball	True	79.97026425694314	TP9
015	92	01	368.0	oddball	True	70.21575904911363	PO8
015	93	01	372.0	oddball	True	93.9635466431956	TP9
015	94	01	376.0	oddball	True	81.3738554639627	PO8
015	95	01	380.0	oddball	True	94.94952366889491	PO8
015	96	01	384.0	oddball	True	237.53312634790674	Fp1
015	97	01	388.0	oddball	True	201.80831649034917	Fp2
015	98	01	392.0	oddball	True	65.78006729819796	O2
015	99	01	396.0	oddball	True	78.6479529132916	PO3
015	100	01	400.0	oddball	True	224.89573618733513	Fp2
015	101	01	404.0	oddball	True	166.81861289412512	Fp1
015	102	01	408.0	oddball	True	208.75965451767712	Fp2
015	103	01	412.0	oddball	True	71.02750945881112	PO8
015	104	01	416.0	oddball	True	73.94747139686311	PO8
015	105	01	420.0	oddball	True	220.23958164391232	Fp2
015	106	01	424.0	oddball	True	230.48627428716912	Fp2
015	107	01	428.0	oddball	True	225.82400867913648	Fp2
015	108	01	432.0	oddball	True	98.01164221941445	PO7
015	109	01	436.0	oddball	True	83.74573116491418	FT9
015	110	01	440.0	oddball	True	205.30592706848424	Fp2
015	111	01	444.0	oddball	True	97.49946570727604	PO8
015	112	01	448.0	oddball	True	69.72680833486524	PO8
015	113	01	452.0	oddball	True	81.75978055815618	PO8
015	114	01	456.0	task_boundary	True	140.51503324326157	Fp1
015	115	01	460.0	outside_inferred_tasks	True	63.98224630720529	FT9
015	116	01	464.0	outside_inferred_tasks	True	278.5139072235178	Fp1
015	117	01	468.0	outside_inferred_tasks	False		
015	118	01	472.0	outside_inferred_tasks	True	261.7032082883193	Oz
015	119	01	476.0	outside_inferred_tasks	False		
015	120	01	480.0	outside_inferred_tasks	True	247.0504371345438	Fp2
015	121	01	484.0	outside_inferred_tasks	True	268.69100127812175	AF8
015	122	01	488.0	outside_inferred_tasks	True	269.9059288190906	F7
015	123	01	492.0	outside_inferred_tasks	True	194.79389114646978	F8
015	124	01	496.0	outside_inferred_tasks	True	298.42076773367705	Fp1
015	125	01	500.0	outside_inferred_tasks	True	568.5506125619914	CP6
015	126	01	504.0	outside_inferred_tasks	True	117.31684846637715	F6
015	127	01	508.0	outside_inferred_tasks	False		
015	128	01	512.0	outside_inferred_tasks	True	219.60076092835394	Fp1
015	129	01	516.0	outside_inferred_tasks	True	135.65870643729673	F6
015	130	01	520.0	outside_inferred_tasks	True	151.4986034993503	Fp1
015	131	01	524.0	task_boundary	True	215.1517556972696	Fp1
015	132	01	528.0	gambling	True	121.03699457537758	Fp2
015	133	01	532.0	gambling	True	292.1550438699571	C4
015	134	01	536.0	gambling	True	197.38127112125022	T8
015	135	01	540.0	gambling	False		
015	136	01	544.0	gambling	True	200.86495162232688	Fp1
015	137	01	548.0	gambling	True	117.51468631733856	F8
015	138	01	552.0	gambling	True	130.3116033000552	F8
015	139	01	556.0	gambling	True	81.82913572017212	AF8
015	140	01	560.0	gambling	True	154.4260630772893	Fp1
015	141	01	564.0	gambling	True	84.23308166913	TP10
015	142	01	568.0	gambling	True	232.59454671242344	Fp1
015	143	01	572.0	gambling	True	114.50595820133444	AF8
015	144	01	576.0	gambling	True	117.9692836713278	F6
015	145	01	580.0	gambling	True	175.98269240878344	F8
015	146	01	584.0	gambling	False		
015	147	01	588.0	gambling	True	90.56316736489703	F8
015	148	01	592.0	gambling	True	310.5001295156615	Fp2
015	149	01	596.0	gambling	True	103.12550307719215	AF8
015	150	01	600.0	gambling	True	118.31500210062988	Fp1
015	151	01	604.0	gambling	True	289.92714600609895	AF8
015	152	01	608.0	gambling	True	254.88249895036444	TP8
015	153	01	612.0	gambling	False		
015	154	01	616.0	gambling	True	247.51559391158187	T8
015	155	01	620.0	gambling	True	116.59419600682192	T8
015	156	01	624.0	gambling	True	106.9986226933899	T8
015	157	01	628.0	gambling	True	138.79202608103375	Fp1
015	158	01	632.0	gambling	True	320.8059302246309	Fp2
015	159	01	636.0	gambling	True	198.82461483713377	Fp2
015	160	01	640.0	gambling	True	76.9700390637495	O2
015	161	01	644.0	gambling	False		
015	162	01	648.0	gambling	True	180.27276930315264	Fp1
015	163	01	652.0	gambling	True	148.87023142512183	AF7
015	164	01	656.0	gambling	True	76.92278265206448	AF7
015	165	01	660.0	gambling	True	71.69888290530052	TP10
015	166	01	664.0	gambling	True	146.79145773535603	AF8
015	167	01	668.0	gambling	True	98.02307870584457	F7
015	168	01	672.0	gambling	True	74.82827925820267	TP10
015	169	01	676.0	gambling	True	184.85172603042716	Fp1
015	170	01	680.0	gambling	True	124.19035299696628	F8
015	171	01	684.0	gambling	True	78.77276976920335	Fp2
015	172	01	688.0	gambling	True	67.8986166592406	TP10
015	173	01	692.0	gambling	True	130.52304801149492	AF8
015	174	01	696.0	gambling	True	100.12943618195477	F8
015	175	01	700.0	task_boundary	True	88.65787109111574	F8
015	176	01	704.0	outside_inferred_tasks	True	288.5419077552136	Fp1
015	177	01	708.0	outside_inferred_tasks	True	166.2885279783218	F8
015	178	01	712.0	outside_inferred_tasks	True	221.09516093169026	Fp1
015	179	01	716.0	outside_inferred_tasks	True	159.6371608572454	C6
015	180	01	720.0	outside_inferred_tasks	True	268.541228595041	Fp1
015	181	02	0.0	outside_inferred_tasks	True	151.21482039183047	TP10
015	182	02	4.0	outside_inferred_tasks	True	207.97303722183375	C6
015	183	02	8.0	outside_inferred_tasks	False		
015	184	02	12.0	outside_inferred_tasks	False		
015	185	02	16.0	outside_inferred_tasks	True	119.45245325449159	Fp2
015	186	02	20.0	outside_inferred_tasks	True	221.49201907776344	Fp2
015	187	02	24.0	outside_inferred_tasks	True	279.84388665621157	Fp1
015	188	02	28.0	outside_inferred_tasks	True	212.53997753351265	C6
015	189	02	32.0	outside_inferred_tasks	True	241.3554602016819	Fp2
015	190	02	36.0	outside_inferred_tasks	True	203.067123144938	Fp1
015	191	02	40.0	outside_inferred_tasks	True	230.59439760023145	Fp2
015	192	02	44.0	outside_inferred_tasks	True	156.38439133599883	Fp1
015	193	02	48.0	outside_inferred_tasks	True	119.47788590406664	Fp2
015	194	02	52.0	outside_inferred_tasks	False		
015	195	02	56.0	outside_inferred_tasks	True	236.06335754817098	Fp2
015	196	02	60.0	outside_inferred_tasks	True	99.8258702490517	AF8
015	197	02	64.0	outside_inferred_tasks	True	267.03514451144855	AF8
015	198	02	68.0	outside_inferred_tasks	True	139.7049251969461	FC6
015	199	02	72.0	outside_inferred_tasks	False		
015	200	02	76.0	outside_inferred_tasks	True	307.91686939408936	CP6
015	201	02	80.0	outside_inferred_tasks	False		
015	202	02	84.0	outside_inferred_tasks	True	488.1965014032184	C5
015	203	02	88.0	outside_inferred_tasks	False		
015	204	02	92.0	outside_inferred_tasks	True	276.85060793683334	Fp2
015	205	02	96.0	outside_inferred_tasks	False		
015	206	02	100.0	outside_inferred_tasks	True	337.89182970570346	Fp1
015	207	02	104.0	outside_inferred_tasks	True	150.5725169738823	Fp2
015	208	02	108.0	outside_inferred_tasks	True	162.2067943638459	Fp1
015	209	02	112.0	outside_inferred_tasks	True	229.39684992721317	Fp2
015	210	02	116.0	task_boundary	True	256.81728305887896	Fp1
015	211	02	120.0	gameplay	True	160.77999087736134	TP8
015	212	02	124.0	gameplay	True	179.50782746612333	FC6
015	213	02	128.0	gameplay	True	172.23236042855225	F8
015	214	02	132.0	gameplay	True	183.20973533990482	F8
015	215	02	136.0	gameplay	True	166.4958378492297	F8
015	216	02	140.0	gameplay	True	167.96215021407832	F8
015	217	02	144.0	gameplay	True	119.01092509752421	F6
015	218	02	148.0	gameplay	True	255.34313877591447	F6
015	219	02	152.0	gameplay	True	148.1177403515963	AF8
015	220	02	156.0	gameplay	False		
015	221	02	160.0	gameplay	True	194.16257408509932	AF8
015	222	02	164.0	gameplay	True	261.4403300662615	AF8
015	223	02	168.0	gameplay	True	140.19374826340933	F8
015	224	02	172.0	gameplay	True	161.28559833517812	F8
015	225	02	176.0	gameplay	True	122.89907052985834	AF8
015	226	02	180.0	gameplay	True	129.5120653395759	F8
015	227	02	184.0	gameplay	True	97.62559106356068	TP10
015	228	02	188.0	gameplay	True	116.11701937613567	F8
015	229	02	192.0	gameplay	True	172.94628479715544	TP8
015	230	02	196.0	gameplay	True	108.00777403418842	Fp1
015	231	02	200.0	gameplay	True	249.52834650891785	Fp2
015	232	02	204.0	gameplay	True	158.40289256216923	F8
015	233	02	208.0	gameplay	True	127.0119091604938	F8
015	234	02	212.0	gameplay	True	148.32937586495407	AF8
015	235	02	216.0	gameplay	True	105.76670038722536	Fp2
015	236	02	220.0	gameplay	True	267.15083997807477	Fp2
015	237	02	224.0	gameplay	True	91.32062122524688	TP8
015	238	02	228.0	gameplay	True	89.0451810446696	TP8
015	239	02	232.0	gameplay	True	194.99613123425274	TP8
015	240	02	236.0	gameplay	True	119.21201669868003	TP8
015	241	02	240.0	gameplay	True	200.29556240740285	C6
015	242	02	244.0	gameplay	True	116.80356557871362	Fp1
015	243	02	248.0	gameplay	True	132.06286966168474	Fp2
015	244	02	252.0	gameplay	True	236.4073786727287	Fp2
015	245	02	256.0	gameplay	True	263.64729249006706	AF8
015	246	02	260.0	gameplay	True	79.88326240447155	AF8
015	247	02	264.0	gameplay	True	127.77692005656381	Fp2
015	248	02	268.0	gameplay	True	136.19196301153576	AF8
015	249	02	272.0	gameplay	True	274.60894699328975	Fp2
015	250	02	276.0	gameplay	True	128.11060685765673	TP8
015	251	02	280.0	gameplay	True	134.44990137210283	Fp2
015	252	02	284.0	gameplay	True	128.80011343210214	FT10
015	253	02	288.0	gameplay	True	126.1833264810806	TP8
015	254	02	292.0	gameplay	True	138.65388085944454	Fp1
015	255	02	296.0	gameplay	True	124.8665653344854	AF8
015	256	02	300.0	gameplay	True	156.1777643156078	F8
015	257	02	304.0	gameplay	True	105.91671726356526	AF8
015	258	02	308.0	gameplay	True	195.40134360120464	TP8
015	259	02	312.0	gameplay	True	168.27051493695856	TP8
015	260	02	316.0	gameplay	True	207.98485142536788	TP8
015	261	02	320.0	gameplay	True	130.11415066682187	TP8
015	262	02	324.0	gameplay	True	260.5857156801915	Fp1
015	263	02	328.0	gameplay	True	113.84590507534533	TP8
015	264	02	332.0	gameplay	True	241.62034925573448	Fp2
015	265	02	336.0	gameplay	True	170.3185499341314	AF8
015	266	02	340.0	gameplay	True	275.12703625889617	AF8
015	267	02	344.0	gameplay	True	177.14693791060972	TP8
015	268	02	348.0	gameplay	True	159.58426636910147	CP6
015	269	02	352.0	gameplay	True	105.14739967694901	P8
015	270	02	356.0	gameplay	True	136.00881159191255	Fp2
015	271	02	360.0	gameplay	True	266.14799071697195	AF8
015	272	02	364.0	gameplay	True	127.5422054550963	AF7
015	273	02	368.0	gameplay	True	96.01208861133848	P8
015	274	02	372.0	gameplay	True	113.66993303871219	TP8
015	275	02	376.0	gameplay	True	129.73210122392533	F8
015	276	02	380.0	gameplay	True	139.2976338850622	AF8
015	277	02	384.0	gameplay	True	87.56035974059998	TP8
015	278	02	388.0	gameplay	True	120.06492582630052	F7
015	279	02	392.0	gameplay	True	102.83501014575609	TP8
015	280	02	396.0	gameplay	True	213.67530776436917	Fp1
015	281	02	400.0	gameplay	True	172.69011642060707	TP8
015	282	02	404.0	gameplay	True	251.87322925490272	Fp2
015	283	02	408.0	gameplay	True	137.19389327394242	F8
015	284	02	412.0	gameplay	True	119.37688023884444	FC6
015	285	02	416.0	gameplay	True	102.05592708624044	TP8
015	286	02	420.0	gameplay	True	213.47369718779572	TP8
015	287	02	424.0	gameplay	True	270.5444861626341	AF8
015	288	02	428.0	gameplay	True	96.44441968482442	P8
015	289	02	432.0	gameplay	True	224.2647013924116	AF8
015	290	02	436.0	gameplay	True	92.22314437291476	F7
015	291	02	440.0	gameplay	True	92.97951464241099	Fp2
015	292	02	444.0	gameplay	True	134.36210598136677	F8
015	293	02	448.0	gameplay	True	93.1805798921251	P8
015	294	02	452.0	gameplay	True	216.54085858501523	TP8
015	295	02	456.0	gameplay	True	115.5375250368029	AF8
015	296	02	460.0	gameplay	True	234.98271134003852	TP8
015	297	02	464.0	gameplay	True	323.823874741016	FT9
015	298	02	468.0	gameplay	True	200.0553049276174	AF8
015	299	02	472.0	gameplay	True	257.78742181821525	Fp1
015	300	02	476.0	gameplay	True	148.1332166273334	AF8
015	301	02	480.0	gameplay	True	209.74040920424403	F6
015	302	02	484.0	gameplay	True	129.04462790937464	AF8
015	303	02	488.0	gameplay	True	135.51453357272467	AF8
015	304	02	492.0	gameplay	True	103.28366835295604	AF8
015	305	02	496.0	gameplay	True	280.4817044354187	Fp2
015	306	02	500.0	gameplay	True	86.10528909450433	T8
015	307	02	504.0	gameplay	True	195.4648280856746	TP8
015	308	02	508.0	gameplay	True	122.12863123589419	TP8
015	309	02	512.0	gameplay	True	253.91277225956708	AF8
015	310	02	516.0	gameplay	True	93.43447854886173	Fp2
015	311	02	520.0	gameplay	True	112.5484653222685	TP8
015	312	02	524.0	gameplay	True	157.10192068706183	TP8
015	313	02	528.0	gameplay	True	133.0223155617993	AF8
015	314	02	532.0	gameplay	True	99.09210566086973	TP8
015	315	02	536.0	gameplay	True	85.46005230991886	F8
015	316	02	540.0	gameplay	True	158.31832090161612	Fp2
015	317	02	544.0	gameplay	False		
015	318	02	548.0	gameplay	True	120.3363148168405	TP8
015	319	02	552.0	gameplay	True	279.7508078826172	AF8
015	320	02	556.0	gameplay	True	121.11255244615744	FC6
015	321	02	560.0	gameplay	True	114.29431869921223	PO8
015	322	02	564.0	gameplay	True	116.48681604595004	F6
015	323	02	568.0	gameplay	True	185.2320550358485	AF8
015	324	02	572.0	gameplay	True	126.65666557547704	TP8
015	325	02	576.0	gameplay	True	153.83601345697974	AF8
015	326	02	580.0	gameplay	True	244.39587353570082	TP8
015	327	02	584.0	gameplay	True	166.97911417433906	AF7
015	328	02	588.0	gameplay	True	115.86782043519095	Fp1
015	329	02	592.0	gameplay	True	95.59509640470262	Fp1
015	330	02	596.0	gameplay	True	241.30505325022415	Fp2
015	331	02	600.0	gameplay	True	111.08370175502927	Fp2
015	332	02	604.0	gameplay	True	108.37593429632332	TP8
015	333	02	608.0	gameplay	True	101.48421066564906	T7
015	334	02	612.0	gameplay	True	152.62349665338186	AF8
015	335	02	616.0	gameplay	True	123.6304661038606	TP10
015	336	02	620.0	gameplay	True	133.91442455128916	Fp1
015	337	02	624.0	gameplay	False		
015	338	02	628.0	gameplay	True	125.43588235105287	AF8
015	339	02	632.0	gameplay	True	108.20116782894038	Fp2
015	340	02	636.0	gameplay	True	133.6116635480776	Fp2
015	341	02	640.0	gameplay	True	122.46832232188905	AF8
015	342	02	644.0	gameplay	True	149.05891372771842	AF8
015	343	02	648.0	gameplay	True	122.93264345887374	AF8
015	344	02	652.0	gameplay	True	157.0964731030214	Fp1
015	345	02	656.0	gameplay	True	120.4147869694754	AF8
015	346	02	660.0	gameplay	True	298.4528646986542	Fp1
015	347	02	664.0	gameplay	True	150.7976834427657	F8
015	348	02	668.0	gameplay	True	170.12881420103693	AF8
015	349	02	672.0	gameplay	True	138.95422323728332	AF8
015	350	02	676.0	gameplay	True	130.6061931727147	F8
015	351	02	680.0	gameplay	True	172.8819195085946	Fp1
015	352	02	684.0	gameplay	True	103.06735960353033	TP8
015	353	02	688.0	gameplay	True	134.771587148006	AF8
015	354	02	692.0	gameplay	True	202.72693581503654	TP8
015	355	02	696.0	gameplay	True	123.87771953995166	F8
015	356	02	700.0	gameplay	True	275.4684743898541	AF8
015	357	02	704.0	gameplay	True	194.8181757949672	AF8
015	358	02	708.0	gameplay	True	134.54405572989543	F8
015	359	02	712.0	gameplay	True	116.23707936941679	F7
015	360	02	716.0	gameplay	True	115.73062105387048	Fp2
015	361	02	720.0	gameplay	True	147.1989017128206	AF8
015	362	02	724.0	gameplay	True	149.42877167637988	F8
015	363	02	728.0	gameplay	True	155.57505740458498	TP8
015	364	02	732.0	gameplay	True	181.02608443612587	Fp1
015	365	02	736.0	gameplay	True	297.8048965266622	Fp2
015	366	02	740.0	gameplay	True	143.48416860839427	AF8
015	367	02	744.0	gameplay	True	140.51376314375173	AF8
015	368	02	748.0	gameplay	True	96.93350959730843	TP8
015	369	02	752.0	gameplay	True	243.22374289139458	AF8
015	370	02	756.0	gameplay	False		
015	371	02	760.0	gameplay	True	111.97321284051249	Fp2
015	372	02	764.0	gameplay	True	276.1217033772637	Fp2
015	373	02	768.0	gameplay	True	182.3924249739871	Fp1
015	374	02	772.0	gameplay	True	269.03910367461845	Fp2
015	375	02	776.0	gameplay	True	142.72005426132455	AF8
015	376	02	780.0	gameplay	True	117.95997591144719	AF8
015	377	02	784.0	gameplay	True	163.05026205873682	AF8
015	378	02	788.0	gameplay	True	129.9565502161993	TP8
015	379	02	792.0	gameplay	True	93.44089487012702	P8
015	380	02	796.0	gameplay	True	143.59871654302907	AF7
015	381	02	800.0	gameplay	True	135.13941915294242	Fp1
015	382	02	804.0	gameplay	True	107.52068677830188	Fp2
015	383	02	808.0	gameplay	True	116.75843786168032	AF8
015	384	02	812.0	gameplay	True	106.46154757940813	Fp2
015	385	02	816.0	gameplay	True	121.33252688543354	Fp2
015	386	02	820.0	gameplay	True	111.08358738290923	F8
015	387	02	824.0	gameplay	True	285.6816933403686	Fp2
015	388	02	828.0	gameplay	True	314.36130441356846	AF8
015	389	02	832.0	gameplay	True	144.77719067713247	F8
015	390	02	836.0	gameplay	True	153.86883510496008	FT10
015	391	02	840.0	gameplay	True	111.64785351293942	AF7
015	392	02	844.0	gameplay	True	133.76425145754465	AF8
015	393	02	848.0	gameplay	True	122.78427478867326	F8
015	394	02	852.0	gameplay	True	131.97308696076715	Fp1
015	395	02	856.0	gameplay	True	133.7343403773049	FT8
015	396	02	860.0	gameplay	True	107.09641992083591	AF8
015	397	02	864.0	gameplay	True	102.98682000899873	Fp2
015	398	02	868.0	gameplay	True	147.08081008588434	AF8
015	399	02	872.0	gameplay	True	261.9695886881037	AF8
015	400	02	876.0	gameplay	True	126.47554757960121	AF8
015	401	02	880.0	gameplay	False		
015	402	02	884.0	gameplay	False		
015	403	02	888.0	gameplay	True	318.7797227778878	AF8
015	404	02	892.0	gameplay	True	161.2198481623515	TP8
015	405	02	896.0	gameplay	True	122.68777065581988	Fp1
015	406	02	900.0	gameplay	True	163.10612441421256	AF7
015	407	02	904.0	gameplay	True	133.76958430396598	F8
015	408	02	908.0	gameplay	True	140.47667658222272	F6
015	409	02	912.0	gameplay	True	133.55554181938567	AF7
015	410	02	916.0	gameplay	True	176.74280133178578	TP8
015	411	02	920.0	gameplay	True	155.54563851654802	CP6
015	412	02	924.0	gameplay	True	107.06326271979628	Fp2
015	413	02	928.0	gameplay	False		
015	414	02	932.0	gameplay	True	118.65447596053168	F7
015	415	02	936.0	gameplay	True	106.13602037385132	TP8
015	416	02	940.0	gameplay	True	92.73087657720643	P8
015	417	02	944.0	gameplay	True	96.94189040642514	P8
015	418	02	948.0	gameplay	True	228.20793477150278	TP8
015	419	02	952.0	gameplay	True	101.13779799677654	P8
015	420	02	956.0	gameplay	True	149.10619702446292	TP8
015	421	02	960.0	gameplay	True	175.0365101041962	Fp1
015	422	02	964.0	gameplay	True	115.940131728973	TP8
015	423	02	968.0	gameplay	True	118.8569446830792	TP8
015	424	02	972.0	gameplay	True	144.71980242532953	Fp2
015	425	02	976.0	gameplay	True	135.71010557907758	Fp2
015	426	02	980.0	gameplay	True	118.98123906195067	TP8
015	427	02	984.0	gameplay	True	281.5796121296477	AF8
015	428	02	988.0	gameplay	True	95.41799899338355	TP8
015	429	02	992.0	gameplay	True	274.77017885940967	TP8
015	430	02	996.0	gameplay	True	113.93345612014551	P8
015	431	02	1000.0	gameplay	True	268.4078782860326	TP8
015	432	02	1004.0	gameplay	True	119.96880299315379	TP8
015	433	02	1008.0	gameplay	True	173.86394455826562	TP8
015	434	02	1012.0	gameplay	True	278.1460869250057	Fp2
015	435	02	1016.0	gameplay	True	204.33482319128285	TP8
015	436	02	1020.0	gameplay	True	105.80907026251431	P8
015	437	02	1024.0	gameplay	True	110.59456231930979	P8
015	438	02	1028.0	gameplay	True	111.1305157541236	Fp2
015	439	02	1032.0	gameplay	True	257.73762458700963	TP8
015	440	02	1036.0	gameplay	True	297.64056328403393	F6
015	441	02	1040.0	gameplay	True	109.45214055652053	F8
015	442	02	1044.0	gameplay	True	94.08708551012369	TP8
015	443	02	1048.0	gameplay	True	103.48194484290916	P8
015	444	02	1052.0	gameplay	True	106.72473881431083	TP8
015	445	02	1056.0	gameplay	True	335.5431356548203	TP8
015	446	02	1060.0	gameplay	True	239.32118909925202	Fp2
015	447	02	1064.0	gameplay	True	255.67576515702376	AF8
015	448	02	1068.0	gameplay	False		
015	449	02	1072.0	gameplay	False		
015	450	02	1076.0	gameplay	True	133.5446468118528	AF8
015	451	02	1080.0	gameplay	True	109.12364550870248	TP8
015	452	02	1084.0	gameplay	True	111.5225979078845	TP8
015	453	02	1088.0	gameplay	True	127.62642652368328	Fp1
015	454	02	1092.0	gameplay	True	184.99827902081867	AF8
015	455	02	1096.0	gameplay	True	113.96289033036155	F7
015	456	02	1100.0	gameplay	True	262.87727274060853	TP8
015	457	02	1104.0	gameplay	True	238.50674406697794	Fp1
015	458	02	1108.0	gameplay	True	105.99587221276033	TP8
015	459	02	1112.0	gameplay	True	138.83439983933704	F8
015	460	02	1116.0	gameplay	False		
015	461	02	1120.0	gameplay	True	127.25058323323607	AF8
015	462	02	1124.0	gameplay	True	124.8181111876403	AF8
015	463	02	1128.0	gameplay	True	264.2036390927822	AF8
015	464	02	1132.0	gameplay	True	127.6158863582222	AF8
015	465	02	1136.0	gameplay	True	132.78818866636374	FT10
015	466	02	1140.0	gameplay	True	110.32242554788533	Fp1
015	467	02	1144.0	gameplay	True	81.7052953363896	TP8
015	468	02	1148.0	gameplay	True	114.42478163724672	Fp2
015	469	02	1152.0	gameplay	True	145.1767193351928	F7
015	470	02	1156.0	gameplay	False		
015	471	02	1160.0	gameplay	True	95.38460144418526	TP8
015	472	02	1164.0	gameplay	True	117.15929386626696	TP7
015	473	02	1168.0	gameplay	True	117.48520252332855	T7
015	474	02	1172.0	gameplay	False		
015	475	02	1176.0	gameplay	True	102.62908148558715	Fp2
015	476	02	1180.0	gameplay	True	271.30583495732975	Fp2
015	477	02	1184.0	gameplay	True	107.99887054917902	AF8
015	478	02	1188.0	gameplay	True	98.06075649345189	Fp1
015	479	02	1192.0	gameplay	True	288.6295918685246	Fp2
015	480	02	1196.0	gameplay	True	83.14230711448091	FT10
015	481	02	1200.0	gameplay	True	129.02720618406232	TP8
015	482	02	1204.0	gameplay	True	120.51142471612138	TP8
015	483	02	1208.0	gameplay	True	96.64106340725502	TP8
015	484	02	1212.0	gameplay	True	100.60031870829616	Fp1
015	485	02	1216.0	gameplay	True	172.5088001891617	TP8
015	486	02	1220.0	gameplay	True	271.4730143077691	Fp2
015	487	02	1224.0	gameplay	True	133.2382427666331	Fp1
015	488	02	1228.0	gameplay	True	97.86032844166331	F8
015	489	02	1232.0	gameplay	True	147.38085897886498	AF8
015	490	02	1236.0	gameplay	True	160.5357242905784	TP8
015	491	02	1240.0	gameplay	True	90.8914335548388	T8
015	492	02	1244.0	gameplay	True	109.33887822395079	TP8
015	493	02	1248.0	gameplay	True	282.60105828299373	TP8
015	494	02	1252.0	gameplay	True	252.24143145022694	Fp2
015	495	02	1256.0	gameplay	True	159.95048861319472	AF8
015	496	02	1260.0	gameplay	True	227.20408932317835	Fp2
015	497	02	1264.0	gameplay	True	141.03684207645023	AF8
015	498	02	1268.0	gameplay	True	160.32401234676163	AF8
015	499	02	1272.0	gameplay	True	157.74581877812716	Fp2
015	500	02	1276.0	gameplay	True	101.0710750888577	AF8
015	501	02	1280.0	gameplay	True	273.9828410378969	AF8
015	502	02	1284.0	gameplay	True	219.71676570607315	AF8
015	503	02	1288.0	gameplay	True	124.10848578143862	AF8
015	504	02	1292.0	gameplay	True	149.30640374575978	Fp1
015	505	02	1296.0	gameplay	True	128.54266727679362	AF7
015	506	02	1300.0	gameplay	True	300.1383894458608	Fp1
015	507	02	1304.0	gameplay	True	246.02069816199557	AF8
015	508	02	1308.0	gameplay	True	88.9562681686313	AF8
015	509	02	1312.0	gameplay	True	258.62272586774424	Fp1
015	510	02	1316.0	gameplay	True	130.84654966416676	AF8
015	511	02	1320.0	gameplay	True	245.18809058380893	AF8
015	512	02	1324.0	gameplay	True	104.35328268951496	T7
015	513	02	1328.0	gameplay	True	139.0425563924193	FT10
015	514	02	1332.0	gameplay	True	121.96276066471384	Fp2
015	515	02	1336.0	gameplay	True	89.96990178558536	AF8
015	516	02	1340.0	gameplay	True	120.7120548707665	AF8
015	517	02	1344.0	gameplay	True	135.79653120935524	AF8
015	518	02	1348.0	gameplay	True	158.873557690904	AF8
015	519	02	1352.0	gameplay	True	137.6621130146989	AF8
015	520	02	1356.0	gameplay	True	138.59354378360322	FT10
015	521	02	1360.0	gameplay	True	147.87353861881257	Fp1
015	522	02	1364.0	gameplay	True	266.9460862379997	Fp2
015	523	02	1368.0	gameplay	True	155.84760615177672	FT10
015	524	02	1372.0	gameplay	True	139.6866680611063	Fp1
015	525	02	1376.0	gameplay	True	137.15502511234115	AF8
015	526	02	1380.0	gameplay	True	109.16929980444074	Fp1
015	527	02	1384.0	gameplay	False		
015	528	02	1388.0	gameplay	True	136.40043626221066	Fp2
015	529	02	1392.0	gameplay	True	129.71209685393632	Fp1
015	530	02	1396.0	gameplay	True	108.75017134096409	Fp2
015	531	02	1400.0	gameplay	True	122.64741860548892	AF8
015	532	02	1404.0	gameplay	True	274.0661006014596	AF8
015	533	02	1408.0	gameplay	True	105.51659373880408	AF8
015	534	02	1412.0	gameplay	True	180.68410448752456	AF8
015	535	02	1416.0	gameplay	True	136.53012815352577	Fp2
015	536	02	1420.0	gameplay	True	127.08621952471815	AF8
015	537	02	1424.0	gameplay	True	112.86239992560247	FT10
015	538	02	1428.0	gameplay	True	142.5397029042333	AF7
015	539	02	1432.0	gameplay	True	138.17966434115488	Fp2
015	540	02	1436.0	gameplay	True	112.4535939633818	Fp2
015	541	02	1440.0	gameplay	True	154.4693677579966	Fp1
015	542	02	1444.0	gameplay	True	153.63916370549956	Fp1
015	543	02	1448.0	gameplay	True	114.87487011384889	F8
015	544	02	1452.0	gameplay	True	133.54367028384422	AF8
015	545	02	1456.0	gameplay	True	290.7309256585148	AF8
015	546	02	1460.0	gameplay	True	114.02935382060105	Fp2
015	547	02	1464.0	gameplay	True	109.64471406314046	Fp2
015	548	02	1468.0	gameplay	True	87.81478481343584	Fp1
015	549	02	1472.0	gameplay	True	86.62712458442829	Fp2
015	550	02	1476.0	gameplay	True	119.31018794187625	TP8
015	551	02	1480.0	gameplay	True	176.93349396974196	AF8
015	552	02	1484.0	gameplay	True	91.07461906612563	Fp2
015	553	02	1488.0	gameplay	True	281.7111010942387	Fp2
015	554	02	1492.0	gameplay	True	91.63141992337827	Fp1
015	555	02	1496.0	gameplay	True	110.94105121230821	Fp2
015	556	02	1500.0	gameplay	True	251.23252048267275	AF8
015	557	02	1504.0	gameplay	True	105.70119838551679	F7
015	558	02	1508.0	gameplay	True	241.62328253488764	Fp1
015	559	02	1512.0	gameplay	True	107.3607631995824	TP8
015	560	02	1516.0	gameplay	False		
015	561	02	1520.0	gameplay	True	108.3716007548	F8
015	562	02	1524.0	gameplay	True	122.3741184012722	AF8
015	563	02	1528.0	gameplay	True	140.04943422788025	AF8
015	564	02	1532.0	gameplay	True	121.55164689801735	AF8
015	565	02	1536.0	gameplay	True	92.46390509261182	P8
015	566	02	1540.0	gameplay	True	176.2469287145875	F8
015	567	02	1544.0	gameplay	True	243.29776697802578	AF8
015	568	02	1548.0	gameplay	True	85.2689663965518	F8
015	569	02	1552.0	gameplay	True	78.97205335626626	Fp2
015	570	02	1556.0	gameplay	True	342.9633776706757	AF8
015	571	02	1560.0	gameplay	True	106.13956041358084	AF8
015	572	02	1564.0	gameplay	True	286.66228402253273	AF8
015	573	02	1568.0	gameplay	True	73.7273099307099	Fp2
015	574	02	1572.0	gameplay	True	175.90969802633632	TP8
015	575	02	1576.0	gameplay	True	126.00091521859538	F8
015	576	02	1580.0	gameplay	True	116.26908088333832	TP8
015	577	02	1584.0	gameplay	True	110.85048266849417	Fp1
015	578	02	1588.0	gameplay	True	112.9195591633823	Fp2
015	579	02	1592.0	gameplay	True	271.35311783284607	AF8
015	580	02	1596.0	gameplay	True	98.39307014365166	TP8
015	581	02	1600.0	gameplay	True	121.51396539332887	AF8
015	582	02	1604.0	gameplay	True	215.2020637578848	AF7
015	583	02	1608.0	gameplay	True	110.6353643271684	P8
015	584	02	1612.0	gameplay	True	231.02873914402105	AF7
015	585	02	1616.0	gameplay	True	160.48835320340257	TP8
015	586	02	1620.0	gameplay	True	163.44021565517102	AF8
015	587	02	1624.0	gameplay	True	239.50720925773456	Fp1
015	588	02	1628.0	gameplay	True	150.2171893316858	AF8
015	589	02	1632.0	gameplay	True	129.89506120185882	AF8
015	590	02	1636.0	gameplay	True	91.49931688662264	Fp1
015	591	02	1640.0	gameplay	True	116.89982188324319	AF8
015	592	02	1644.0	gameplay	True	135.28457598814234	AF8
015	593	02	1648.0	gameplay	True	106.15536849028891	Fp1
015	594	02	1652.0	gameplay	True	227.02502027565637	Fp2
015	595	02	1656.0	gameplay	True	110.19913450697521	AF8
015	596	02	1660.0	gameplay	True	111.80471018098044	Fp1
015	597	02	1664.0	gameplay	True	96.06313680591373	AF8
015	598	02	1668.0	gameplay	True	119.37634242229055	TP8
015	599	02	1672.0	gameplay	True	235.19381654222073	Fp1
015	600	02	1676.0	gameplay	True	104.48559933159164	Fp1
015	601	02	1680.0	gameplay	True	361.7855063338519	Fp2
015	602	02	1684.0	gameplay	True	99.34526814217281	F8
015	603	02	1688.0	gameplay	True	93.1797253849184	AF8
015	604	02	1692.0	gameplay	True	123.62491188254445	Fp1
015	605	02	1696.0	gameplay	True	274.1277839869068	AF8
015	606	02	1700.0	gameplay	True	102.33105437289905	TP8
015	607	02	1704.0	gameplay	True	701.7777690102514	FT10
015	608	02	1708.0	gameplay	True	257.65724119151156	C6
015	609	02	1712.0	gameplay	True	110.45785492433977	AF7
015	610	02	1716.0	gameplay	True	113.3011205433201	AF8
015	611	02	1720.0	gameplay	True	113.72168325067818	AF8
015	612	02	1724.0	gameplay	True	108.56571546281776	AF8
015	613	02	1728.0	gameplay	False		
015	614	02	1732.0	gameplay	True	237.4949523799706	AF8
015	615	02	1736.0	gameplay	True	266.0785058466721	AF8
015	616	02	1740.0	gameplay	True	124.40267525722415	Fp1
015	617	02	1744.0	gameplay	True	106.77455870761405	Fp1
015	618	02	1748.0	gameplay	True	121.26547215196884	Fp2
015	619	02	1752.0	gameplay	True	105.20623372747731	Fp1
015	620	02	1756.0	gameplay	True	123.98096051544061	AF8
015	621	02	1760.0	gameplay	True	97.19280218044624	Fp2
015	622	02	1764.0	gameplay	True	181.57392830872405	Fp1
015	623	02	1768.0	gameplay	True	114.68939944037058	Fp2
015	624	02	1772.0	gameplay	True	118.24106561125558	Fp1
015	625	02	1776.0	gameplay	True	142.31867937117784	Fp1
015	626	02	1780.0	gameplay	True	157.92924481365276	Fp1
015	627	02	1784.0	gameplay	True	252.69663547146502	Fp2
015	628	02	1788.0	gameplay	True	155.8450313916769	TP8
015	629	02	1792.0	gameplay	True	116.25820880304448	AF8
015	630	02	1796.0	gameplay	True	116.74355279983924	Fp2
015	631	02	1800.0	gameplay	True	143.44347731652354	Fp2
015	632	02	1804.0	gameplay	True	102.02993351847476	P8
015	633	02	1808.0	gameplay	True	170.8848834063916	Fp1
015	634	02	1812.0	gameplay	True	244.30013969916865	AF8
015	635	02	1816.0	gameplay	True	169.4873613612859	Fp1
015	636	02	1820.0	gameplay	True	100.64025079165398	Fp2
015	637	02	1824.0	gameplay	True	93.37915018929424	FT9
015	638	02	1828.0	gameplay	True	189.43863643951465	FT10
015	639	02	1832.0	gameplay	True	202.34313896903086	AF8
015	640	02	1836.0	gameplay	True	104.10235572760551	AF8
015	641	02	1840.0	gameplay	True	97.20700820470272	AF8
015	642	02	1844.0	gameplay	True	135.1731335657792	Fp1
015	643	02	1848.0	gameplay	True	151.46712838686656	AF8
015	644	02	1852.0	gameplay	True	127.95762986276898	Fp1
015	645	02	1856.0	gameplay	True	105.3249928861312	Fp1
015	646	02	1860.0	gameplay	True	115.21110499035166	AF8
015	647	02	1864.0	gameplay	True	95.57717881651483	AF7
015	648	02	1868.0	gameplay	True	248.64168490710955	Fp2
015	649	02	1872.0	gameplay	True	277.101454996193	AF8
015	650	02	1876.0	gameplay	True	166.54842348070594	AF8
015	651	02	1880.0	gameplay	True	105.47724504750197	AF8
015	652	02	1884.0	gameplay	True	146.11394460934068	Fp1
015	653	02	1888.0	gameplay	True	144.32858228247133	Fp2
015	654	02	1892.0	gameplay	True	94.97562382930039	Fp1
015	655	02	1896.0	gameplay	True	125.42771887710656	AF8
015	656	02	1900.0	gameplay	True	297.7542490339391	Fp2
015	657	02	1904.0	gameplay	True	254.40508200745055	Fp2
015	658	02	1908.0	gameplay	True	91.72190068457209	Fp2
015	659	02	1912.0	gameplay	True	275.8027183549839	Fp2
015	660	02	1916.0	gameplay	True	93.19434713301985	AF8
015	661	02	1920.0	gameplay	True	187.89971876436076	Fp1
015	662	02	1924.0	gameplay	True	149.20632119779745	AF7
015	663	02	1928.0	gameplay	True	141.09551950972116	Fp2
015	664	02	1932.0	gameplay	True	121.14470643415301	Fp1
015	665	02	1936.0	gameplay	True	142.80233730541073	TP10
015	666	02	1940.0	gameplay	False		
015	667	02	1944.0	gameplay	False		
015	668	02	1948.0	gameplay	True	198.37446545451382	Fp1
015	669	02	1952.0	gameplay	True	294.39610954798366	Fp1
016	0	01	0.0	outside_inferred_tasks	True	279.01452549756806	FT9
016	1	01	4.0	outside_inferred_tasks	False		
016	2	01	8.0	outside_inferred_tasks	False		
016	3	01	12.0	outside_inferred_tasks	True	304.9894327963682	AF7
016	4	01	16.0	outside_inferred_tasks	True	219.2639151554265	AF7
016	5	01	20.0	outside_inferred_tasks	True	364.5813816713662	AF7
016	6	01	24.0	outside_inferred_tasks	True	279.8731527152267	AF7
016	7	01	28.0	outside_inferred_tasks	False		
016	8	01	32.0	outside_inferred_tasks	False		
016	9	01	36.0	outside_inferred_tasks	False		
016	10	01	40.0	outside_inferred_tasks	True	272.2456580957932	AF7
016	11	01	44.0	outside_inferred_tasks	False		
016	12	01	48.0	outside_inferred_tasks	False		
016	13	01	52.0	outside_inferred_tasks	False		
016	14	01	56.0	outside_inferred_tasks	False		
016	15	01	60.0	task_boundary	False		
016	16	01	64.0	oddball	False		
016	17	01	68.0	oddball	True	229.0505786502203	AF7
016	18	01	72.0	oddball	True	271.5632240512856	AF7
016	19	01	76.0	oddball	True	231.15885476163805	AF7
016	20	01	80.0	oddball	True	235.10912628957084	AF7
016	21	01	84.0	oddball	True	305.593200000947	AF7
016	22	01	88.0	oddball	True	214.12458350231228	AF7
016	23	01	92.0	oddball	True	762.9279764386373	FT9
016	24	01	96.0	oddball	True	257.6102403025451	AF7
016	25	01	100.0	oddball	True	210.49925569324344	AF7
016	26	01	104.0	oddball	True	233.4859115668434	AF7
016	27	01	108.0	oddball	True	226.4273638580059	AF7
016	28	01	112.0	oddball	True	186.1963114611398	AF7
016	29	01	116.0	oddball	True	195.1774019704767	AF7
016	30	01	120.0	oddball	True	186.18686053630861	AF7
016	31	01	124.0	oddball	True	204.4906344429966	AF7
016	32	01	128.0	oddball	True	203.5887253256189	AF7
016	33	01	132.0	oddball	True	178.14374869737867	AF7
016	34	01	136.0	oddball	False		
016	35	01	140.0	oddball	False		
016	36	01	144.0	oddball	True	286.8191370814506	AF7
016	37	01	148.0	oddball	True	199.14756354063368	AF7
016	38	01	152.0	oddball	True	290.7264625265257	AF7
016	39	01	156.0	oddball	True	287.21488874603455	AF7
016	40	01	160.0	oddball	True	86.60752088803125	F6
016	41	01	164.0	oddball	True	184.33134407722258	AF7
016	42	01	168.0	oddball	True	167.4702829490955	AF7
016	43	01	172.0	oddball	True	186.37789867309647	AF7
016	44	01	176.0	oddball	False		
016	45	01	180.0	oddball	True	195.997813862497	AF7
016	46	01	184.0	oddball	True	211.58789012463527	AF7
016	47	01	188.0	oddball	True	195.12052097322112	AF7
016	48	01	192.0	oddball	False		
016	49	01	196.0	oddball	True	188.49726065530402	AF7
016	50	01	200.0	oddball	True	208.18990270883413	AF7
016	51	01	204.0	oddball	True	163.84793430139473	AF7
016	52	01	208.0	oddball	True	211.27046905780432	AF7
016	53	01	212.0	oddball	True	187.0098491654661	AF7
016	54	01	216.0	oddball	True	141.89529572011355	AF7
016	55	01	220.0	oddball	True	227.2717585008804	AF7
016	56	01	224.0	oddball	True	267.36946824981476	AF7
016	57	01	228.0	oddball	True	165.51062352297654	AF7
016	58	01	232.0	oddball	True	178.78402277868835	AF7
016	59	01	236.0	oddball	False		
016	60	01	240.0	oddball	True	224.29439493908285	AF7
016	61	01	244.0	oddball	True	299.9645380371151	AF7
016	62	01	248.0	oddball	False		
016	63	01	252.0	oddball	True	316.8367603594761	AF7
016	64	01	256.0	oddball	True	235.78275234895705	AF7
016	65	01	260.0	oddball	True	288.9352181825687	AF7
016	66	01	264.0	oddball	False		
016	67	01	268.0	oddball	True	256.4780497717898	AF7
016	68	01	272.0	oddball	True	185.38899171952062	AF7
016	69	01	276.0	oddball	True	149.45499004523657	AF7
016	70	01	280.0	oddball	True	166.11446550912726	AF7
016	71	01	284.0	oddball	True	187.64465279260168	AF7
016	72	01	288.0	oddball	True	233.00846012118816	AF7
016	73	01	292.0	oddball	True	155.38800391470255	AF7
016	74	01	296.0	oddball	True	195.29977350004395	Fp2
016	75	01	300.0	oddball	True	160.36686665081868	AF7
016	76	01	304.0	oddball	True	158.28038178857537	AF7
016	77	01	308.0	oddball	True	140.4121072502229	AF7
016	78	01	312.0	oddball	True	225.64450390064266	AF7
016	79	01	316.0	oddball	True	302.778487067417	AF7
016	80	01	320.0	oddball	False		
016	81	01	324.0	oddball	True	279.86704955522447	AF7
016	82	01	328.0	oddball	True	191.16454623740808	AF7
016	83	01	332.0	oddball	True	143.1441874072328	AF7
016	84	01	336.0	oddball	True	180.41853482678565	AF7
016	85	01	340.0	oddball	True	170.0665126952874	AF7
016	86	01	344.0	oddball	True	178.6139254288328	AF7
016	87	01	348.0	oddball	True	223.946749884521	AF7
016	88	01	352.0	oddball	True	179.15214117770248	AF7
016	89	01	356.0	oddball	True	125.80958917013017	AF7
016	90	01	360.0	oddball	True	160.17490345815438	Fp2
016	91	01	364.0	oddball	True	184.62920349358728	AF7
016	92	01	368.0	oddball	True	220.00720121867585	AF7
016	93	01	372.0	oddball	True	175.52296384799536	AF7
016	94	01	376.0	oddball	True	179.2512699350715	AF7
016	95	01	380.0	oddball	True	126.99888572587938	AF7
016	96	01	384.0	oddball	True	115.38616351771475	AF7
016	97	01	388.0	oddball	True	139.36960950063647	FC4
016	98	01	392.0	oddball	True	168.03665117217517	AF7
016	99	01	396.0	oddball	True	108.49649421994613	AF7
016	100	01	400.0	oddball	True	208.62198210318041	AF7
016	101	01	404.0	oddball	True	143.49705460125102	AF7
016	102	01	408.0	oddball	True	103.92158679516115	AF7
016	103	01	412.0	oddball	True	116.83840921926523	AF7
016	104	01	416.0	oddball	True	95.22474643432187	AF7
016	105	01	420.0	oddball	True	141.58093978380614	AF7
016	106	01	424.0	oddball	True	138.56630294575797	AF7
016	107	01	428.0	oddball	True	105.12606973216153	AF7
016	108	01	432.0	oddball	True	167.01127570828595	AF7
016	109	01	436.0	oddball	True	121.78072720478377	AF7
016	110	01	440.0	oddball	True	117.94972391800663	AF7
016	111	01	444.0	oddball	True	131.95404583642807	AF7
016	112	01	448.0	oddball	True	121.44426313875401	AF7
016	113	01	452.0	oddball	True	156.84541283272134	AF7
016	114	01	456.0	task_boundary	True	188.98538164359837	AF7
016	115	01	460.0	outside_inferred_tasks	False		
016	116	01	464.0	outside_inferred_tasks	False		
016	117	01	468.0	outside_inferred_tasks	False		
016	118	01	472.0	outside_inferred_tasks	False		
016	119	01	476.0	outside_inferred_tasks	True	328.90479952048355	AF7
016	120	01	480.0	outside_inferred_tasks	True	286.914076689906	AF7
016	121	01	484.0	outside_inferred_tasks	True	285.20137707458736	AF7
016	122	01	488.0	outside_inferred_tasks	True	204.74964844150145	AF7
016	123	01	492.0	outside_inferred_tasks	False		
016	124	01	496.0	outside_inferred_tasks	False		
016	125	01	500.0	outside_inferred_tasks	False		
016	126	01	504.0	outside_inferred_tasks	False		
016	127	01	508.0	outside_inferred_tasks	False		
016	128	01	512.0	task_boundary	False		
016	129	01	516.0	gambling	False		
016	130	01	520.0	gambling	False		
016	131	01	524.0	gambling	False		
016	132	01	528.0	gambling	True	124.58663911980075	AF7
016	133	01	532.0	gambling	False		
016	134	01	536.0	gambling	True	139.05302393978053	AF7
016	135	01	540.0	gambling	True	110.75367340214217	AF7
016	136	01	544.0	gambling	True	291.13226232890423	AF7
016	137	01	548.0	gambling	True	195.63715680481442	AF7
016	138	01	552.0	gambling	True	229.89105178532594	AF7
016	139	01	556.0	gambling	True	104.71420268126359	AF7
016	140	01	560.0	gambling	True	94.19008230207612	AF8
016	141	01	564.0	gambling	True	235.43241057722835	AF7
016	142	01	568.0	gambling	True	248.66372249546015	AF7
016	143	01	572.0	gambling	True	117.64598444967764	Fp2
016	144	01	576.0	gambling	True	198.1218715525933	Fp2
016	145	01	580.0	gambling	True	89.30071232564214	T8
016	146	01	584.0	gambling	True	182.1132083040149	AF7
016	147	01	588.0	gambling	True	263.8014674401099	AF7
016	148	01	592.0	gambling	False		
016	149	01	596.0	gambling	True	384.65008485565096	T8
016	150	01	600.0	gambling	False		
016	151	01	604.0	gambling	True	386.19236653068225	T8
016	152	01	608.0	gambling	True	362.3703299342916	T8
016	153	01	612.0	gambling	True	396.3379354895487	T8
016	154	01	616.0	gambling	True	395.81556630269006	T8
016	155	01	620.0	gambling	False		
016	156	01	624.0	gambling	True	499.66624334439905	T8
016	157	01	628.0	gambling	True	444.10429261156946	T8
016	158	01	632.0	gambling	False		
016	159	01	636.0	gambling	False		
016	160	01	640.0	gambling	True	418.87663173035685	T8
016	161	01	644.0	gambling	False		
016	162	01	648.0	gambling	True	384.4011526351643	T8
016	163	01	652.0	gambling	False		
016	164	01	656.0	gambling	False		
016	165	01	660.0	task_boundary	True	246.95757228698474	T8
016	166	01	664.0	outside_inferred_tasks	True	278.99421616404027	AF7
016	167	01	668.0	outside_inferred_tasks	False		
016	168	01	672.0	outside_inferred_tasks	False		
016	169	01	676.0	outside_inferred_tasks	False		
016	170	01	680.0	outside_inferred_tasks	False		
016	171	01	684.0	outside_inferred_tasks	True	259.12866165832423	AF7
016	172	01	688.0	outside_inferred_tasks	False		
016	173	01	692.0	outside_inferred_tasks	True	93.65343452465315	AF8
016	174	01	696.0	outside_inferred_tasks	True	93.7381169654323	TP7
016	175	01	700.0	outside_inferred_tasks	True	101.78134893114121	T8
016	176	01	704.0	outside_inferred_tasks	True	273.9806815213773	AF7
016	177	01	708.0	outside_inferred_tasks	False		
016	178	01	712.0	outside_inferred_tasks	False		
016	179	01	716.0	outside_inferred_tasks	False		
016	180	01	720.0	outside_inferred_tasks	False		
016	181	01	724.0	outside_inferred_tasks	False		
016	182	01	728.0	outside_inferred_tasks	False		
016	183	01	732.0	outside_inferred_tasks	False		
016	184	01	736.0	outside_inferred_tasks	True	203.05419874119352	AF7
016	185	01	740.0	outside_inferred_tasks	False		
016	186	01	744.0	outside_inferred_tasks	False		
016	187	01	748.0	outside_inferred_tasks	False		
016	188	01	752.0	outside_inferred_tasks	False		
016	189	01	756.0	outside_inferred_tasks	False		
016	190	01	760.0	outside_inferred_tasks	False		
016	191	01	764.0	outside_inferred_tasks	True	196.74990807894773	Fp2
016	192	01	768.0	outside_inferred_tasks	True	297.1294395867347	AF7
016	193	01	772.0	outside_inferred_tasks	True	300.10365207770855	AF7
016	194	01	776.0	outside_inferred_tasks	True	280.1820365408056	AF7
016	195	01	780.0	outside_inferred_tasks	True	269.3767276338485	AF7
016	196	01	784.0	outside_inferred_tasks	False		
016	197	01	788.0	outside_inferred_tasks	False		
016	198	01	792.0	outside_inferred_tasks	False		
016	199	01	796.0	outside_inferred_tasks	False		
016	200	02	0.0	outside_inferred_tasks	True	298.68690418279067	AF7
016	201	02	4.0	outside_inferred_tasks	True	362.4694507762397	AF7
016	202	02	8.0	outside_inferred_tasks	True	211.38533728275996	AF8
016	203	02	12.0	outside_inferred_tasks	True	217.59234568749952	AF7
016	204	02	16.0	outside_inferred_tasks	False		
016	205	02	20.0	outside_inferred_tasks	False		
016	206	02	24.0	outside_inferred_tasks	False		
016	207	02	28.0	outside_inferred_tasks	True	243.58327443278944	AF7
016	208	02	32.0	outside_inferred_tasks	True	305.3976129089038	AF7
016	209	02	36.0	outside_inferred_tasks	True	230.22653142641192	AF7
016	210	02	40.0	outside_inferred_tasks	True	248.87791741199197	AF7
016	211	02	44.0	outside_inferred_tasks	True	204.7272640894598	AF7
016	212	02	48.0	outside_inferred_tasks	False		
016	213	02	52.0	outside_inferred_tasks	True	254.88774037613553	AF7
016	214	02	56.0	outside_inferred_tasks	True	234.8103174255812	AF7
016	215	02	60.0	outside_inferred_tasks	False		
016	216	02	64.0	outside_inferred_tasks	True	297.38501676390894	AF7
016	217	02	68.0	outside_inferred_tasks	False		
016	218	02	72.0	outside_inferred_tasks	False		
016	219	02	76.0	outside_inferred_tasks	False		
016	220	02	80.0	outside_inferred_tasks	False		
016	221	02	84.0	task_boundary	False		
016	222	02	88.0	gameplay	True	316.555418836244	AF7
016	223	02	92.0	gameplay	True	235.75958932587912	Fp2
016	224	02	96.0	gameplay	True	241.1133949700276	Fp2
016	225	02	100.0	gameplay	True	232.09164737742762	Fp1
016	226	02	104.0	gameplay	True	277.6477881763373	AF7
016	227	02	108.0	gameplay	True	302.6059949304529	AF7
016	228	02	112.0	gameplay	True	192.3221888115182	AF7
016	229	02	116.0	gameplay	False		
016	230	02	120.0	gameplay	True	195.17526953930434	AF7
016	231	02	124.0	gameplay	True	278.4731744826396	Fp2
016	232	02	128.0	gameplay	True	182.0558313384056	AF8
016	233	02	132.0	gameplay	True	266.9566265671299	Fp2
016	234	02	136.0	gameplay	True	323.0255193818547	AF7
016	235	02	140.0	gameplay	False		
016	236	02	144.0	gameplay	True	229.97776756574748	AF7
016	237	02	148.0	gameplay	True	258.2480920680503	AF7
016	238	02	152.0	gameplay	True	267.8457865267885	AF7
016	239	02	156.0	gameplay	True	174.4636605576337	AF7
016	240	02	160.0	gameplay	True	247.2497401148075	AF7
016	241	02	164.0	gameplay	True	111.72951101709646	AF7
016	242	02	168.0	gameplay	True	241.2501138457109	Fp2
016	243	02	172.0	gameplay	True	227.14588863650567	AF7
016	244	02	176.0	gameplay	True	340.6137076017784	AF7
016	245	02	180.0	gameplay	False		
016	246	02	184.0	gameplay	False		
016	247	02	188.0	gameplay	True	259.50470651808433	AF7
016	248	02	192.0	gameplay	True	289.2811311322193	AF7
016	249	02	196.0	gameplay	True	300.69809651401255	AF7
016	250	02	200.0	gameplay	True	214.1770316871196	AF7
016	251	02	204.0	gameplay	False		
016	252	02	208.0	gameplay	True	331.64603366505116	AF7
016	253	02	212.0	gameplay	True	285.62628884833583	AF7
016	254	02	216.0	gameplay	True	95.06411335142076	T8
016	255	02	220.0	gameplay	True	239.82307005069748	Fp2
016	256	02	224.0	gameplay	False		
016	257	02	228.0	gameplay	True	304.70957898131735	AF7
016	258	02	232.0	gameplay	False		
016	259	02	236.0	gameplay	False		
016	260	02	240.0	gameplay	True	124.47428476802439	AF8
016	261	02	244.0	gameplay	False		
016	262	02	248.0	gameplay	False		
016	263	02	252.0	gameplay	True	229.19954994684883	AF7
016	264	02	256.0	gameplay	False		
016	265	02	260.0	gameplay	False		
016	266	02	264.0	gameplay	False		
016	267	02	268.0	gameplay	False		
016	268	02	272.0	gameplay	False		
016	269	02	276.0	gameplay	False		
016	270	02	280.0	gameplay	False		
016	271	02	284.0	gameplay	True	231.1533195712952	Fp2
016	272	02	288.0	gameplay	True	132.18579824864707	AF8
016	273	02	292.0	gameplay	True	258.6923706091968	AF7
016	274	02	296.0	gameplay	False		
016	275	02	300.0	gameplay	True	306.6848061908605	Fp2
016	276	02	304.0	gameplay	True	263.89072347192314	AF7
016	277	02	308.0	gameplay	False		
016	278	02	312.0	gameplay	True	99.66694997166962	Fp2
016	279	02	316.0	gameplay	True	228.3361126895221	Fp2
016	280	02	320.0	gameplay	False		
016	281	02	324.0	gameplay	True	321.8780665721731	AF7
016	282	02	328.0	gameplay	True	88.5466763929886	Fp2
016	283	02	332.0	gameplay	True	306.85393026938624	AF7
016	284	02	336.0	gameplay	True	251.65714570899854	AF7
016	285	02	340.0	gameplay	True	247.28675014083095	AF7
016	286	02	344.0	gameplay	False		
016	287	02	348.0	gameplay	False		
016	288	02	352.0	gameplay	True	251.88671826861514	AF7
016	289	02	356.0	gameplay	True	296.84039980289566	Fp2
016	290	02	360.0	gameplay	True	277.458968646031	AF7
016	291	02	364.0	gameplay	True	304.1525565102984	Fp2
016	292	02	368.0	gameplay	False		
016	293	02	372.0	gameplay	True	275.7839233312323	AF7
016	294	02	376.0	gameplay	True	256.461947872542	Fp2
016	295	02	380.0	gameplay	True	101.03635756115335	Fp2
016	296	02	384.0	gameplay	True	163.98657937794792	Fp2
016	297	02	388.0	gameplay	True	205.2047647294677	Fp2
016	298	02	392.0	gameplay	False		
016	299	02	396.0	gameplay	True	249.22057270376004	Fp2
016	300	02	400.0	gameplay	True	300.35856584710615	AF7
016	301	02	404.0	gameplay	True	280.0721581407107	AF7
016	302	02	408.0	gameplay	False		
016	303	02	412.0	gameplay	True	279.8380272298991	Fp2
016	304	02	416.0	gameplay	True	173.01431990943925	AF7
016	305	02	420.0	gameplay	True	306.7770569216594	AF7
016	306	02	424.0	gameplay	False		
016	307	02	428.0	gameplay	True	188.0583300213085	AF8
016	308	02	432.0	gameplay	True	80.84134655000366	Fp2
016	309	02	436.0	gameplay	True	248.06669174347664	AF7
016	310	02	440.0	gameplay	True	326.91593061891615	AF7
016	311	02	444.0	gameplay	False		
016	312	02	448.0	gameplay	False		
016	313	02	452.0	gameplay	True	123.16888397950548	AF7
016	314	02	456.0	gameplay	False		
016	315	02	460.0	gameplay	True	281.3847534714902	Fp2
016	316	02	464.0	gameplay	True	297.05151651635526	AF7
016	317	02	468.0	gameplay	True	111.67282844136666	Fp2
016	318	02	472.0	gameplay	True	272.66006378724194	AF7
016	319	02	476.0	gameplay	True	262.8758081925472	AF7
016	320	02	480.0	gameplay	True	237.2148506713778	Fp1
016	321	02	484.0	gameplay	True	202.97276261422746	Fp2
016	322	02	488.0	gameplay	True	269.8836017269544	AF7
016	323	02	492.0	gameplay	False		
016	324	02	496.0	gameplay	False		
016	325	02	500.0	gameplay	False		
016	326	02	504.0	gameplay	False		
016	327	02	508.0	gameplay	False		
016	328	02	512.0	gameplay	False		
016	329	02	516.0	gameplay	False		
016	330	02	520.0	gameplay	False		
016	331	02	524.0	gameplay	True	277.44700924988484	Fp2
016	332	02	528.0	gameplay	False		
016	333	02	532.0	gameplay	False		
016	334	02	536.0	gameplay	True	269.3139069145467	AF7
016	335	02	540.0	gameplay	True	283.374282126514	AF7
016	336	02	544.0	gameplay	True	137.77086227832643	AF7
016	337	02	548.0	gameplay	True	257.6699442866448	Fp2
016	338	02	552.0	gameplay	True	149.15002771580865	AF8
016	339	02	556.0	gameplay	True	181.77968918742377	AF8
016	340	02	560.0	gameplay	False		
016	341	02	564.0	gameplay	True	113.06045878881416	AF8
016	342	02	568.0	gameplay	True	190.170325733329	AF7
016	343	02	572.0	gameplay	True	268.62988967350464	AF7
016	344	02	576.0	gameplay	True	277.3379741360496	AF7
016	345	02	580.0	gameplay	True	212.26396094694124	AF7
016	346	02	584.0	gameplay	False		
016	347	02	588.0	gameplay	False		
016	348	02	592.0	gameplay	True	271.5797266321493	T8
016	349	02	596.0	gameplay	True	142.52609222678464	T8
016	350	02	600.0	gameplay	False		
016	351	02	604.0	gameplay	True	207.80378700582466	AF8
016	352	02	608.0	gameplay	False		
016	353	02	612.0	gameplay	False		
016	354	02	616.0	gameplay	True	140.72048155578926	T8
016	355	02	620.0	gameplay	True	175.2741122311096	AF7
016	356	02	624.0	gameplay	False		
016	357	02	628.0	gameplay	True	103.88487218838283	AF8
016	358	02	632.0	gameplay	True	181.24255702662114	AF7
016	359	02	636.0	gameplay	True	257.4097509532617	Fp2
016	360	02	640.0	gameplay	False		
016	361	02	644.0	gameplay	True	198.36186173540796	AF8
016	362	02	648.0	gameplay	True	211.5396875545133	AF7
016	363	02	652.0	gameplay	True	133.8847995349246	Fp2
016	364	02	656.0	gameplay	True	174.38236948412666	AF7
016	365	02	660.0	gameplay	True	185.02162110841283	AF7
016	366	02	664.0	gameplay	True	183.52464243312028	AF7
016	367	02	668.0	gameplay	False		
016	368	02	672.0	gameplay	True	243.32884180479022	AF7
016	369	02	676.0	gameplay	True	248.0374027188738	AF7
016	370	02	680.0	gameplay	True	267.078562853227	AF7
016	371	02	684.0	gameplay	True	169.8513712016877	Fp2
016	372	02	688.0	gameplay	False		
016	373	02	692.0	gameplay	False		
016	374	02	696.0	gameplay	True	257.6160347210958	Fp2
016	375	02	700.0	gameplay	True	249.84730457328422	AF7
016	376	02	704.0	gameplay	False		
016	377	02	708.0	gameplay	True	254.02159080683487	Fp2
016	378	02	712.0	gameplay	False		
016	379	02	716.0	gameplay	True	134.2577015091761	AF7
016	380	02	720.0	gameplay	False		
016	381	02	724.0	gameplay	False		
016	382	02	728.0	gameplay	True	128.78497279892292	Fp2
016	383	02	732.0	gameplay	True	130.1432263580956	AF8
016	384	02	736.0	gameplay	True	233.50097576965425	Fp2
016	385	02	740.0	gameplay	True	77.16946012755804	AF8
016	386	02	744.0	gameplay	False		
016	387	02	748.0	gameplay	False		
016	388	02	752.0	gameplay	True	270.91432916961054	AF7
016	389	02	756.0	gameplay	True	93.45522291624121	AF8
016	390	02	760.0	gameplay	False		
016	391	02	764.0	gameplay	False		
016	392	02	768.0	gameplay	False		
016	393	02	772.0	gameplay	False		
016	394	02	776.0	gameplay	False		
016	395	02	780.0	gameplay	False		
016	396	02	784.0	gameplay	False		
016	397	02	788.0	gameplay	False		
016	398	02	792.0	gameplay	True	205.65889676660026	Fp2
016	399	02	796.0	gameplay	True	136.7295070782234	T8
016	400	02	800.0	gameplay	True	288.0847086694628	Fp2
016	401	02	804.0	gameplay	False		
016	402	02	808.0	gameplay	True	187.45126297315502	T8
016	403	02	812.0	gameplay	True	268.04151118622525	AF7
016	404	02	816.0	gameplay	True	267.3382179743485	AF7
016	405	02	820.0	gameplay	False		
016	406	02	824.0	gameplay	True	233.3925280284635	AF7
016	407	02	828.0	gameplay	True	89.57057357653039	AF8
016	408	02	832.0	gameplay	True	117.22199609728708	Fp2
016	409	02	836.0	gameplay	False		
016	410	02	840.0	gameplay	False		
016	411	02	844.0	gameplay	True	159.39596516413837	AF7
016	412	02	848.0	gameplay	True	256.73238318187555	AF7
016	413	02	852.0	gameplay	False		
016	414	02	856.0	gameplay	True	274.2497702615846	AF7
016	415	02	860.0	gameplay	True	257.7701755452533	AF7
016	416	02	864.0	gameplay	True	124.82991003134686	AF7
016	417	02	868.0	gameplay	True	220.46058977159095	AF7
016	418	02	872.0	gameplay	True	216.92933602642412	AF7
016	419	02	876.0	gameplay	True	244.0672827636189	Fp2
016	420	02	880.0	gameplay	True	258.20566482294566	Fp2
016	421	02	884.0	gameplay	False		
016	422	02	888.0	gameplay	True	198.01393092197318	AF8
016	423	02	892.0	gameplay	True	118.59994481312167	AF8
016	424	02	896.0	gameplay	True	250.23072776280898	AF7
016	425	02	900.0	gameplay	False		
016	426	02	904.0	gameplay	True	219.86913995370523	AF7
016	427	02	908.0	gameplay	True	317.61286828451153	AF7
016	428	02	912.0	gameplay	True	147.89617124794492	AF8
016	429	02	916.0	gameplay	True	246.89978720117585	Fp2
016	430	02	920.0	gameplay	True	267.57779626349685	AF7
016	431	02	924.0	gameplay	True	144.9152371507941	Fp2
016	432	02	928.0	gameplay	True	266.67206505463565	AF7
016	433	02	932.0	gameplay	True	246.90567345785578	Fp2
016	434	02	936.0	gameplay	True	238.7195352057331	AF7
016	435	02	940.0	gameplay	True	231.66147578373239	AF7
016	436	02	944.0	gameplay	True	82.30286763084457	AF7
016	437	02	948.0	gameplay	True	251.99811508314085	AF7
016	438	02	952.0	gameplay	True	236.10681870017484	AF8
016	439	02	956.0	gameplay	True	289.36432942150645	AF7
016	440	02	960.0	gameplay	True	83.38917898557658	AF8
016	441	02	964.0	gameplay	True	96.3197934017217	AF8
016	442	02	968.0	gameplay	True	205.90228203511867	AF7
016	443	02	972.0	gameplay	True	148.83118405539025	Fp2
016	444	02	976.0	gameplay	True	235.16904397943097	AF7
016	445	02	980.0	gameplay	True	327.3807363882185	AF7
016	446	02	984.0	gameplay	False		
016	447	02	988.0	gameplay	True	242.5067362953954	AF7
016	448	02	992.0	gameplay	True	231.1134562981471	AF7
016	449	02	996.0	gameplay	False		
016	450	02	1000.0	gameplay	True	252.27809060379653	AF7
016	451	02	1004.0	gameplay	True	94.56761159498993	AF7
016	452	02	1008.0	gameplay	True	207.09833074998159	AF7
016	453	02	1012.0	gameplay	False		
016	454	02	1016.0	gameplay	True	292.014670505577	Fp2
016	455	02	1020.0	gameplay	True	293.5836708663547	AF7
016	456	02	1024.0	gameplay	True	321.57033857081797	AF7
016	457	02	1028.0	gameplay	True	170.29883501630556	Fp2
016	458	02	1032.0	gameplay	True	278.84844891132656	AF7
016	459	02	1036.0	gameplay	True	82.20843492162851	AF8
016	460	02	1040.0	gameplay	True	291.74147701050833	Fp2
016	461	02	1044.0	gameplay	True	279.57893335596134	AF7
016	462	02	1048.0	gameplay	True	84.40750108689916	AF8
016	463	02	1052.0	gameplay	True	251.45016828933458	AF7
016	464	02	1056.0	gameplay	False		
016	465	02	1060.0	gameplay	True	112.75730863486618	AF8
016	466	02	1064.0	gameplay	True	312.7629235009114	AF7
016	467	02	1068.0	gameplay	True	306.25413044340166	AF7
016	468	02	1072.0	gameplay	True	87.52668739287842	Fp2
016	469	02	1076.0	gameplay	False		
016	470	02	1080.0	gameplay	True	94.17941635405809	AF8
016	471	02	1084.0	gameplay	True	64.29208162485007	Fp2
016	472	02	1088.0	gameplay	False		
016	473	02	1092.0	gameplay	True	123.97776383493567	AF7
016	474	02	1096.0	gameplay	True	206.33498336762585	Fp2
016	475	02	1100.0	gameplay	True	262.29612678085726	AF7
016	476	02	1104.0	gameplay	True	277.23516745198475	AF7
016	477	02	1108.0	gameplay	True	84.8553160270485	AF8
016	478	02	1112.0	gameplay	True	226.42961048990944	Fp2
016	479	02	1116.0	gameplay	True	193.81891590520317	AF7
016	480	02	1120.0	gameplay	True	238.1257624049198	AF7
016	481	02	1124.0	gameplay	False		
016	482	02	1128.0	gameplay	False		
016	483	02	1132.0	gameplay	True	215.39285629907096	Fp2
016	484	02	1136.0	gameplay	False		
016	485	02	1140.0	gameplay	True	184.03556363919745	Fp2
016	486	02	1144.0	gameplay	True	146.10676517594712	Fp2
016	487	02	1148.0	gameplay	True	191.38926287923863	AF7
016	488	02	1152.0	gameplay	False		
016	489	02	1156.0	gameplay	True	233.91240644030032	AF7
016	490	02	1160.0	gameplay	False		
016	491	02	1164.0	gameplay	True	132.1084210131045	Fp2
016	492	02	1168.0	gameplay	True	295.67422410683633	AF7
016	493	02	1172.0	gameplay	True	253.87704049886725	AF7
016	494	02	1176.0	gameplay	True	268.4234383986874	AF7
016	495	02	1180.0	gameplay	True	141.0821988042533	AF7
016	496	02	1184.0	gameplay	True	256.49409036968115	AF7
016	497	02	1188.0	gameplay	True	193.73485518747307	AF8
016	498	02	1192.0	gameplay	True	131.40767257026002	AF8
016	499	02	1196.0	gameplay	True	225.25500429288311	AF7
016	500	02	1200.0	gameplay	True	139.5937532167666	Fp2
016	501	02	1204.0	gameplay	True	113.37742595440587	AF8
016	502	02	1208.0	gameplay	True	154.60148587280247	AF8
016	503	02	1212.0	gameplay	True	157.84660683182676	AF7
016	504	02	1216.0	gameplay	True	271.9563286222054	Fp2
016	505	02	1220.0	gameplay	True	217.3296964377486	Fp2
016	506	02	1224.0	gameplay	True	135.11089295928076	AF8
016	507	02	1228.0	gameplay	False		
016	508	02	1232.0	gameplay	True	265.59545416936237	Fp2
016	509	02	1236.0	gameplay	True	285.44422085874504	AF7
016	510	02	1240.0	gameplay	True	285.40442563591654	Fp2
016	511	02	1244.0	gameplay	True	305.52653047891465	AF7
016	512	02	1248.0	gameplay	False		
016	513	02	1252.0	gameplay	False		
016	514	02	1256.0	gameplay	True	92.20252204100206	AF7
016	515	02	1260.0	gameplay	False		
016	516	02	1264.0	gameplay	True	115.4109494191825	AF8
016	517	02	1268.0	gameplay	True	254.60517025166112	Fp2
016	518	02	1272.0	gameplay	True	235.60031474667136	AF7
016	519	02	1276.0	gameplay	True	282.80436610314877	Fp2
016	520	02	1280.0	gameplay	True	225.96864650842642	AF7
016	521	02	1284.0	gameplay	True	113.416732529518	AF7
016	522	02	1288.0	gameplay	True	233.30801316119408	Fp2
016	523	02	1292.0	gameplay	True	246.4870525164049	AF7
016	524	02	1296.0	gameplay	True	94.77490210724456	Fp2
016	525	02	1300.0	gameplay	True	212.89292465827185	AF7
016	526	02	1304.0	gameplay	True	200.247901265956	Fp2
016	527	02	1308.0	gameplay	True	250.00370733233257	Fp2
016	528	02	1312.0	gameplay	True	186.46005927671231	AF7
016	529	02	1316.0	gameplay	True	111.03235977138148	AF7
016	530	02	1320.0	gameplay	True	165.3811487640753	AF8
016	531	02	1324.0	gameplay	True	131.11969341855465	AF7
016	532	02	1328.0	gameplay	True	176.17497967684986	AF8
016	533	02	1332.0	gameplay	True	127.25598142734906	AF8
016	534	02	1336.0	gameplay	True	268.81781702343204	AF8
016	535	02	1340.0	gameplay	True	137.39584302100621	AF8
016	536	02	1344.0	gameplay	True	287.2411298520915	Fp2
016	537	02	1348.0	gameplay	True	237.196501963433	Fp2
016	538	02	1352.0	gameplay	False		
016	539	02	1356.0	gameplay	True	258.5868600897404	AF7
016	540	02	1360.0	gameplay	True	239.77230377532462	AF7
016	541	02	1364.0	gameplay	False		
016	542	02	1368.0	gameplay	False		
016	543	02	1372.0	gameplay	True	265.72731732555246	AF7
016	544	02	1376.0	gameplay	True	222.14239090083402	AF7
016	545	02	1380.0	gameplay	True	323.5240320467002	Fp2
016	546	02	1384.0	gameplay	True	313.1292106026255	AF7
016	547	02	1388.0	gameplay	True	182.17122610769803	Fp2
016	548	02	1392.0	gameplay	False		
016	549	02	1396.0	gameplay	False		
016	550	02	1400.0	gameplay	False		
016	551	02	1404.0	gameplay	False		
016	552	02	1408.0	gameplay	False		
016	553	02	1412.0	gameplay	True	321.01296190184246	AF7
016	554	02	1416.0	gameplay	True	191.34820473053247	AF7
016	555	02	1420.0	gameplay	True	175.21479763127255	AF7
016	556	02	1424.0	gameplay	True	79.99907282709134	AF8
016	557	02	1428.0	gameplay	True	297.7313757775456	AF7
016	558	02	1432.0	gameplay	True	232.25147583229028	Fp2
016	559	02	1436.0	gameplay	False		
016	560	02	1440.0	gameplay	False		
016	561	02	1444.0	gameplay	True	100.4440724988364	AF8
016	562	02	1448.0	gameplay	True	217.93028165196512	Fp2
016	563	02	1452.0	gameplay	True	332.6004553203947	AF7
016	564	02	1456.0	gameplay	True	180.83243503473162	AF8
016	565	02	1460.0	gameplay	True	217.64015526901426	Fp2
016	566	02	1464.0	gameplay	True	198.2516550501678	Fp2
016	567	02	1468.0	gameplay	True	121.47036337333756	AF8
016	568	02	1472.0	gameplay	True	181.03377863973915	Fp2
016	569	02	1476.0	gameplay	True	86.47790496280614	AF8
016	570	02	1480.0	gameplay	False		
016	571	02	1484.0	gameplay	True	87.06266003415772	AF8
016	572	02	1488.0	gameplay	True	273.14049480186895	AF7
016	573	02	1492.0	gameplay	True	182.9931749758816	Fp2
016	574	02	1496.0	gameplay	True	83.54023335081871	Fp1
016	575	02	1500.0	gameplay	True	88.98784617357984	Fp2
016	576	02	1504.0	gameplay	True	81.64431352563543	Fp2
016	577	02	1508.0	gameplay	True	102.0289607938465	Fp2
016	578	02	1512.0	gameplay	True	157.90451768330968	AF7
016	579	02	1516.0	gameplay	True	287.9708393838133	Fp2
016	580	02	1520.0	gameplay	True	200.28406872760536	Fp2
016	581	02	1524.0	gameplay	True	269.7233459372865	Fp2
016	582	02	1528.0	gameplay	True	78.0641439000493	O2
016	583	02	1532.0	gameplay	True	174.55182585046413	AF8
016	584	02	1536.0	gameplay	True	129.08369774929653	AF8
016	585	02	1540.0	gameplay	True	194.4890210292033	AF7
016	586	02	1544.0	gameplay	True	147.9297482046051	AF8
016	587	02	1548.0	gameplay	True	131.70437601086357	AF8
016	588	02	1552.0	gameplay	True	156.3713375160303	AF8
016	589	02	1556.0	gameplay	True	230.35369048463352	AF7
016	590	02	1560.0	gameplay	False		
016	591	02	1564.0	gameplay	True	224.39466811358432	AF7
016	592	02	1568.0	gameplay	True	82.56496413268628	AF7
016	593	02	1572.0	gameplay	True	280.995208070442	Fp2
016	594	02	1576.0	gameplay	True	232.12067741119927	Fp2
016	595	02	1580.0	gameplay	False		
016	596	02	1584.0	gameplay	True	262.12773049373214	Fp2
016	597	02	1588.0	gameplay	True	147.07670941588628	F7
016	598	02	1592.0	gameplay	True	175.18282263985392	AF7
016	599	02	1596.0	gameplay	True	231.93568768716855	AF7
016	600	02	1600.0	gameplay	True	65.71877270811616	AF7
016	601	02	1604.0	gameplay	True	273.8696280988697	Fp2
016	602	02	1608.0	gameplay	True	259.7499612760211	Fp2
016	603	02	1612.0	gameplay	True	153.8436390568365	AF7
016	604	02	1616.0	gameplay	True	86.53712444813688	AF7
016	605	02	1620.0	gameplay	True	80.45766444812342	Fp2
016	606	02	1624.0	gameplay	True	575.2744128023346	AF3
016	607	02	1628.0	gameplay	False		
016	608	02	1632.0	gameplay	True	262.3350363013341	AF7
016	609	02	1636.0	gameplay	True	225.73063603282617	Fp2
016	610	02	1640.0	gameplay	True	236.6930612519834	AF8
016	611	02	1644.0	gameplay	True	154.18064463848168	AF7
016	612	02	1648.0	gameplay	True	165.13669564693598	AF8
016	613	02	1652.0	gameplay	True	241.302680473408	Fp2
016	614	02	1656.0	gameplay	True	278.9415005427582	Fp2
016	615	02	1660.0	gameplay	True	116.69265337855943	Fp2
016	616	02	1664.0	gameplay	False		
016	617	02	1668.0	gameplay	True	271.7857887724879	AF7
016	618	02	1672.0	gameplay	True	111.3357426077186	AF8
016	619	02	1676.0	gameplay	True	171.8025282789494	AF8
016	620	02	1680.0	gameplay	True	235.27630559116133	Fp2
016	621	02	1684.0	gameplay	True	110.81717660775806	AF8
016	622	02	1688.0	gameplay	True	256.4107123963836	Fp2
016	623	02	1692.0	gameplay	False		
016	624	02	1696.0	gameplay	True	272.903380591965	AF7
016	625	02	1700.0	gameplay	True	126.185607505192	AF7
016	626	02	1704.0	gameplay	True	151.14718973069498	AF7
016	627	02	1708.0	gameplay	True	228.88062227024264	AF7
016	628	02	1712.0	gameplay	True	153.69618957693385	AF8
016	629	02	1716.0	gameplay	True	132.56492960271285	AF8
016	630	02	1720.0	gameplay	True	125.09843026487681	AF8
016	631	02	1724.0	gameplay	True	130.9639203232245	AF8
016	632	02	1728.0	gameplay	True	195.89736884024396	T8
016	633	02	1732.0	gameplay	False		
016	634	02	1736.0	gameplay	True	169.34424547096845	AF8
016	635	02	1740.0	gameplay	False		
016	636	02	1744.0	gameplay	True	85.83987782299384	AF8
016	637	02	1748.0	gameplay	True	110.64508789030862	AF8
016	638	02	1752.0	gameplay	True	117.87788753151493	Fp2
016	639	02	1756.0	gameplay	False		
016	640	02	1760.0	gameplay	True	269.90761546003785	AF7
016	641	02	1764.0	gameplay	True	213.99709659884547	AF7
016	642	02	1768.0	gameplay	True	113.04013419163557	AF8
016	643	02	1772.0	gameplay	True	303.25770490868103	Fp2
016	644	02	1776.0	gameplay	True	232.04585966217425	AF7
016	645	02	1780.0	gameplay	True	219.2718920891519	AF7
016	646	02	1784.0	gameplay	True	102.31848513784296	Fp2
016	647	02	1788.0	gameplay	False		
016	648	02	1792.0	gameplay	True	253.13122916286096	AF7
016	649	02	1796.0	gameplay	True	225.59922759646045	AF7
016	650	02	1800.0	gameplay	False		
016	651	02	1804.0	gameplay	True	267.2715139692614	Fp2
016	652	02	1808.0	gameplay	True	251.87189793681867	AF7
016	653	02	1812.0	gameplay	True	106.30569427076699	AF7
016	654	02	1816.0	gameplay	True	252.81046988420675	Fp2
016	655	02	1820.0	gameplay	True	124.61311315714677	AF8
016	656	02	1824.0	gameplay	False		
016	657	02	1828.0	gameplay	False		
016	658	02	1832.0	gameplay	False		
016	659	02	1836.0	gameplay	True	182.760428800679	AF7
016	660	02	1840.0	gameplay	True	231.81785527041887	Fp2
016	661	02	1844.0	gameplay	True	122.74615453782427	AF8
016	662	02	1848.0	gameplay	True	111.88761504916481	Fp1
016	663	02	1852.0	gameplay	True	87.16422251454873	AF8
016	664	02	1856.0	gameplay	True	91.13472339333222	AF8
016	665	02	1860.0	gameplay	True	219.44672359710103	AF7
016	666	02	1864.0	gameplay	False		
016	667	02	1868.0	gameplay	True	245.3075859844084	AF7
016	668	02	1872.0	gameplay	False		
016	669	02	1876.0	gameplay	True	138.5408548231764	AF7
016	670	02	1880.0	gameplay	True	197.60765389784893	AF7
016	671	02	1884.0	gameplay	True	210.8828386931203	AF7
016	672	02	1888.0	gameplay	False		
016	673	02	1892.0	gameplay	False		
016	674	02	1896.0	gameplay	True	101.79553202334921	AF8
016	675	02	1900.0	gameplay	True	220.04020637143714	AF7
016	676	02	1904.0	gameplay	True	224.00820872760517	Fp2
016	677	02	1908.0	gameplay	False		
016	678	02	1912.0	gameplay	True	296.85641806872917	AF7
016	679	02	1916.0	gameplay	True	238.33894682619257	AF7
016	680	02	1920.0	gameplay	False		
016	681	02	1924.0	gameplay	False		
016	682	02	1928.0	gameplay	False		
016	683	02	1932.0	task_boundary	False		
016	684	02	1936.0	outside_inferred_tasks	False		
017	0	01	0.0	outside_inferred_tasks	True	636.9480571036361	F6
017	1	01	4.0	outside_inferred_tasks	True	182.1243816413058	CP6
017	2	01	8.0	outside_inferred_tasks	True	94.69673144346488	Fp1
017	3	01	12.0	outside_inferred_tasks	True	436.784316702831	F6
017	4	01	16.0	outside_inferred_tasks	True	212.23997446101782	FC6
017	5	01	20.0	outside_inferred_tasks	True	199.0869439016487	AF8
017	6	01	24.0	outside_inferred_tasks	True	192.57861279730884	AF7
017	7	01	28.0	outside_inferred_tasks	True	286.58170991938056	Fp1
017	8	01	32.0	outside_inferred_tasks	True	425.0646196924041	Fp1
017	9	01	36.0	outside_inferred_tasks	True	337.0700523925792	Fp1
017	10	01	40.0	outside_inferred_tasks	True	305.4719838512207	AF7
017	11	01	44.0	outside_inferred_tasks	True	604.2176647675968	CP6
017	12	01	48.0	outside_inferred_tasks	True	447.51467872837407	FT8
017	13	01	52.0	outside_inferred_tasks	True	710.8440228069206	F6
017	14	01	56.0	outside_inferred_tasks	True	603.9020827067967	FC5
017	15	01	60.0	outside_inferred_tasks	True	216.69592997962928	TP8
017	16	01	64.0	outside_inferred_tasks	True	432.03407208978507	Fp1
017	17	01	68.0	outside_inferred_tasks	True	284.954924750991	AF8
017	18	01	72.0	outside_inferred_tasks	True	330.9593037145971	Fp2
017	19	01	76.0	outside_inferred_tasks	True	213.18079321299078	Fp2
017	20	01	80.0	outside_inferred_tasks	True	359.37263379549125	F6
017	21	01	84.0	outside_inferred_tasks	True	369.0229252008644	Fp2
017	22	01	88.0	outside_inferred_tasks	True	402.80956189947665	Fp1
017	23	01	92.0	outside_inferred_tasks	True	751.9312581882784	F8
017	24	01	96.0	outside_inferred_tasks	True	156.3734278691017	F8
017	25	01	100.0	task_boundary	True	467.3735111034681	TP10
017	26	01	104.0	oddball	True	119.85264945065148	FC6
017	27	01	108.0	oddball	True	415.02613735663874	F6
017	28	01	112.0	oddball	True	143.7766643736953	CP6
017	29	01	116.0	oddball	True	75.12593633656215	FT8
017	30	01	120.0	oddball	True	321.06852284513604	Fp1
017	31	01	124.0	oddball	True	95.26870320210483	Fp1
017	32	01	128.0	oddball	True	329.06912872357736	Fp1
017	33	01	132.0	oddball	True	67.99400698845315	Fp1
017	34	01	136.0	oddball	True	277.36544723058495	Fp1
017	35	01	140.0	oddball	True	275.07760905087093	Fp1
017	36	01	144.0	oddball	True	284.57595004550814	Fp1
017	37	01	148.0	oddball	True	313.25743019991165	Fp1
017	38	01	152.0	oddball	True	96.07748010617031	Fp1
017	39	01	156.0	oddball	True	264.73577806089554	Fp1
017	40	01	160.0	oddball	True	74.23808079461467	Fp1
017	41	01	164.0	oddball	True	267.97277388903257	Fp1
017	42	01	168.0	oddball	True	79.98940260151228	Fp1
017	43	01	172.0	oddball	True	288.6530904791254	Fp1
017	44	01	176.0	oddball	True	72.31832870943663	Fp1
017	45	01	180.0	oddball	True	92.78217296100154	TP9
017	46	01	184.0	oddball	True	92.25987219171923	Fp1
017	47	01	188.0	oddball	True	107.14835715914533	Fp1
017	48	01	192.0	oddball	True	390.57910047021164	Fp1
017	49	01	196.0	oddball	True	122.67843586146702	O2
017	50	01	200.0	oddball	True	283.39316477899	Fp1
017	51	01	204.0	oddball	True	379.02921959637905	Fp1
017	52	01	208.0	oddball	True	220.40286937879424	Fp1
017	53	01	212.0	oddball	True	360.041685969948	Fp1
017	54	01	216.0	oddball	True	281.8152190820169	Fp1
017	55	01	220.0	oddball	True	83.30237176332712	C3
017	56	01	224.0	oddball	True	108.39607971509749	F8
017	57	01	228.0	oddball	True	293.45560422348944	Fp1
017	58	01	232.0	oddball	True	69.18708587181911	Fp1
017	59	01	236.0	oddball	True	78.2926213228043	Fp1
017	60	01	240.0	oddball	True	111.52568030486782	CP6
017	61	01	244.0	oddball	True	121.31349907918661	Fp1
017	62	01	248.0	oddball	True	329.28931340568494	Fp1
017	63	01	252.0	oddball	True	99.8575360265175	Fp1
017	64	01	256.0	oddball	True	265.2268899231234	Fp1
017	65	01	260.0	oddball	True	227.01218738840154	Fp1
017	66	01	264.0	oddball	True	81.47837045933856	Fp1
017	67	01	268.0	oddball	True	78.02480491137572	Fp1
017	68	01	272.0	oddball	True	91.57044581424466	Fp1
017	69	01	276.0	oddball	True	246.4415737794117	Fp1
017	70	01	280.0	oddball	True	77.8772428959624	Fp1
017	71	01	284.0	oddball	True	322.90335012342706	Fp1
017	72	01	288.0	oddball	True	269.47875895960703	Fp1
017	73	01	292.0	oddball	True	77.28196695575006	Fp1
017	74	01	296.0	oddball	True	138.75915500184047	Fp1
017	75	01	300.0	oddball	True	231.98841797785457	Fp1
017	76	01	304.0	oddball	True	102.55960816675434	Fp2
017	77	01	308.0	oddball	True	72.54300669715003	Fp1
017	78	01	312.0	oddball	True	214.0599209217026	C5
017	79	01	316.0	oddball	True	117.71889449661398	Fp1
017	80	01	320.0	oddball	True	390.2778082269115	Fp1
017	81	01	324.0	oddball	True	368.693999528461	Fp1
017	82	01	328.0	oddball	True	393.80609725321864	Fp1
017	83	01	332.0	oddball	True	328.80348099820924	Fp1
017	84	01	336.0	oddball	True	85.95488331455736	Fp1
017	85	01	340.0	oddball	True	85.89739218993705	Fp1
017	86	01	344.0	oddball	True	354.64082201047563	Fp2
017	87	01	348.0	oddball	True	237.88480309459243	Fp1
017	88	01	352.0	oddball	True	92.33350727744539	Fp1
017	89	01	356.0	oddball	True	92.4545705171385	Fp1
017	90	01	360.0	oddball	True	281.4511710208226	Fp1
017	91	01	364.0	oddball	True	313.788268114346	Fp1
017	92	01	368.0	oddball	True	277.75047982987826	Fp1
017	93	01	372.0	oddball	True	341.2035130315744	Fp1
017	94	01	376.0	oddball	True	393.94227497749705	Fp1
017	95	01	380.0	oddball	True	288.7901683305684	Fp1
017	96	01	384.0	oddball	True	373.483573357039	Fp1
017	97	01	388.0	oddball	True	109.892215501821	Fp1
017	98	01	392.0	oddball	True	472.8137502754842	F6
017	99	01	396.0	oddball	True	717.9309371303565	F6
017	100	01	400.0	oddball	True	412.8719012552127	F8
017	101	01	404.0	oddball	True	139.1239277188142	F6
017	102	01	408.0	oddball	True	278.21266853021973	Fp1
017	103	01	412.0	oddball	True	335.8180459361378	Fp2
017	104	01	416.0	oddball	True	185.59722071296636	F6
017	105	01	420.0	oddball	True	287.376670100023	FC5
017	106	01	424.0	oddball	True	366.51083249160405	Fp2
017	107	01	428.0	oddball	True	405.2199848707665	F6
017	108	01	432.0	oddball	True	159.9255291902391	F6
017	109	01	436.0	oddball	True	115.20719508626497	FC4
017	110	01	440.0	oddball	True	95.43089270901561	FC4
017	111	01	444.0	oddball	True	87.9892270111453	F6
017	112	01	448.0	oddball	True	334.73298569195714	Fp1
017	113	01	452.0	oddball	True	96.86632895031917	Fp1
017	114	01	456.0	oddball	True	316.03666601108137	Fp1
017	115	01	460.0	oddball	True	211.1401820383132	F6
017	116	01	464.0	oddball	True	192.68508115260727	CP6
017	117	01	468.0	oddball	True	130.96512198375163	Fp1
017	118	01	472.0	oddball	True	342.3007653593417	Fp2
017	119	01	476.0	oddball	True	386.8957355962883	Fp2
017	120	01	480.0	oddball	True	411.32737608585626	F6
017	121	01	484.0	oddball	True	378.85153090872495	F6
017	122	01	488.0	oddball	True	118.4747198821617	CP6
017	123	01	492.0	oddball	True	83.12517906625197	AF8
017	124	01	496.0	oddball	True	100.7617680596413	F8
017	125	01	500.0	oddball	True	92.81227851499807	Fp1
017	126	01	504.0	task_boundary	True	404.7464361175438	Fp1
017	127	01	508.0	outside_inferred_tasks	True	424.50399691685055	Fp1
017	128	01	512.0	outside_inferred_tasks	True	399.4132535193009	Fp1
017	129	01	516.0	outside_inferred_tasks	True	558.1301247883162	FT7
017	130	01	520.0	outside_inferred_tasks	True	442.7128740628353	AF8
017	131	01	524.0	outside_inferred_tasks	True	630.3857404908633	F6
017	132	01	528.0	outside_inferred_tasks	True	493.81242232506145	Fp1
017	133	01	532.0	outside_inferred_tasks	True	472.46658220860644	Fp2
017	134	01	536.0	outside_inferred_tasks	True	487.0378254897733	F6
017	135	01	540.0	outside_inferred_tasks	True	476.980955782538	Fp1
017	136	01	544.0	outside_inferred_tasks	True	383.9256581959882	FC4
017	137	01	548.0	outside_inferred_tasks	True	448.57128752327833	Fp1
017	138	01	552.0	outside_inferred_tasks	True	366.2441856294896	Fp1
017	139	01	556.0	outside_inferred_tasks	True	420.67266749798017	Fp1
017	140	01	560.0	outside_inferred_tasks	True	513.3825212050114	Fp2
017	141	01	564.0	outside_inferred_tasks	True	130.57617543705555	F8
017	142	01	568.0	outside_inferred_tasks	True	565.8235766705058	Fp1
017	143	01	572.0	outside_inferred_tasks	True	505.7292471296798	Fp2
017	144	01	576.0	outside_inferred_tasks	True	421.0333394067535	Fp1
017	145	01	580.0	outside_inferred_tasks	True	468.91572456262526	FT7
017	146	01	584.0	outside_inferred_tasks	True	322.19196254041657	Fp2
017	147	01	588.0	outside_inferred_tasks	True	388.5320578550907	Fp2
017	148	01	592.0	task_boundary	True	408.12433553074163	Fp2
017	149	01	596.0	gambling	True	509.6179947897443	FC5
017	150	01	600.0	gambling	True	280.7836905559046	FT8
017	151	01	604.0	gambling	True	347.65008428028267	F6
017	152	01	608.0	gambling	True	338.0397558143478	Fp2
017	153	01	612.0	gambling	True	329.9487146138239	Fp1
017	154	01	616.0	gambling	True	212.79788147140323	AF8
017	155	01	620.0	gambling	True	283.5646430838216	Fp1
017	156	01	624.0	gambling	True	204.92447609428018	Fp2
017	157	01	628.0	gambling	True	238.33218326368907	Fp2
017	158	01	632.0	gambling	True	228.80940189772951	Fp2
017	159	01	636.0	gambling	True	251.01556320784016	Fp2
017	160	01	640.0	gambling	True	238.1675184018377	Fp2
017	161	01	644.0	gambling	True	169.58901937777958	Fp2
017	162	01	648.0	gambling	True	386.68048005033774	FT8
017	163	01	652.0	gambling	True	279.2894205299626	Fp2
017	164	01	656.0	gambling	True	303.493628922686	Fp1
017	165	01	660.0	gambling	True	273.4916297053429	Fp2
017	166	01	664.0	gambling	True	309.1567757403671	Fp2
017	167	01	668.0	gambling	True	329.0443026985865	Fp2
017	168	01	672.0	gambling	True	367.38831243761825	Fp2
017	169	01	676.0	gambling	True	103.94980960733487	AF8
017	170	01	680.0	gambling	True	362.09856318575146	Fp2
017	171	01	684.0	gambling	True	237.50037350134522	Fp2
017	172	01	688.0	gambling	True	330.4293737772248	Fp2
017	173	01	692.0	gambling	True	224.77108737714147	FC4
017	174	01	696.0	gambling	True	340.1158514568371	Fp2
017	175	01	700.0	gambling	True	282.78285932039256	Fp2
017	176	01	704.0	gambling	True	302.18238735482083	Fp1
017	177	01	708.0	gambling	True	104.67745956919538	AF8
017	178	01	712.0	gambling	True	243.86885018675636	AF8
017	179	01	716.0	gambling	True	340.1782674184239	Fp2
017	180	01	720.0	gambling	True	321.88181993978554	Fp2
017	181	01	724.0	gambling	True	347.79309709174595	Fp2
017	182	01	728.0	gambling	True	252.65478839278617	Fp2
017	183	01	732.0	gambling	True	116.97119112279655	AF8
017	184	01	736.0	gambling	True	350.41674717769047	Fp1
017	185	01	740.0	task_boundary	True	301.9104759026198	Fp2
017	186	01	744.0	outside_inferred_tasks	True	184.87848614985842	F8
017	187	01	748.0	outside_inferred_tasks	True	567.8288257899053	Fp1
017	188	01	752.0	outside_inferred_tasks	True	634.7588486145062	TP10
017	189	02	0.0	outside_inferred_tasks	True	696.4888593366319	Fp2
017	190	02	4.0	outside_inferred_tasks	True	680.8565040321072	Fp2
017	191	02	8.0	outside_inferred_tasks	True	560.5558460487041	F6
017	192	02	12.0	outside_inferred_tasks	True	542.796248768824	FT8
017	193	02	16.0	outside_inferred_tasks	True	496.11292869978195	F6
017	194	02	20.0	outside_inferred_tasks	True	347.0070640833993	F8
017	195	02	24.0	outside_inferred_tasks	True	580.4942464356307	Fp2
017	196	02	28.0	outside_inferred_tasks	True	410.08291562042314	Fp1
017	197	02	32.0	outside_inferred_tasks	True	413.6452318336402	Fp1
017	198	02	36.0	outside_inferred_tasks	True	167.57376821764322	F6
017	199	02	40.0	outside_inferred_tasks	True	364.36611854665966	Fp1
017	200	02	44.0	outside_inferred_tasks	True	154.23767063227507	Fp2
017	201	02	48.0	outside_inferred_tasks	True	397.76588331635224	Fp1
017	202	02	52.0	outside_inferred_tasks	True	458.9793995937742	Fp2
017	203	02	56.0	outside_inferred_tasks	True	385.44056599496565	Fp2
017	204	02	60.0	outside_inferred_tasks	True	332.5329127119274	Fp1
017	205	02	64.0	outside_inferred_tasks	True	604.0524569289008	F6
017	206	02	68.0	outside_inferred_tasks	True	440.46209574576284	F8
017	207	02	72.0	outside_inferred_tasks	True	367.30035261020623	F8
017	208	02	76.0	outside_inferred_tasks	True	324.41177290703064	F8
017	209	02	80.0	outside_inferred_tasks	True	206.52406260155655	FC4
017	210	02	84.0	outside_inferred_tasks	True	347.81491024086023	F6
017	211	02	88.0	outside_inferred_tasks	True	275.3172905320758	Fp2
017	212	02	92.0	outside_inferred_tasks	True	495.91584659561306	Fp2
017	213	02	96.0	outside_inferred_tasks	True	423.47729370633806	AF7
017	214	02	100.0	outside_inferred_tasks	True	481.5259385829724	Fp1
017	215	02	104.0	task_boundary	True	227.45137716943776	AF7
017	216	02	108.0	gameplay	True	128.70586368097625	Fp1
017	217	02	112.0	gameplay	True	123.00086942161337	F8
017	218	02	116.0	gameplay	True	235.51368682431672	AF8
017	219	02	120.0	gameplay	True	299.21830623352923	AF8
017	220	02	124.0	gameplay	True	201.1373210504056	F8
017	221	02	128.0	gameplay	True	190.53411797075708	AF7
017	222	02	132.0	gameplay	True	130.48133828948934	AF8
017	223	02	136.0	gameplay	True	144.30438962514367	Fp1
017	224	02	140.0	gameplay	True	385.8531636279486	Fp2
017	225	02	144.0	gameplay	True	165.3478084358338	F8
017	226	02	148.0	gameplay	True	141.51856959353518	F8
017	227	02	152.0	gameplay	True	230.48815858765852	Fp1
017	228	02	156.0	gameplay	True	263.06237007356185	AF8
017	229	02	160.0	gameplay	True	251.07526367911728	Fp2
017	230	02	164.0	gameplay	True	196.7236171747255	AF7
017	231	02	168.0	gameplay	True	133.5899693962267	AF8
017	232	02	172.0	gameplay	True	104.26247386468145	FT10
017	233	02	176.0	gameplay	True	234.17026464024798	AF7
017	234	02	180.0	gameplay	True	348.6970204488004	Fp2
017	235	02	184.0	gameplay	True	214.28338943495046	Fp1
017	236	02	188.0	gameplay	True	218.7698819278784	AF8
017	237	02	192.0	gameplay	True	170.16297108817707	AF8
017	238	02	196.0	gameplay	True	187.02628287707768	Fp1
017	239	02	200.0	gameplay	True	136.48538925072214	AF8
017	240	02	204.0	gameplay	True	145.97730592252486	AF8
017	241	02	208.0	gameplay	True	93.76961118667923	F7
017	242	02	212.0	gameplay	True	171.26398419309612	AF8
017	243	02	216.0	gameplay	True	114.72161840651903	F8
017	244	02	220.0	gameplay	True	96.3925436434362	Fp2
017	245	02	224.0	gameplay	True	308.5054390031402	Fp2
017	246	02	228.0	gameplay	True	211.69416378608554	Fp1
017	247	02	232.0	gameplay	True	96.82112480930347	AF7
017	248	02	236.0	gameplay	True	142.8129344572572	AF8
017	249	02	240.0	gameplay	True	121.33683747639945	AF8
017	250	02	244.0	gameplay	True	297.5184776297646	Fp1
017	251	02	248.0	gameplay	True	267.8338613935894	Fp2
017	252	02	252.0	gameplay	True	94.75835010592219	F8
017	253	02	256.0	gameplay	True	173.8112635942035	AF7
017	254	02	260.0	gameplay	True	205.2775337885311	AF7
017	255	02	264.0	gameplay	True	219.83414390188403	AF8
017	256	02	268.0	gameplay	True	157.1321559250899	AF8
017	257	02	272.0	gameplay	True	290.14326406928427	Fp2
017	258	02	276.0	gameplay	True	105.0678898700163	Fp2
017	259	02	280.0	gameplay	True	118.07791490852819	Fp2
017	260	02	284.0	gameplay	True	307.18137290751434	AF7
017	261	02	288.0	gameplay	True	147.03619334963943	F8
017	262	02	292.0	gameplay	True	138.46649145011267	Fp2
017	263	02	296.0	gameplay	True	131.4697872314022	F8
017	264	02	300.0	gameplay	True	220.06922870572845	F8
017	265	02	304.0	gameplay	True	179.1298138169197	Fp1
017	266	02	308.0	gameplay	True	128.5879360119317	Fp2
017	267	02	312.0	gameplay	True	153.76943930499414	AF8
017	268	02	316.0	gameplay	True	189.6707529425472	Fp1
017	269	02	320.0	gameplay	True	137.39997423224779	AF8
017	270	02	324.0	gameplay	True	314.53258425900225	Fp2
017	271	02	328.0	gameplay	True	197.17768057243737	Fp1
017	272	02	332.0	gameplay	True	253.02052235795216	Fp1
017	273	02	336.0	gameplay	True	114.89306985383872	AF7
017	274	02	340.0	gameplay	True	466.4972222277225	F6
017	275	02	344.0	gameplay	True	218.63586381441172	F6
017	276	02	348.0	gameplay	True	200.47087797089435	Fp2
017	277	02	352.0	gameplay	True	136.13592131741626	F8
017	278	02	356.0	gameplay	True	172.33354931192218	Fp2
017	279	02	360.0	gameplay	True	148.3106685961203	AF7
017	280	02	364.0	gameplay	True	192.7524639004707	AF8
017	281	02	368.0	gameplay	True	136.93711049800376	AF8
017	282	02	372.0	gameplay	True	329.9485769635897	Fp2
017	283	02	376.0	gameplay	True	198.6222451724381	Fp1
017	284	02	380.0	gameplay	True	135.77573386256645	AF8
017	285	02	384.0	gameplay	True	233.23203194001897	AF7
017	286	02	388.0	gameplay	True	162.97446392648612	AF8
017	287	02	392.0	gameplay	True	130.0461459786162	AF8
017	288	02	396.0	gameplay	True	231.67827550435703	AF8
017	289	02	400.0	gameplay	True	326.48234481100366	Fp2
017	290	02	404.0	gameplay	True	96.91431017452078	AF8
017	291	02	408.0	gameplay	True	338.74725242708837	F6
017	292	02	412.0	gameplay	True	579.6498552435745	F6
017	293	02	416.0	gameplay	True	402.9600971572926	FT8
017	294	02	420.0	gameplay	True	482.05830247045185	F6
017	295	02	424.0	gameplay	True	426.95484839933175	F8
017	296	02	428.0	gameplay	True	381.85713099946753	F6
017	297	02	432.0	gameplay	True	238.6306224027199	AF8
017	298	02	436.0	gameplay	True	367.09243694158187	Fp2
017	299	02	440.0	gameplay	True	138.83145875854007	Fp2
017	300	02	444.0	gameplay	True	2422.3195730612147	Fp2
017	301	02	448.0	gameplay	True	149.54256400215564	AF8
017	302	02	452.0	gameplay	True	197.50908618043653	F8
017	303	02	456.0	gameplay	True	155.0765451828718	Fp1
017	304	02	460.0	gameplay	True	159.01502952393668	Fp2
017	305	02	464.0	gameplay	True	270.375022380641	AF8
017	306	02	468.0	gameplay	True	136.01571612699246	AF8
017	307	02	472.0	gameplay	True	369.14195966549283	Fp2
017	308	02	476.0	gameplay	True	111.96928763407011	AF8
017	309	02	480.0	gameplay	True	216.15991918645162	AF7
017	310	02	484.0	gameplay	True	185.53705528285698	AF8
017	311	02	488.0	gameplay	True	98.94005935650195	AF8
017	312	02	492.0	gameplay	True	270.28781081728556	F8
017	313	02	496.0	gameplay	True	354.02427587745734	FC4
017	314	02	500.0	gameplay	True	267.9820856202192	F6
017	315	02	504.0	gameplay	True	147.08023774363738	Fp1
017	316	02	508.0	gameplay	True	204.19975998510253	Fp1
017	317	02	512.0	gameplay	True	164.9910883233338	Fp2
017	318	02	516.0	gameplay	True	147.59101074443896	Fp1
017	319	02	520.0	gameplay	True	133.1713329232199	AF7
017	320	02	524.0	gameplay	True	152.93603084581443	Fp2
017	321	02	528.0	gameplay	True	138.5417783167038	AF7
017	322	02	532.0	gameplay	True	142.70357485884628	F8
017	323	02	536.0	gameplay	True	138.38277407499322	F8
017	324	02	540.0	gameplay	True	295.28470526109373	Fp2
017	325	02	544.0	gameplay	True	116.0146748539123	AF8
017	326	02	548.0	gameplay	True	334.2010032481896	FC5
017	327	02	552.0	gameplay	True	224.42855748849436	AF8
017	328	02	556.0	gameplay	True	165.5031049530093	F8
017	329	02	560.0	gameplay	True	276.94792868199295	Fp1
017	330	02	564.0	gameplay	True	145.96176901734515	Fp1
017	331	02	568.0	gameplay	True	343.8200444450254	Fp2
017	332	02	572.0	gameplay	True	251.36148764300256	AF8
017	333	02	576.0	gameplay	True	127.02365827767464	AF8
017	334	02	580.0	gameplay	True	244.7383037930458	Fp2
017	335	02	584.0	gameplay	True	179.27785434607586	AF8
017	336	02	588.0	gameplay	True	253.11336461005862	F6
017	337	02	592.0	gameplay	True	93.11235389876028	Fp1
017	338	02	596.0	gameplay	True	118.70254497239657	AF8
017	339	02	600.0	gameplay	True	121.91733903987004	Fp2
017	340	02	604.0	gameplay	True	125.66042676765669	F8
017	341	02	608.0	gameplay	True	106.0017316327118	AF8
017	342	02	612.0	gameplay	True	147.06755029898255	AF4
017	343	02	616.0	gameplay	True	244.95250626774973	Fp2
017	344	02	620.0	gameplay	True	569.878141501992	FC5
017	345	02	624.0	gameplay	True	401.5849294878475	F6
017	346	02	628.0	gameplay	True	185.77820533864391	F8
017	347	02	632.0	gameplay	True	156.4933772418209	AF8
017	348	02	636.0	gameplay	True	133.34202552474036	AF7
017	349	02	640.0	gameplay	True	192.97537184441143	Fp2
017	350	02	644.0	gameplay	True	416.2145371061455	AF7
017	351	02	648.0	gameplay	True	135.6703411976565	F8
017	352	02	652.0	gameplay	True	232.56672587425717	F8
017	353	02	656.0	gameplay	True	226.21659026322914	AF8
017	354	02	660.0	gameplay	True	190.9483520679477	AF8
017	355	02	664.0	gameplay	True	157.3671566184462	AF8
017	356	02	668.0	gameplay	True	202.1034694601055	AF7
017	357	02	672.0	gameplay	True	170.29191546512436	F8
017	358	02	676.0	gameplay	True	157.48352778834382	AF8
017	359	02	680.0	gameplay	True	196.69206927142196	AF8
017	360	02	684.0	gameplay	True	134.0272480727216	AF8
017	361	02	688.0	gameplay	True	144.5379213163193	AF7
017	362	02	692.0	gameplay	True	317.4328684056099	Fp1
017	363	02	696.0	gameplay	True	211.55224558454088	F8
017	364	02	700.0	gameplay	True	206.8926004091262	AF7
017	365	02	704.0	gameplay	True	212.580283736633	AF8
017	366	02	708.0	gameplay	True	169.67499501342232	F8
017	367	02	712.0	gameplay	True	151.9356989078002	F8
017	368	02	716.0	gameplay	True	333.742827570467	Fp1
017	369	02	720.0	gameplay	True	382.187803841225	Fp1
017	370	02	724.0	gameplay	True	299.70767904980886	F8
017	371	02	728.0	gameplay	True	200.7243493840711	F8
017	372	02	732.0	gameplay	True	206.67281294386225	F8
017	373	02	736.0	gameplay	True	197.9888226455017	Fp1
017	374	02	740.0	gameplay	True	156.73576322486545	F8
017	375	02	744.0	gameplay	True	173.9951550244889	F8
017	376	02	748.0	gameplay	True	167.12535821818642	F8
017	377	02	752.0	gameplay	True	320.1387704791928	Fp2
017	378	02	756.0	gameplay	True	125.37577777026961	F8
017	379	02	760.0	gameplay	True	188.55467158406918	F8
017	380	02	764.0	gameplay	True	165.37742565156572	F8
017	381	02	768.0	gameplay	True	208.8627618463076	CP6
017	382	02	772.0	gameplay	True	304.5575250966735	FT8
017	383	02	776.0	gameplay	True	201.5914070461703	AF7
017	384	02	780.0	gameplay	True	524.5907270948478	F6
017	385	02	784.0	gameplay	True	128.65959502765276	TP10
017	386	02	788.0	gameplay	True	228.6724694992669	Fp1
017	387	02	792.0	gameplay	True	107.2679516533389	FT10
017	388	02	796.0	gameplay	True	264.71703279062206	Fp2
017	389	02	800.0	gameplay	True	124.61871321985248	Fp2
017	390	02	804.0	gameplay	True	201.80850163925624	Fp1
017	391	02	808.0	gameplay	True	311.1897881064288	AF8
017	392	02	812.0	gameplay	True	477.832472424969	F6
017	393	02	816.0	gameplay	True	360.61761381238614	F6
017	394	02	820.0	gameplay	True	350.31289599206195	F6
017	395	02	824.0	gameplay	True	196.3224406632444	F6
017	396	02	828.0	gameplay	True	151.08302289189078	Fp1
017	397	02	832.0	gameplay	True	362.1957232778561	F8
017	398	02	836.0	gameplay	True	409.5466752254188	Fp2
017	399	02	840.0	gameplay	True	402.9291752612401	Fp1
017	400	02	844.0	gameplay	True	223.27081240740233	F8
017	401	02	848.0	gameplay	True	245.59718283496122	Fp1
017	402	02	852.0	gameplay	True	200.90193086551088	AF8
017	403	02	856.0	gameplay	True	154.2885662437601	F8
017	404	02	860.0	gameplay	True	526.0760026689936	F6
017	405	02	864.0	gameplay	True	413.64942829611925	AF7
017	406	02	868.0	gameplay	True	344.251410566564	F8
017	407	02	872.0	gameplay	True	236.96359191157404	F6
017	408	02	876.0	gameplay	True	170.36482973051983	AF8
017	409	02	880.0	gameplay	True	170.5101848511072	F8
017	410	02	884.0	gameplay	True	119.70029038908274	AF8
017	411	02	888.0	gameplay	True	161.01017710148497	AF8
017	412	02	892.0	gameplay	True	350.2794638322575	Fp2
017	413	02	896.0	gameplay	True	223.79704229831555	Fp1
017	414	02	900.0	gameplay	True	133.41162065033686	Fp2
017	415	02	904.0	gameplay	True	413.2944935601818	FT8
017	416	02	908.0	gameplay	True	467.2837514035681	F6
017	417	02	912.0	gameplay	True	376.4629579137587	F6
017	418	02	916.0	gameplay	True	216.46243974127395	F8
017	419	02	920.0	gameplay	True	165.3609919350923	Fp2
017	420	02	924.0	gameplay	True	345.1787557070013	FC5
017	421	02	928.0	gameplay	True	174.93032794768902	Fp2
017	422	02	932.0	gameplay	True	122.07712917980653	AF8
017	423	02	936.0	gameplay	True	141.20025977428688	Fp1
017	424	02	940.0	gameplay	True	215.97485278344502	AF8
017	425	02	944.0	gameplay	True	727.1513655880173	FC5
017	426	02	948.0	gameplay	True	455.77403170926533	F8
017	427	02	952.0	gameplay	True	296.87521270419785	F8
017	428	02	956.0	gameplay	True	185.48157453229325	F8
017	429	02	960.0	gameplay	True	173.323516561156	Fp2
017	430	02	964.0	gameplay	True	98.51284006249556	F8
017	431	02	968.0	gameplay	True	127.4043536350742	F8
017	432	02	972.0	gameplay	True	221.4066538645782	FC4
017	433	02	976.0	gameplay	True	174.753081667238	F6
017	434	02	980.0	gameplay	True	237.46742186926116	AF8
017	435	02	984.0	gameplay	True	192.31496370362973	Fp1
017	436	02	988.0	gameplay	True	181.34495480741742	AF8
017	437	02	992.0	gameplay	True	129.88600509136	F8
017	438	02	996.0	gameplay	True	114.03062790987941	F8
017	439	02	1000.0	gameplay	True	402.0257865445885	Fp1
017	440	02	1004.0	gameplay	True	171.51754720384466	AF8
017	441	02	1008.0	gameplay	True	502.11064073989195	FT7
017	442	02	1012.0	gameplay	True	529.8410623981287	FC5
017	443	02	1016.0	gameplay	True	209.092917928197	AF7
017	444	02	1020.0	gameplay	True	163.34735058316488	F8
017	445	02	1024.0	gameplay	True	220.4908215979008	AF8
017	446	02	1028.0	gameplay	True	259.2734520368156	AF8
017	447	02	1032.0	gameplay	True	311.6187353655387	FC5
017	448	02	1036.0	gameplay	True	439.0487046070053	F6
017	449	02	1040.0	gameplay	True	341.75555342672305	F8
017	450	02	1044.0	gameplay	True	185.911925640056	F8
017	451	02	1048.0	gameplay	True	119.35121897011891	F8
017	452	02	1052.0	gameplay	True	209.29303674167116	F8
017	453	02	1056.0	gameplay	True	165.24536843221856	AF8
017	454	02	1060.0	gameplay	True	134.7246892677816	F8
017	455	02	1064.0	gameplay	True	155.9609676735693	Fp2
017	456	02	1068.0	gameplay	True	173.21045650604606	F8
017	457	02	1072.0	gameplay	True	110.38217901237829	FC6
017	458	02	1076.0	gameplay	True	140.73564868587675	F8
017	459	02	1080.0	gameplay	True	154.15085563278762	F6
017	460	02	1084.0	gameplay	True	147.51913420510317	F8
017	461	02	1088.0	gameplay	True	228.9943611125166	Fp1
017	462	02	1092.0	gameplay	True	168.24449885273643	F8
017	463	02	1096.0	gameplay	True	278.7474281124843	Fp2
017	464	02	1100.0	gameplay	True	294.01781370120193	F8
017	465	02	1104.0	gameplay	True	721.7170387529965	F6
017	466	02	1108.0	gameplay	True	235.5745461299156	AF7
017	467	02	1112.0	gameplay	True	440.6363968725785	F8
017	468	02	1116.0	gameplay	True	543.2338848249179	F6
017	469	02	1120.0	gameplay	True	280.15262536260826	F6
017	470	02	1124.0	gameplay	True	255.4749137148322	AF7
017	471	02	1128.0	gameplay	True	343.42935109514303	Fp2
017	472	02	1132.0	gameplay	True	217.09762525702524	F8
017	473	02	1136.0	gameplay	True	529.5385114001077	FC5
017	474	02	1140.0	gameplay	True	110.52182353887062	FT10
017	475	02	1144.0	gameplay	True	409.86778158422317	F8
017	476	02	1148.0	gameplay	True	195.8272011808918	AF8
017	477	02	1152.0	gameplay	True	181.951064484885	Fp1
017	478	02	1156.0	gameplay	True	263.28618545591286	TP9
017	479	02	1160.0	gameplay	True	135.88877074005663	F8
017	480	02	1164.0	gameplay	True	119.83374365155781	AF8
017	481	02	1168.0	gameplay	True	307.44855418007387	Fp1
017	482	02	1172.0	gameplay	True	366.26776010974334	Fp2
017	483	02	1176.0	gameplay	True	209.0888512260394	AF8
017	484	02	1180.0	gameplay	True	120.4830127764163	Fp2
017	485	02	1184.0	gameplay	True	156.26312614343502	AF8
017	486	02	1188.0	gameplay	True	102.44693718418246	FT10
017	487	02	1192.0	gameplay	True	124.13963275390861	AF8
017	488	02	1196.0	gameplay	True	105.01876413870706	Fp2
017	489	02	1200.0	gameplay	True	154.1186977869474	AF8
017	490	02	1204.0	gameplay	True	187.84715981255414	F8
017	491	02	1208.0	gameplay	True	156.58870642430782	AF8
017	492	02	1212.0	gameplay	True	194.7181546727186	AF7
017	493	02	1216.0	gameplay	True	213.43083921691655	F8
017	494	02	1220.0	gameplay	True	387.98576252856196	CP6
017	495	02	1224.0	gameplay	True	223.95551238422684	CP6
017	496	02	1228.0	gameplay	True	93.85927569354192	Fp2
017	497	02	1232.0	gameplay	True	307.5512990414939	Fp1
017	498	02	1236.0	gameplay	True	171.88611582798637	F8
017	499	02	1240.0	gameplay	True	180.09437121518383	CP6
017	500	02	1244.0	gameplay	True	127.49793202252118	Fp2
017	501	02	1248.0	gameplay	True	232.6340860206582	F8
017	502	02	1252.0	gameplay	True	181.68600417001815	F8
017	503	02	1256.0	gameplay	True	218.04641673430575	Fp2
017	504	02	1260.0	gameplay	True	396.3553303196777	Fp2
017	505	02	1264.0	gameplay	True	568.3342423263748	FC5
017	506	02	1268.0	gameplay	True	296.9134209150684	FC5
017	507	02	1272.0	gameplay	True	607.0982351030569	FC5
017	508	02	1276.0	gameplay	True	152.46142922143733	Fp1
017	509	02	1280.0	gameplay	True	261.49077535382406	F8
017	510	02	1284.0	gameplay	True	227.1130441461695	AF8
017	511	02	1288.0	gameplay	True	117.49657025009796	AF8
017	512	02	1292.0	gameplay	True	172.84343648011313	F8
017	513	02	1296.0	gameplay	True	299.0280756876482	Fp1
017	514	02	1300.0	gameplay	True	193.5227884189136	AF7
017	515	02	1304.0	gameplay	True	111.99367117127468	F8
017	516	02	1308.0	gameplay	True	185.675242985932	FT10
017	517	02	1312.0	gameplay	True	198.78730728131384	Fp1
017	518	02	1316.0	gameplay	True	134.95941124297482	AF8
017	519	02	1320.0	gameplay	True	209.00743046861075	F8
017	520	02	1324.0	gameplay	True	190.3687816205325	AF7
017	521	02	1328.0	gameplay	True	230.80792939276762	F8
017	522	02	1332.0	gameplay	True	98.26975988650683	Fp2
017	523	02	1336.0	gameplay	True	95.74719976907951	AF8
017	524	02	1340.0	gameplay	True	189.75878856218992	F6
017	525	02	1344.0	gameplay	True	307.877337662921	Fp1
017	526	02	1348.0	gameplay	True	149.80769332143086	F8
017	527	02	1352.0	gameplay	True	151.2758635815443	F8
017	528	02	1356.0	gameplay	True	132.8545491349163	AF8
017	529	02	1360.0	gameplay	True	204.4450983643148	Fp2
017	530	02	1364.0	gameplay	True	141.96022758061673	FT10
017	531	02	1368.0	gameplay	True	166.38485303413057	FC5
017	532	02	1372.0	gameplay	True	396.44354138748616	F6
017	533	02	1376.0	gameplay	True	317.59878486814085	Fp2
017	534	02	1380.0	gameplay	True	146.68330348086832	F6
017	535	02	1384.0	gameplay	True	143.903648076915	FC5
017	536	02	1388.0	gameplay	True	151.03820376581413	F6
017	537	02	1392.0	gameplay	True	111.55177668668038	F8
017	538	02	1396.0	gameplay	True	410.12534995860693	FC5
017	539	02	1400.0	gameplay	True	111.16221574990875	AF8
017	540	02	1404.0	gameplay	True	160.77718311517359	FT10
017	541	02	1408.0	gameplay	True	79.10383213102615	F8
017	542	02	1412.0	gameplay	True	262.0484536018439	Fp1
017	543	02	1416.0	gameplay	True	179.75430278440814	FC4
017	544	02	1420.0	gameplay	True	107.99777195359974	F8
017	545	02	1424.0	gameplay	True	104.22327397047043	Fp1
017	546	02	1428.0	gameplay	True	119.99399923418795	Fp2
017	547	02	1432.0	gameplay	True	275.0645973971067	F6
017	548	02	1436.0	gameplay	True	499.14700153475997	F6
017	549	02	1440.0	gameplay	True	532.4537186196503	F8
017	550	02	1444.0	gameplay	True	405.46546014353663	Fp1
017	551	02	1448.0	gameplay	True	146.15299193055185	F8
017	552	02	1452.0	gameplay	True	153.18270078350594	AF8
017	553	02	1456.0	gameplay	True	173.16730818958575	F8
017	554	02	1460.0	gameplay	True	244.23286384710474	F6
017	555	02	1464.0	gameplay	True	118.54806480314886	Fp2
017	556	02	1468.0	gameplay	True	151.52992191335377	Fp2
017	557	02	1472.0	gameplay	True	206.59246776979896	F6
017	558	02	1476.0	gameplay	True	185.50593539101962	F8
017	559	02	1480.0	gameplay	True	84.41292165387777	C6
017	560	02	1484.0	gameplay	True	515.2537371746624	F6
017	561	02	1488.0	gameplay	True	132.47872888578843	AF8
017	562	02	1492.0	gameplay	True	228.47712651552027	AF7
017	563	02	1496.0	gameplay	True	164.96355012032143	F8
017	564	02	1500.0	gameplay	True	143.52840371952888	F8
017	565	02	1504.0	gameplay	True	226.41767812952065	AF7
017	566	02	1508.0	gameplay	True	146.88732147305294	F8
017	567	02	1512.0	gameplay	True	464.80445725029915	F6
017	568	02	1516.0	gameplay	True	276.29669119756477	F6
017	569	02	1520.0	gameplay	True	276.78256181264345	F6
017	570	02	1524.0	gameplay	True	241.6099540825431	FC5
017	571	02	1528.0	gameplay	True	249.00346296541176	FC5
017	572	02	1532.0	gameplay	True	408.659895582421	FC5
017	573	02	1536.0	gameplay	True	171.45004228274212	AF8
017	574	02	1540.0	gameplay	True	162.97582228123105	AF8
017	575	02	1544.0	gameplay	True	185.80493118868685	F8
017	576	02	1548.0	gameplay	True	222.1478341555901	AF7
017	577	02	1552.0	gameplay	True	330.6233058008342	AF8
017	578	02	1556.0	gameplay	True	180.10479690702923	F8
017	579	02	1560.0	gameplay	True	220.18107555199018	F8
017	580	02	1564.0	gameplay	True	167.5735926761559	Fp2
017	581	02	1568.0	gameplay	True	169.47098524562116	AF8
017	582	02	1572.0	gameplay	True	199.53126481765642	AF7
017	583	02	1576.0	gameplay	True	89.61988808293148	AF8
017	584	02	1580.0	gameplay	True	157.13719144846556	AF8
017	585	02	1584.0	gameplay	True	196.2776713628623	Fp1
017	586	02	1588.0	gameplay	True	146.24389602700836	F8
017	587	02	1592.0	gameplay	True	120.75291021215807	Fp1
017	588	02	1596.0	gameplay	True	288.79119815136295	F6
017	589	02	1600.0	gameplay	True	151.5719487042747	F8
017	590	02	1604.0	gameplay	True	200.67919865194241	AF8
017	591	02	1608.0	gameplay	True	178.70138501605672	AF8
017	592	02	1612.0	gameplay	True	114.4719577939762	AF8
017	593	02	1616.0	gameplay	True	113.51719248931693	Fp2
017	594	02	1620.0	gameplay	True	230.49834370759694	F8
017	595	02	1624.0	gameplay	True	296.61467674901604	AF8
017	596	02	1628.0	gameplay	True	128.93255969880974	Fp2
017	597	02	1632.0	gameplay	True	173.8517758891937	F8
017	598	02	1636.0	gameplay	True	143.82347095675814	AF8
017	599	02	1640.0	gameplay	True	124.43544717210598	Fp1
017	600	02	1644.0	gameplay	True	114.64958930720111	AF8
017	601	02	1648.0	gameplay	True	97.17108889268147	Fp2
017	602	02	1652.0	gameplay	True	403.7601385459503	FC4
017	603	02	1656.0	gameplay	True	684.4748059929406	FT8
017	604	02	1660.0	gameplay	True	103.07554204019377	FT10
017	605	02	1664.0	gameplay	True	140.49040178246196	AF8
017	606	02	1668.0	gameplay	True	111.38833601305481	F8
017	607	02	1672.0	gameplay	True	147.3706356489172	Fp2
017	608	02	1676.0	gameplay	True	94.03526277738325	F8
017	609	02	1680.0	gameplay	True	89.9195554908963	F8
017	610	02	1684.0	gameplay	True	216.99796246238736	AF7
017	611	02	1688.0	gameplay	True	389.61633974926116	Fp2
017	612	02	1692.0	gameplay	True	1047.0484286898645	FC5
017	613	02	1696.0	gameplay	True	390.62647918297836	F8
017	614	02	1700.0	gameplay	True	434.69761553419596	F8
017	615	02	1704.0	gameplay	True	485.404158187018	F8
017	616	02	1708.0	gameplay	True	328.81346062052785	F6
017	617	02	1712.0	gameplay	True	246.8225242527406	AF8
017	618	02	1716.0	gameplay	True	221.6190483434516	AF8
017	619	02	1720.0	gameplay	True	195.01980565841134	F8
017	620	02	1724.0	gameplay	True	227.3813469253263	Fp1
017	621	02	1728.0	gameplay	True	226.6394875707212	F8
017	622	02	1732.0	gameplay	True	193.91366520082698	F8
017	623	02	1736.0	gameplay	True	322.63756463934993	Fp2
017	624	02	1740.0	gameplay	True	214.8184347426866	AF8
017	625	02	1744.0	gameplay	True	166.6829372148747	AF8
017	626	02	1748.0	gameplay	True	231.4233546690309	F8
017	627	02	1752.0	gameplay	True	190.62041438704262	F8
017	628	02	1756.0	gameplay	True	102.26288968418632	AF8
017	629	02	1760.0	gameplay	True	161.6164316177338	AF8
017	630	02	1764.0	gameplay	True	216.96078447495825	AF7
017	631	02	1768.0	gameplay	True	489.47878909992096	AF8
017	632	02	1772.0	gameplay	True	211.72029058997236	F8
017	633	02	1776.0	gameplay	True	133.30226097178485	Fp1
017	634	02	1780.0	gameplay	True	159.64337124766737	AF8
017	635	02	1784.0	gameplay	True	204.02828934710777	F6
017	636	02	1788.0	gameplay	True	236.10560561937564	F8
017	637	02	1792.0	gameplay	True	117.45268221878267	F8
017	638	02	1796.0	gameplay	True	241.18048845888688	F8
017	639	02	1800.0	gameplay	True	176.9578167172374	AF8
017	640	02	1804.0	gameplay	True	131.27112925503786	F8
017	641	02	1808.0	gameplay	True	348.35658953076825	Fp2
017	642	02	1812.0	gameplay	True	226.13217849838816	AF8
017	643	02	1816.0	gameplay	True	197.69413691222016	F6
017	644	02	1820.0	gameplay	True	227.2409432329281	F8
017	645	02	1824.0	gameplay	True	217.5534129817631	AF8
017	646	02	1828.0	gameplay	True	184.97596690585868	AF8
017	647	02	1832.0	gameplay	True	251.00966576392403	F6
017	648	02	1836.0	gameplay	True	272.0347357400097	F8
017	649	02	1840.0	gameplay	True	262.9319070739462	AF8
017	650	02	1844.0	gameplay	True	124.30653352135305	F8
017	651	02	1848.0	gameplay	True	379.4877236087492	Fp2
017	652	02	1852.0	gameplay	True	255.7084194443968	F8
017	653	02	1856.0	gameplay	True	145.37962691326786	FC4
017	654	02	1860.0	gameplay	True	160.3404382399441	F8
017	655	02	1864.0	gameplay	True	150.29258702432398	F8
017	656	02	1868.0	gameplay	True	220.12181024721477	Fp2
017	657	02	1872.0	gameplay	True	184.170661374402	F6
017	658	02	1876.0	gameplay	True	179.75830787214284	Fp1
017	659	02	1880.0	gameplay	True	194.39147142416758	Fp2
017	660	02	1884.0	gameplay	True	167.8701931402016	F6
017	661	02	1888.0	gameplay	True	189.61289191435938	C6
017	662	02	1892.0	gameplay	True	129.47080964222158	FC4
017	663	02	1896.0	gameplay	True	377.59927286063663	F6
017	664	02	1900.0	gameplay	True	276.1056356195202	F6
